task_name,task_uuid,repeat,fold,train_rows,test_rows,train_index_sha256,test_index_sha256
bad_customer_detection,019d7366-8875-7ee1-8f3b-5ad96bdd2324,0,0,1148,575,639b218cfa0ec9f63b9b9e163f1cab3f44167881cdcf795c3a3da02ce41a5407,541f98d6b88147d4290b97dd09b3cea2c33f1488aef4a2e3d14dbfb4e3bc1e6c
bad_customer_detection,019d7366-8875-7ee1-8f3b-5ad96bdd2324,0,1,1149,574,f7b493445d3678e97705662d7378c6d61ec36285d82b8cf7693b1507f66a2766,d550a5ba7c94c9a714754a3448f96116981b9470c28205e844c3658ef338d05d
bad_customer_detection,019d7366-8875-7ee1-8f3b-5ad96bdd2324,0,2,1149,574,6195c3fda2a22453c98b7ea9282283a4a91f620b76e213dba30c0f3df4d492d8,1c58bad3b701b2a6f0c3aa9da9ffeccebdfc1ae1372cddea06ce3f810806cc4a
bad_customer_detection,019d7366-8875-7ee1-8f3b-5ad96bdd2324,1,0,1148,575,8a77b3f2834180461eb47b49bf4cfdd83d83bb9fea3080b5a96cd323821ef4a4,1b0aad6f690e59d6773d85683664f4464cbd1b5789739db02bb6437aae3aa381
bad_customer_detection,019d7366-8875-7ee1-8f3b-5ad96bdd2324,1,1,1149,574,ab4e2171d949f7c04aeb3a910938e8b62cf348eb4d8448e4f4766f653dfb5a67,32a8ea4e633eb0d457b173738bcdd18dfef8c0dc6234178af44eb3db63bf6ffc
bad_customer_detection,019d7366-8875-7ee1-8f3b-5ad96bdd2324,1,2,1149,574,c3b7be4756e3138105cc55a4c590288df5cc285e187b36fbbfe675b88edc30fd,3712f6988b2c2aaf0e7ef510cf24ac0fd8dd06bfeb3448205b470e60f5beed61
bad_customer_detection,019d7366-8875-7ee1-8f3b-5ad96bdd2324,2,0,1148,575,f10cf05558f325f359c58d597983b1b9e3e4c879c539765c312ae4f7828ac759,0d01cdbd0d5723fb06aa5c4662725700bb8436c2220b9fd540d7a14acb182eb5
bad_customer_detection,019d7366-8875-7ee1-8f3b-5ad96bdd2324,2,1,1149,574,ff0a45953673c3f8959d7866ad56f9ca6e632ca52af16affb4333f3d644aee03,e3da3259133ee81e62ab2c87ce932c80f8ff6e7c45e939082a7fbe8b4f758aa2
bad_customer_detection,019d7366-8875-7ee1-8f3b-5ad96bdd2324,2,2,1149,574,1ee103af4386c7f23367b2b740df9fec82714d23220bdbde6647b838e84a9a4d,d69a28f557a04fa091fa7a38bb77e57cbe374b9d1f7bc99d2d09f4efa341fd14
bad_customer_detection,019d7366-8875-7ee1-8f3b-5ad96bdd2324,3,0,1148,575,b0674ee4508c0b16b903467f2b1412d1070ed8998444847b4e87cc780430b3c7,00ee43c1e1b4082a60949f8e05a0c1c314d3514bcbe6867ec3e95aa36971ce35
bad_customer_detection,019d7366-8875-7ee1-8f3b-5ad96bdd2324,3,1,1149,574,f7559d4638e5e857616b948a5cd5fea3e4f17ace7363cc54a763263b612b3e10,0d7b3bb239c7a684a50a4e5bc0b7102f8a3befcfc18b2685bcf1cfe83ab9e238
bad_customer_detection,019d7366-8875-7ee1-8f3b-5ad96bdd2324,3,2,1149,574,49a148ff9a1cb459a9de7c7ed19170154ffcb45efc74ce91b3916be90cf4345e,8c089592f34697859996267765590c54f271cc9b01ea6dabebc65c5714cc763d
bad_customer_detection,019d7366-8875-7ee1-8f3b-5ad96bdd2324,4,0,1148,575,c4e3de9b4bf27cb72d13fb6eaf03d3d370e8956900b704f88ed873c51eb3aa7a,5f9eb6e666991081464774827e1cd7835389f7ec5f8584a5951648f41afb4727
bad_customer_detection,019d7366-8875-7ee1-8f3b-5ad96bdd2324,4,1,1149,574,b57d0191918f542706604e7212601688a86a95200d5e851ad0440fec4371d7c7,b050c8c328e59be82a4d8938f6ec04cb2ce1dbee2b84765c7797a3a65e0f5e3c
bad_customer_detection,019d7366-8875-7ee1-8f3b-5ad96bdd2324,4,2,1149,574,513e8cce5d25c3d320dd9318b9cbb22607752412d92c2f8bf854fffa40bd9322,18475ab75d1390d8d4c86db2b2ea5f6174c724674c38701f253d969e4a380545
bad_customer_detection,019d7366-8875-7ee1-8f3b-5ad96bdd2324,5,0,1148,575,cc08de85c360150c8146ada354d62fc38cd40922c97fe7168733d8e79bcde233,e4ea1b52b29b322827261e6f54f8af399be8cdfad33c64e00ff05186a89bf2b4
bad_customer_detection,019d7366-8875-7ee1-8f3b-5ad96bdd2324,5,1,1149,574,0d2b1b8d5981d627d8da14cb7b6c0caaf7822d54c8992524222d7298b9c60563,4972636ef84c4acf9baabb065b4007788ac5eb1e08fcfdea206bcf99f8a27c23
bad_customer_detection,019d7366-8875-7ee1-8f3b-5ad96bdd2324,5,2,1149,574,3861e4221b1489011039918fe8470fc21d223bf36d13e936e8f52efcea294363,139844d8347fbd28478028e5593b5e2ea98eca9f100b04febc18e6050ad80672
bad_customer_detection,019d7366-8875-7ee1-8f3b-5ad96bdd2324,6,0,1148,575,bd88730c313a97fa42141d1e3250290f07f2b4f4413e9d55766bcda4d0368df0,5067b684e91eb0e06e5323a086bb947ca5b37273ed36342e9088793e945ef5c6
bad_customer_detection,019d7366-8875-7ee1-8f3b-5ad96bdd2324,6,1,1149,574,d616e20b958827c004d8cf9956b20c23c05603d23446f05d004082cf40e21553,1db26550769f1717b06d7a449a313e0b3f1f11480c9a763240645afffc6e5d04
bad_customer_detection,019d7366-8875-7ee1-8f3b-5ad96bdd2324,6,2,1149,574,c213021d9596b9868288d938591229df48915a98f229f42534f14b0b15843252,410f8abb67faf813e47ace10b1ea3720cf8d31690962da33ce370f61588b524c
bad_customer_detection,019d7366-8875-7ee1-8f3b-5ad96bdd2324,7,0,1148,575,bc761a37dff01502fb308e82313b0852270e5320ab5a506ab6195812ee045388,338b75ae4f2a599d3066781e35a58e756f4917c77b199487b1fc9d85a7a416af
bad_customer_detection,019d7366-8875-7ee1-8f3b-5ad96bdd2324,7,1,1149,574,f426d3db12492ea3dd14d0f63508cbb6c2898764a9d6309b2281fa16b9c636f3,d142301d3949c6713f0ed847c0a291e65a64893a073cfe3a527bb0a360fa0022
bad_customer_detection,019d7366-8875-7ee1-8f3b-5ad96bdd2324,7,2,1149,574,e9443b101b00d9b418a9543981a60535a05fb45acb0c8145074437ae71b81dc3,70b4e17a5d8dc903e200b026ad88823f28d99d42b9c3bf241daa67036b6b4326
bad_customer_detection,019d7366-8875-7ee1-8f3b-5ad96bdd2324,8,0,1148,575,3b84b3a3e413f71e810a7d71d9833c41f12d4b6231f2cc6291ded3da31da8ad1,a5a576105e6495f46465fe20dec0aa60438f3d738e7ef7b222ae8fb965fdf52c
bad_customer_detection,019d7366-8875-7ee1-8f3b-5ad96bdd2324,8,1,1149,574,bc0882a36c5179af9279b6bf21b11308c8b851274587991aa17ffbbd7b20d4fb,9e5984f1fb0f4035b5719e4bf30628338dd1ced0af9ea0fa46cdf5c937c1a313
bad_customer_detection,019d7366-8875-7ee1-8f3b-5ad96bdd2324,8,2,1149,574,c67dc9d88bced1e251838e7c3db4b6f31ff8db6ff33bd374e62c554026babb3f,7b81986854cfe8ddf396a2ea1e908b5c6d1b579fd1bef7905616552380d25f4f
bad_customer_detection,019d7366-8875-7ee1-8f3b-5ad96bdd2324,9,0,1148,575,d996aab2bb22dfa6b5ecfb1161d9a992fe07ba0c39edf3a59a40be8ce4d72e3b,333dd308419d22c327ed118a3e06068a9f6527b957b2e1d98e6d1e64c2742bd2
bad_customer_detection,019d7366-8875-7ee1-8f3b-5ad96bdd2324,9,1,1149,574,9253004b72200d235c3bcfa9d137b95525e7fcbd21effa1e8fd588da7db2a466,b8197043b811320e45fd36e8e98d45adc620e98c1e4f7311e3b4861de96647bd
bad_customer_detection,019d7366-8875-7ee1-8f3b-5ad96bdd2324,9,2,1149,574,77a758bd566f817a9cb37fa72766611e5e75d50f44f8169fc830581492588478,b403506eb164aa03751f234e6ab4edaad870f03a2384e71d22e824ecf7c2603c
bank_customer_churn,019d7366-99cc-77cc-8d41-5c3ccc8eff96,0,0,6666,3334,7832179cf6fb3ee86887e520aa7c93fd30728426d2fb71db06c89e5203c77371,d3f16eea0b74562b97e8865a7c43263adc7afa5840d268179f33f80467f942dd
bank_customer_churn,019d7366-99cc-77cc-8d41-5c3ccc8eff96,0,1,6667,3333,6a0f6349eaf3e1b3d10a9e14a7a6caa61febd7fb2898b90b47b67f946a9a4278,ebb66b0aade62d7d8e293ba88e4a744626c0a6fe8ea2d8476cefce6c4727143f
bank_customer_churn,019d7366-99cc-77cc-8d41-5c3ccc8eff96,0,2,6667,3333,b71207553ffc9278d8a75d1751c872fda6cdd6e115ca335136bb5de95f812121,9646121cf3e5a2eade8fd77e82f56fcf989635f1de36133520daf8bdb555eef0
bank_customer_churn,019d7366-99cc-77cc-8d41-5c3ccc8eff96,1,0,6666,3334,085667767782c3d61fcb76db58283fbfcecef0f36b8d7f1389f12ceb87dbb957,9723c63df46c7c10229d83ca26f4ddcb22cd36e6ed153f4d169d98e03310c004
bank_customer_churn,019d7366-99cc-77cc-8d41-5c3ccc8eff96,1,1,6667,3333,7f2cdbe891cfa936556cca4355b0f15b0820fdff43e99223cb0d306b8eddb52b,25999f9e09de9c9c34c492397d347a68ff6f36325495f245417a18af7be15b69
bank_customer_churn,019d7366-99cc-77cc-8d41-5c3ccc8eff96,1,2,6667,3333,4858d4c119ea3b346b390f4cd00614357b95185b69423683ec48cdf388b8c4e4,9240510fc274fb4478ea31c157d2859cd33827d4353465b91ffe0d5a4d343aa0
bank_customer_churn,019d7366-99cc-77cc-8d41-5c3ccc8eff96,2,0,6666,3334,b01d4b002204352f37455c5215a1784aaa95b4a7cbdcd42ae00d681035c3be1e,8804724caf5acc77cee8afbb83c3c56d056a73dd9fdb4aa40b6fc464a97ac7bb
bank_customer_churn,019d7366-99cc-77cc-8d41-5c3ccc8eff96,2,1,6667,3333,8e4c3bca4f5ce1821e1ba1a0e24756eeae76d4264fe064aff5b73667343276e0,8a45d78b2e5dab61281bbb415ed285be2bb9b1d9046c25d59eb4e32467a496e7
bank_customer_churn,019d7366-99cc-77cc-8d41-5c3ccc8eff96,2,2,6667,3333,b022818ce79f9034b0cef24c018ef859a2aaccc1794353c8cbfae4cef51ef302,1e7a7d99ed8cc4621b07d3c969936b5aa9d1e5af588ebe1018aeaee2dd4eabcd
blood_transfusion,019d7366-d9d0-777d-b0ae-e7a5175f7f09,0,0,498,250,ce170b4b9cc69df92f9f16497a121a7f2b7bb6ad9ef576481423a388c80ee15d,266ca25fbb94fb697ff4bbf846eb03db227a8999df1fb809977204560f58e02f
blood_transfusion,019d7366-d9d0-777d-b0ae-e7a5175f7f09,0,1,499,249,7a4f0a8df6282936ffe506fea77fc25c009283975cb14033b7082eee1f43471d,0efb1a6ea534f8c3097094f43a06e68c60326380219e98f337f489f964c3655d
blood_transfusion,019d7366-d9d0-777d-b0ae-e7a5175f7f09,0,2,499,249,851a7f782a91bacdfa5b7b66fa9963a1ac69ba078a47191da0a3c8229b2797a7,d0df21864ce390228de324149f86fc552f644756a6bc2660de5da2c12561971e
blood_transfusion,019d7366-d9d0-777d-b0ae-e7a5175f7f09,1,0,498,250,e50b9f80b66e5cacdd1fba84cf70144dc838973ef778b9067784b758052f38cd,5381f59d479f59318a3d0cc6db9148343512e598590edc98fbfb11f6a4a2b6ed
blood_transfusion,019d7366-d9d0-777d-b0ae-e7a5175f7f09,1,1,499,249,c2654c11967a250f317a60657c28422d9aae5734a9ad8e0bdc91981b18a9930e,9e7fb6c5f8a6414ca815b6b4abe73e2dbf32ec9218c56cc4eb04061045e38424
blood_transfusion,019d7366-d9d0-777d-b0ae-e7a5175f7f09,1,2,499,249,2e067f399de708fc5ba7891162f0a9a9f3c0cb51fd7534d0e2e771bcbcce3ed2,6031f13eb7f8d948119c74d7a3fceb0e76daf02011db67aef1de380bf806915f
blood_transfusion,019d7366-d9d0-777d-b0ae-e7a5175f7f09,2,0,498,250,5e91515c596ece2e6e0c55eb5d5baf09530afa638c3b9bf26284970c6244a419,babbc09de7393945939657e925456383e151aa70a89cd628949cea5345a68da6
blood_transfusion,019d7366-d9d0-777d-b0ae-e7a5175f7f09,2,1,499,249,3a8c56c8b5581145fd346b09ca91dcb03e67a8d120a168e0253864d866ccc2e2,6d688cab0e4e3113fdaac448a0f7817fb1f1ae956d1182cb7f3eb58bcd94cd9b
blood_transfusion,019d7366-d9d0-777d-b0ae-e7a5175f7f09,2,2,499,249,773a0a40bb970795b973f4ffcc36dfdf03f65228b7392ce39bb2490a9579b1e8,7e56215f8be7681b6c4a4f5c83d7e836f167b56e1b2d6fcccaa247ad776e5a5b
blood_transfusion,019d7366-d9d0-777d-b0ae-e7a5175f7f09,3,0,498,250,65f0191d018c59fb4a29bf145d64d0adc99fc6dfbc436d8923d4a2751b637afb,97860da805ef2bd2fb7f2e495bdb831ce9bdf94a5f839992a35852036e3cf7c8
blood_transfusion,019d7366-d9d0-777d-b0ae-e7a5175f7f09,3,1,499,249,6d362ccd63a2c06d2c3b1ac79ffba3e760ebb7263ec8658291cc337a3459c246,b07a03e338b71f9654fdb47ae3e6be9397680e4bf1079396f7410cec56b99a51
blood_transfusion,019d7366-d9d0-777d-b0ae-e7a5175f7f09,3,2,499,249,c2a6a6272d3107bea16b6a47473c08fdac547526d201ff7782bab545dac8c67e,54281189fd940183b60fe29510f2f34ef429a40c04089fd894feabf52ce293eb
blood_transfusion,019d7366-d9d0-777d-b0ae-e7a5175f7f09,4,0,498,250,5dff09ae5a8582d315f1ead12dcf43812041d3dda3238852d5dd5686dde66f5b,926e06749400ffef8542ac40c52e23a7da1192dae58e006a06936366d24dc985
blood_transfusion,019d7366-d9d0-777d-b0ae-e7a5175f7f09,4,1,499,249,0195b62c26fbc46c390e95ac02493968653ba7ed9807f9ab84a0cab96195ff7b,d337cf4331ca3be2a73f45463cb81668876fb923c41dbfc62828ff6d723d1f64
blood_transfusion,019d7366-d9d0-777d-b0ae-e7a5175f7f09,4,2,499,249,e039c58d44df9084698a7c28b772832e97e1d10fe59e6d48af1b0b090729bf61,5696c5940a235d6fb854e60a7dca44f9fe83fd34320eaa0d1b891e50cdeef06b
blood_transfusion,019d7366-d9d0-777d-b0ae-e7a5175f7f09,5,0,498,250,f75218560cff5c3281c71659a1785e8f9264b3c2ee82ef2668acbe73543dd7bb,0a17333f5f75204283de8d2a0842fc129db47ef8edb61fcb47bbc804d5e3d860
blood_transfusion,019d7366-d9d0-777d-b0ae-e7a5175f7f09,5,1,499,249,6d5de601c81d06ae082b184c023c2b834110a51dd0424c15d3e23a301f74b9e9,5ab92896e8adb518b4df68d4577a3d7a67e41a939172a6af1c2637ccb8171bd4
blood_transfusion,019d7366-d9d0-777d-b0ae-e7a5175f7f09,5,2,499,249,b7764c9052c917eb44eb628ce2b6fcd757c42b8637d043b7f703bcbbf658fc8d,6ad8b690fb7768feb314538baf0bd3430526b77cebccfacc8a95bc1291313ca3
blood_transfusion,019d7366-d9d0-777d-b0ae-e7a5175f7f09,6,0,498,250,e460d716d7d0dd489b33ab158f22c50f86383336a1f31532acd47f240710b47e,00dd5664ba56c3c91de8a72efa6b22b405ceac5b004a7721cf142fb3f05bb9dc
blood_transfusion,019d7366-d9d0-777d-b0ae-e7a5175f7f09,6,1,499,249,d2b9cde4f31ea5e3986749555dece511c8f4f52d869d43f3fb374563de0dca40,7007c96d220c6524a63fca002544c73472036b7eb5573eaaba979e711e3e37a9
blood_transfusion,019d7366-d9d0-777d-b0ae-e7a5175f7f09,6,2,499,249,0cf17b4a0a06361717d7910e9bf0d8a65c7ad4d0c99b032aa8647e3dec4589be,8a98fee087db4f624089fa4ba60d6ceb797c31878bd921f0648b0e9cc006c229
blood_transfusion,019d7366-d9d0-777d-b0ae-e7a5175f7f09,7,0,498,250,186d26d701fc690e17cda68f4e821f9fd14e5bb5de6cd66baf96e2ca9418a093,f1fd2d9ba138ff3f8b483410fd21db7bbc64745facf954cfbea9c50bd066fd8d
blood_transfusion,019d7366-d9d0-777d-b0ae-e7a5175f7f09,7,1,499,249,f216e982c4bb956c8f4c8f29b2cc126cd3f647500873887b8f7e029c530b69ce,61c37dacafd3c51100e802846b7a0bcfd1c42fd3b0376555e409a59a50662ff9
blood_transfusion,019d7366-d9d0-777d-b0ae-e7a5175f7f09,7,2,499,249,dc09450a87a69db5296d98195d32129b433959d5697d958fd4bb861ac49ec2bb,de3555bdefd0b362998a3ff6a7053b92681e2a76907764e9738358b0772c002e
blood_transfusion,019d7366-d9d0-777d-b0ae-e7a5175f7f09,8,0,498,250,8eb58b18b173e82fbcd7e59245d7e8ec85abd4d3bae3dc478744a2a3ff11b138,77fc5a2691e42fedb7a99a082067481bc5686efe48a1ebee58298303dfc45120
blood_transfusion,019d7366-d9d0-777d-b0ae-e7a5175f7f09,8,1,499,249,8ff063ad83cd8f7bfb7fe73311af638baef15416a177664d9544bc4be3f669a9,faedf6ece9366553a40ed94be550279b5249c27f569be807d18125ba2081742d
blood_transfusion,019d7366-d9d0-777d-b0ae-e7a5175f7f09,8,2,499,249,105aa5178109fdf4232b1e39c594661084ccde86822a8143d33d943f447a91f0,7fd7ae1efaaeceebc2b40067e4843f89294970722fddf809b6e16b4eaba4babe
blood_transfusion,019d7366-d9d0-777d-b0ae-e7a5175f7f09,9,0,498,250,c4a43ac03744ba91794722a68cb2bf04a8bd63571d2cda14b07790e9ba432a38,64bad5d5bd5e8c75dbbbad4c0ced6fa35eb6bfd0dea45de758ac3c0c5e88a3e6
blood_transfusion,019d7366-d9d0-777d-b0ae-e7a5175f7f09,9,1,499,249,d0759433b3bdd1fc2c1eefa7d26872d736193e40e7ab4ffc5e7c26d1f961a87d,347cff9c0ddf8358a2e44cde1ac7db1559baf49cc7e0bf3d240922e76d9d0597
blood_transfusion,019d7366-d9d0-777d-b0ae-e7a5175f7f09,9,2,499,249,0686f9a60ae1a5321bc02decf4b4a22002a45dfbf5144f88ff36fd0b84f25d87,ab56e386645be6d3c8259af1f523aca32ed9637005cf740ba286cbbcecf7f029
blood_transfusion,019d7366-d9d0-777d-b0ae-e7a5175f7f09,10,0,498,250,6aaeb1de2cd824df1a90a604e567f4365020792f2a1d436d1abf2dff292e1df9,ddac0de45f737664c1e83bac6226fb93a38400003ba984b7b270de16364eff18
blood_transfusion,019d7366-d9d0-777d-b0ae-e7a5175f7f09,10,1,499,249,0e32a5ac95d08d16360177c62a2aeab6e91ac2fbff17f702a6d7de823a6c4c02,e272d5e5d9b5512d1b78cbf594cc69347dc39d03ef5c22b68f753cba464ea992
blood_transfusion,019d7366-d9d0-777d-b0ae-e7a5175f7f09,10,2,499,249,a291e41d2ff374abad840b147dfd6f1a9216858abfac9cefa4c3c283d22801d2,147779bac1482fad539ffedf87a7a2be9ba05fb18054b6ff7de372fb0739e81a
blood_transfusion,019d7366-d9d0-777d-b0ae-e7a5175f7f09,11,0,498,250,ac21a92944fec3affdac8ea31a58a4a3eba4bbf2545c1478f127e351e2e18711,da5b574e1030179aef1c302fc057fe239488655d682ce89eb44ab9892efe23a7
blood_transfusion,019d7366-d9d0-777d-b0ae-e7a5175f7f09,11,1,499,249,0440becaadce86dcbeffca5e46de59b5d0cb2d79f981cd3dd0fdb596e2668fa3,53965490efd5826f320e2ff94e8b5d3c2e074b4854afefd68f9debaee09d6cd8
blood_transfusion,019d7366-d9d0-777d-b0ae-e7a5175f7f09,11,2,499,249,eb50f5f165e1cc6746b97f61fe589ac2d30fafd73e5ee384bf783161aeee62e8,0cb4d717cd357c8865c2e7a5814fb5f672ff2ec067a1ea8ad6651be259b7212f
blood_transfusion,019d7366-d9d0-777d-b0ae-e7a5175f7f09,12,0,498,250,aa3580a8190a53d85edc4d8fb1e73667e52a9094513e3bf96cea6f6a113158b9,32ea5f2bafa39f05172692008d7d91dbabc3b2dc849f1333412754826e99380a
blood_transfusion,019d7366-d9d0-777d-b0ae-e7a5175f7f09,12,1,499,249,2c7e76fc463f5c9ece3ac29cdb121116ab2589bea063c1d5edac7ddcc6e12b7b,b21e7511d8a815ce891a33df29f3d9f8e6fd02048fece0e17316eaf52155530d
blood_transfusion,019d7366-d9d0-777d-b0ae-e7a5175f7f09,12,2,499,249,fa33529e1d4e03a204258d364111a5c2eaf2d2c58d19b85f1a1c31f8f70a18fe,d8378e72cbb5a4a28ce8ac824eb2f258c04cf3797bf3683c873edc350918d8b6
blood_transfusion,019d7366-d9d0-777d-b0ae-e7a5175f7f09,13,0,498,250,0054c65b002467fd7afad83f1e0d5da4113fce59e089f4a18799709700ddd410,47989730b111252eb3d805445d1c98f45abdb0df76bd4552c3559799642270f6
blood_transfusion,019d7366-d9d0-777d-b0ae-e7a5175f7f09,13,1,499,249,e77fc3edebc22117c439a9826c5298e449e18a11cea5b7abbc5ccfc4ca6a22f7,57ae2fe68ebde02cf17b8ec8b6661f5c886b0f369599f24759a2a684f248832d
blood_transfusion,019d7366-d9d0-777d-b0ae-e7a5175f7f09,13,2,499,249,fa1cb1d86356bfdc6d8c274fdcb6f41081236484e4dc1cab5c521c7ed3104d73,342b6c9f375686889aa54e4f0f59e032f89b4b6dd069073828315454e96ac60a
blood_transfusion,019d7366-d9d0-777d-b0ae-e7a5175f7f09,14,0,498,250,6240737b0d985a7457e394441e6e83b1292a12c7ab0e2ea3fe9310e9812a76ca,fc2ffd531a1b894bd50b859dd42ba1ca3e689b6bba12995440d059dea6520cca
blood_transfusion,019d7366-d9d0-777d-b0ae-e7a5175f7f09,14,1,499,249,969ee590f640d9b8e9bd757fff6d76beb460dfc309e3b77e6b5144454b507300,a3e37f5ba429e4c89c156470622130439638c4d9aa66cece9deab445c1462824
blood_transfusion,019d7366-d9d0-777d-b0ae-e7a5175f7f09,14,2,499,249,38b05ec7842468633d5f386a00d91165d6ec8ef04e9a198ceeca8ca031767396,02e50b4c2a564731af68931080e82a13512dece7692239330416eeb9bc4be9ad
blood_transfusion,019d7366-d9d0-777d-b0ae-e7a5175f7f09,15,0,498,250,044e2d730ec7b1b1da6cd9e07e5396d32850ae34e54dd0b797fdf59fb60ba105,cf6adcfb4ff5443e6fbebb49ab7e3f0693164055cb3b5844f36cb24259da2478
blood_transfusion,019d7366-d9d0-777d-b0ae-e7a5175f7f09,15,1,499,249,30a5718a3e18e9aad15c134a20fa4cb452fa8c8d3a8610a0400e8e179a779a53,e6346b274cdefc6f5d57e82fa087cb4117a3815898737b406476fe82f3088d37
blood_transfusion,019d7366-d9d0-777d-b0ae-e7a5175f7f09,15,2,499,249,77ea52f0d7ba227a538768edd59152359eee75e215f89b2b994380a7811ae4bc,defee652195937f3205eac1dae5e8abbcc653acd0bb33882e1168bc8a7df0fac
blood_transfusion,019d7366-d9d0-777d-b0ae-e7a5175f7f09,16,0,498,250,60b4dbb541a83a34c681fe7efba366f2506385d00dba2b0a618e53a0c379a3b7,54f2262f1c3bebbbeef049f1db58bfd9ff70a460376edb64e7e9d0ba0f0f7bf5
blood_transfusion,019d7366-d9d0-777d-b0ae-e7a5175f7f09,16,1,499,249,db9f671d47c11cb9c0ef1818925a01a1dcb2442a9c5225db77e38f63a3a8697b,6259fe39c4fb94b8402165296ec733e5a2ff4f7c4b4ba87a661420619e1d3d43
blood_transfusion,019d7366-d9d0-777d-b0ae-e7a5175f7f09,16,2,499,249,f0cbafab237941fb0c1d5ed4a6c5618d5c8bd82fb73a5551635b78d07b1e2706,24b7e0f1787f1620c96d3a9a6e3044f0f7fe67e41e012a3a6837fad92e3e46c5
blood_transfusion,019d7366-d9d0-777d-b0ae-e7a5175f7f09,17,0,498,250,0e458d80848a604908d1c262ea35a34d9ee97855a174fe7d00468947a69bc249,b7c12ec31ae130de60bdd6a724036535281e1e4d70476c66cb9b881d2e535167
blood_transfusion,019d7366-d9d0-777d-b0ae-e7a5175f7f09,17,1,499,249,d50f92b3b3d58e5316c36ae578486e0ae700c9a163d6f54b9eced94ce1a11547,79bbb39ff50507889b79189533d261f4d99e59eb5bc0507e50b963c91e4e20b7
blood_transfusion,019d7366-d9d0-777d-b0ae-e7a5175f7f09,17,2,499,249,6d17b91d75ee3bf92d5746f1a4fa932c0bbeb8516538c800b960117f87a814e2,a091c98b838bb1682b9be9032033162678f229d7b50f259cf5a434d24ae3c9ca
blood_transfusion,019d7366-d9d0-777d-b0ae-e7a5175f7f09,18,0,498,250,63a283deb6a0376654bf06c711b1e6706054b6b833f52018ebfcfb5b0998f346,6857213002f039b951df1689e917ef06ac3f98986b1926f92d33d5a7781ac863
blood_transfusion,019d7366-d9d0-777d-b0ae-e7a5175f7f09,18,1,499,249,7f431075d4c6947eb13b1de4a420d36f2215cb50e5c87470e78e527ae90cead9,ab22b2934316a3e19c87fac7177c25be908b36faea1b2e5ace4b4988fcb745d2
blood_transfusion,019d7366-d9d0-777d-b0ae-e7a5175f7f09,18,2,499,249,c3a781cda5801ba50d4f7d30fbdd6ac2fbdea7f6c526843dc998361c0d6e1ea7,fdb2de7586e782c77132b9c6cc95278447d9f91b5af89b408d20a410812ad81b
blood_transfusion,019d7366-d9d0-777d-b0ae-e7a5175f7f09,19,0,498,250,9e4d6fa53532771efde724f0a64f1b9fc335becabcf0852966de2bb43b62cc12,d37ce17782f7783972a914d9bdfe7bc0918bbe7d6195a30d0d789a5c01b8913e
blood_transfusion,019d7366-d9d0-777d-b0ae-e7a5175f7f09,19,1,499,249,e26f7c3855a246f7e8c23cb2c27c9caffb4ddb04bba7ce19945b9705a3410f0f,9a148f4a4f43a7a127a111a0661f79ac0c523e93972debe17351a135b1df074c
blood_transfusion,019d7366-d9d0-777d-b0ae-e7a5175f7f09,19,2,499,249,d601c63956c6c3f00242e91206f5cf1b202400b2554ac09b3d4cc73b1e23f065,0e23bb90097b20af41ec98c01facc916d4d5556c59fb4d4604fb750ae9f4f5a3
churn,019d7366-eb2d-72f9-9998-72dfc5b6cc79,0,0,3333,1667,81719ceaba738c6b896ec5e0652f0cbcd269941d2afc6d35638715aeed945a8f,dfdde6e94e14b2d00b072649d44f94a6f40d447467accc9e42d18236dc815a10
churn,019d7366-eb2d-72f9-9998-72dfc5b6cc79,0,1,3333,1667,11fe8d7a816d02c394ddd3e66c14bc98d5e6290a41d58063ef19df8cbb4fb22a,6028e4a4c5ea07aed90fcc4b8e74266e98de7599379523bd787cfb0897a36094
churn,019d7366-eb2d-72f9-9998-72dfc5b6cc79,0,2,3334,1666,b0e245f86245c1e5700baac2c769dc1e1d1e23dd631605db7477988d2a60c4c7,7be65a4a4ced2fb4806054fbffbf575abdc5eb01de1effac5d570cc177df4e1a
churn,019d7366-eb2d-72f9-9998-72dfc5b6cc79,1,0,3333,1667,3e779fdc0a778b4e027788b28e590ed1c31511df333edf60b68754ce83d03385,4ef0b3f627746fee93161f68453196da7511f63045376eb65346d32ad072c5df
churn,019d7366-eb2d-72f9-9998-72dfc5b6cc79,1,1,3333,1667,85f9c390ad05c6a767518c0c7a6d3043209088cc42bfafd47bae90937352aaf6,85b3f3bcef0a02684c473813cf2aaf02478acf7541e1b70cf20015c5c3ac5d1c
churn,019d7366-eb2d-72f9-9998-72dfc5b6cc79,1,2,3334,1666,11ac68a69b0b2105dd24b9928f90403c5e5c2b883dcf8848fdda24d65cdcacf2,ae03f159ad34cdd89d051594f2e86c55a63b349c3d6fad789c41ae83b7d3a149
churn,019d7366-eb2d-72f9-9998-72dfc5b6cc79,2,0,3333,1667,3a8870c7c990e50ea67e4de96c266e4a670d45d857200a1dca41f02f8ff3552e,cc4a7cc18945bb974fa56a919b046eb604d86aec59116e47a9bfebbe51b12794
churn,019d7366-eb2d-72f9-9998-72dfc5b6cc79,2,1,3333,1667,c80cdcb24f0f48d5399db83bd8e1c08c39c1ecbcc697a536bdba447eb846906b,a7504b0a904c9330f3fde55edf17d1be37cbd7b23147897a47f3fc86bbd8c6ba
churn,019d7366-eb2d-72f9-9998-72dfc5b6cc79,2,2,3334,1666,0da5840ac769b6f9625155a547c95b808487b8036bf7e12a329a1faed36fa686,7abcf666d6577a2fc136aaee03762cc79d8982a4d35c477281d0082ae1a2ef26
credit_approval,019d736a-a27c-7c85-90c5-ca1d5dc849bd,0,0,460,230,10e054e4ad5aa8f6a3f69db8bf6d57d1d762a57a013c0167115998d3f79bc495,675fb381b2c7df5d86f91b56eaf2604d9f55a73ccc31b7e192286fde690be333
credit_approval,019d736a-a27c-7c85-90c5-ca1d5dc849bd,0,1,460,230,a4828407fdeebc2834ccf75d34b6f814386073cc095f1a194e16baacfb31d250,cc62884d3ea5a22114662afd8fd5b78e1c5c8285457d11a76b2fa1ab299c6932
credit_approval,019d736a-a27c-7c85-90c5-ca1d5dc849bd,0,2,460,230,4c981fb7e64c54c7c16bb67452466785dc795f97e1140d0a7606f35c381d9a08,31174419f6d9fa0e7cd3ac8a689447d56bf7051bceaa62a3cc49982b1ab6a54b
credit_approval,019d736a-a27c-7c85-90c5-ca1d5dc849bd,1,0,460,230,215270af8c1e1f847f735f0c49f35baa7a85f13c85ba45daaac43fdba64fa3d3,ad90546da8ace4c9fa27e57767c048647208bebe9a2af16e09de939cca9fe825
credit_approval,019d736a-a27c-7c85-90c5-ca1d5dc849bd,1,1,460,230,c938bc9d0f41870b4f171fb5b5c25cf8e55e160f2cba19b46ba24de33619efb8,1c6c9b8860fa20f884ed6173d145ff89f749eed2db44ccc31fc3da0d4ec40477
credit_approval,019d736a-a27c-7c85-90c5-ca1d5dc849bd,1,2,460,230,9c1e47826f31c542c0ee8f37a3f89346a396e1e4b4ab09b4912c294ff6d91021,713c5f370346e7844f66dee7bd732e8c995287ced37f1ef29d6c8d27d73ea6c5
credit_approval,019d736a-a27c-7c85-90c5-ca1d5dc849bd,2,0,460,230,d988bab85bf01ec4400e0b6022ca093bf4cb419a374bfcdeeb8cd9491a55dc09,529ac9c4b75a22c35512ec9731d8e0f136907b4a487c4992712b9c96847e8c2f
credit_approval,019d736a-a27c-7c85-90c5-ca1d5dc849bd,2,1,460,230,ad87acb1594b6f40143b598694c06d7805b5826cb8e632a815e641ee22b1c1ea,9ae53f734a6c6e462f3eb2a2595a22f0cd0f611349fff1c4234bbec52b87faef
credit_approval,019d736a-a27c-7c85-90c5-ca1d5dc849bd,2,2,460,230,ffbdda3cd1aab7708b862627a04d7f12cff6fd11d48ec9292b8b9697564c13e4,d709e7c9d30192d409e58f6cc21d177cfb7b4c6075bac10d312c51c15d09382b
credit_approval,019d736a-a27c-7c85-90c5-ca1d5dc849bd,3,0,460,230,226d9447c3a2d647ccb01d04d1a31fbd119113db9510f4b7a1d2f5242b1420e3,9fb4c4f60c9d9036a76f4b010060804f9c8039d4ec8f9a445d9ad0ef373f87be
credit_approval,019d736a-a27c-7c85-90c5-ca1d5dc849bd,3,1,460,230,2dd8b75401e5906c2d77cae7a6fc379d8a9efea39b9089b83bc47af0f428fd89,6281efa0fcf6ce0675cef0d01eec9ba94254e9c18cb825fe15fbb88731daceff
credit_approval,019d736a-a27c-7c85-90c5-ca1d5dc849bd,3,2,460,230,33e3f15dd02f91ba645b695f1d77c3f6061a302e21e5b82370c67e0004fe6020,ea73ed5e1a857306e77abb8debeb6d9f7ade8d4edd6098a7dea75a0a19ac16ae
credit_approval,019d736a-a27c-7c85-90c5-ca1d5dc849bd,4,0,460,230,13d2d0f2e877d2fe57b2713a799d680facd6439c9fdb6a93966adcea2a902ebe,c7e385c4d7f7011d6fd4db697da41c88c06c9ce1bf66245886e20c5d9602d946
credit_approval,019d736a-a27c-7c85-90c5-ca1d5dc849bd,4,1,460,230,4807820d69d902edddaac4ea50c6243b737e58e159346b419dce60d708ce0ab5,1b7b75d19cbbffa7ea07b8385c88ee905d2ac87b3a482123a8f70c2e69ea1c74
credit_approval,019d736a-a27c-7c85-90c5-ca1d5dc849bd,4,2,460,230,4e08826f3afa39ce33404a0592a82454ac1a86c9c43493980f9eb6eb16eb0bb8,6a47891732f28830cd4389946a58e6da9831b90fcfe1b53e148afb338d38ebea
credit_approval,019d736a-a27c-7c85-90c5-ca1d5dc849bd,5,0,460,230,fa58abaacc94313c4d28b07a4a8096bdf6d4fc6d8ce78c479838783de4b6e8db,19d5f180201416c2a8454c5b127a36e71a72a2e43b82d254f9bcb6c0cd6daa2b
credit_approval,019d736a-a27c-7c85-90c5-ca1d5dc849bd,5,1,460,230,4a865165d5d61d0336019ab2da7a20b08513c3f2ed17b346ecbea7f64ba76017,49521211fea21feea41d11867c031d202fc5b46990758c202bd4c36c91ce6137
credit_approval,019d736a-a27c-7c85-90c5-ca1d5dc849bd,5,2,460,230,aa339541128f58fff1b7a827670f769e72e02b42c8d55ab0bce27ac1b52d689d,c37a34ba7a6768a62fcd8e55b4c5b9c70cb83f896ae612f3e8e9241f4355f379
credit_approval,019d736a-a27c-7c85-90c5-ca1d5dc849bd,6,0,460,230,9c20df453b14ec0fa26bafb6aa23a3c860039ddaacd16bb854f512c969c6c79c,937cb4b3b04ca655c5e0b0bf5c51e4b26a7571acd28bd42a702bff6ebaed47e0
credit_approval,019d736a-a27c-7c85-90c5-ca1d5dc849bd,6,1,460,230,232f74c5c0a51499d31651cc682e31ea954bcbcbd99850c74b9707b487b7ab30,26e78b296166ee7c699b83dcfb47677c528de63023b5d4a25b4fe503d8fe855b
credit_approval,019d736a-a27c-7c85-90c5-ca1d5dc849bd,6,2,460,230,c8696c236c18fddc7aae7c034a133475fbd24e2934cc9302c73f47685f32fc49,46e40852e7ef48cc6bf10918a742303c4bf52fc2ddf26e21e2bd4a738179ccac
credit_approval,019d736a-a27c-7c85-90c5-ca1d5dc849bd,7,0,460,230,7a7c180b8d85c6ad65d31d2f063705f829bfedc604be59027d26388ac8d2b911,986bcf365a57b1f3a1205be06af27f217810edc8eb1597284fb18afe0586951b
credit_approval,019d736a-a27c-7c85-90c5-ca1d5dc849bd,7,1,460,230,d81ec1c32f1f64015ac3784af7ded62202c06ecd95419daf42ee5728271a9f8a,b8a3ffbc5375da6bb49964a0d5be912d61a45a85c0700ef90c4dc235b97fafe3
credit_approval,019d736a-a27c-7c85-90c5-ca1d5dc849bd,7,2,460,230,a146fbf76a34760a78b6170190dc557a3c7279f2f82d920e7f932d12e7bce556,78ab0aabc38c77538f432dcf666108086a8e9f5206c36468e304376ea66a407c
credit_approval,019d736a-a27c-7c85-90c5-ca1d5dc849bd,8,0,460,230,d2f472b2977aa49310e7038559df34e031d0384339d87d590a55dd109e8d4c4f,0ca80a5feb6bf268a057431ccb6e5a839b0c18e0a07fcec52b9ea3f8e05ad369
credit_approval,019d736a-a27c-7c85-90c5-ca1d5dc849bd,8,1,460,230,6a881fd13eec547e92c40ebc4da815e07fa18a4518994ad4e9fab48e5495bb08,fa12c2700bc8013f920701de1dca1631394e28ef1a1211225ffb137ccaea6635
credit_approval,019d736a-a27c-7c85-90c5-ca1d5dc849bd,8,2,460,230,08b86ad75af84c19976b5642f6f888d234a5807f4cf9e26c3336d7639c48601d,b7385b125fe995c1ccd0e013e5b379659198d62592adb275dcfccecff8dee07b
credit_approval,019d736a-a27c-7c85-90c5-ca1d5dc849bd,9,0,460,230,e3676fad80838e3fbd8e47412fa26856fd9b8265220c23593032ef6a8f9ef103,844d82f41a2916f04a0859d365920d96fb780af83c94dd59a8bad32e3fc8b755
credit_approval,019d736a-a27c-7c85-90c5-ca1d5dc849bd,9,1,460,230,169023989be596a187b7fc474c1eae3fbb20d66995ca77b3cd4d28789d4c6858,cc469649ca33343c48abc6f61ba739068145288750d212aad50d47d4fb3e83b2
credit_approval,019d736a-a27c-7c85-90c5-ca1d5dc849bd,9,2,460,230,1f9cc4a23c65fea119e6591656a21ac67599082c5879a7c564d6552ff4358114,6aa6cf6cd3ccb928b1522bac53e19b6b41ff46e11a847dd8dedc1797b4cba7fb
credit_approval,019d736a-a27c-7c85-90c5-ca1d5dc849bd,10,0,460,230,60584036f9df7f11d90fafa1778b954746bf2ec0d009652c9050cc1d111b5a5f,c220bc1f690c0640cd047bacab1b4b93f5335daa98f88640e26cd935096677ea
credit_approval,019d736a-a27c-7c85-90c5-ca1d5dc849bd,10,1,460,230,31c2da18352c6d47f7a8e2a2047471926cb0158fbd4b3fa0bc75182845096a45,3b9b821c01ec425f9d2d16de41ae1c3dacc76527ad8e2e3e48c2d922165f7f1c
credit_approval,019d736a-a27c-7c85-90c5-ca1d5dc849bd,10,2,460,230,156268820ec40a7a6ac0d305d9468bd0d7150cde94b5ea58db4d295549950fc0,347a07baaaf7592845d69a70897289466a013ae4f030aa987e2e68c0cece9a3d
credit_approval,019d736a-a27c-7c85-90c5-ca1d5dc849bd,11,0,460,230,10c7a7d4a3a8d1fd252c8cbe3bf47fc85ba4addaa88c25c15d86717883c1cc39,ae484382e19467ece2ccb02ea3b0f0ea15f154a745fa9611ed61252fdc204e31
credit_approval,019d736a-a27c-7c85-90c5-ca1d5dc849bd,11,1,460,230,11dcc64405f328e2a0019458e979050d7d6c86ec5a97953cb79c64d982593091,faeaf7a1084c51c76c8d86cb362ec85d9bf928ac252327e2c860dd1dff6b22fa
credit_approval,019d736a-a27c-7c85-90c5-ca1d5dc849bd,11,2,460,230,591a0df87da7e5ff285a4a768854551e6d06686016d6c5d5b7acd6398e7456b4,398bd39a79f719e0ef629278cb46a8e5b5309c09eb459e0fa222744d20ea2db8
credit_approval,019d736a-a27c-7c85-90c5-ca1d5dc849bd,12,0,460,230,4030ebf0225ed8dc18bbc7a0442b2b822d55f43228b4152eeac005150128e582,d9f080c389e0338f8cd0855457f6fd95b9562243602cba002d96643c5948923b
credit_approval,019d736a-a27c-7c85-90c5-ca1d5dc849bd,12,1,460,230,de63276b95011a1c271adfc4ace97eb5eca1c0088f3409bf01e7d48ea9f06e3f,2b75865e0ab99607090051d25bc621378868293ae22791c0d052efe5ced74a0f
credit_approval,019d736a-a27c-7c85-90c5-ca1d5dc849bd,12,2,460,230,214e196a136a424b176dc6dbccb1ab381ebda4f8bbf1328acb470ed73ce2e379,ffd8009e36870d6a1f3117ee71c647ea04c07b7bf24dba633b6eb50cab36fda0
credit_approval,019d736a-a27c-7c85-90c5-ca1d5dc849bd,13,0,460,230,b0624206e9228774608d708485d56d57735cb4941906fa19114130aac274427a,81031d3b522f506d64a18abcbc69799c5ef455a3129dca21e8221c24a7c3b384
credit_approval,019d736a-a27c-7c85-90c5-ca1d5dc849bd,13,1,460,230,a556d8b418d9a9fdf46680476f63d39723d4dc3323c4ed72bc5d2c41a712de55,e27e4e9634941a5e4f62f182a86d6b2b79b08ad795acd778747ce8db338b869e
credit_approval,019d736a-a27c-7c85-90c5-ca1d5dc849bd,13,2,460,230,7398e415ded667e45db68ffba469543cff21c50cb993b7ceadf9c9ed956f19b7,e7bf8d6c214636dc9296e0dfed34ba0e6f59a53d4c008dfb3cd76c7dbe0c03e8
credit_approval,019d736a-a27c-7c85-90c5-ca1d5dc849bd,14,0,460,230,6333486f1d86231ed63a4f12e057109f0594f15304682eca75cb0833f73c0efd,baea9ff811cd2b0a2ed68a4d92fc2b9b7cfb73e952f50ddc20cd0d0c929410c9
credit_approval,019d736a-a27c-7c85-90c5-ca1d5dc849bd,14,1,460,230,bcbe5527fcb015ef29e0af343210653a7f3e22e758e0d52c7b715a5d4b6ccde9,681a32c23af3dafee30c61416cb3f12f1b65a77e61ddba1d6bf2c78ebd3735bd
credit_approval,019d736a-a27c-7c85-90c5-ca1d5dc849bd,14,2,460,230,ba6cad9579ddb74a48256464822cb9449225bbf9f5c4973f68ee084572ccd1a5,f177a79295195d818a2a1ebff52530bae613715c28399ce2959c5457e8b719a0
credit_approval,019d736a-a27c-7c85-90c5-ca1d5dc849bd,15,0,460,230,2093a4470cf29dce51e13058c9b92e599589578f2e3cc80290cec2e10d985404,078217c0e41cbfaae3f442d0636b76ac6a07eceacf1bd1150a8eec786bfba687
credit_approval,019d736a-a27c-7c85-90c5-ca1d5dc849bd,15,1,460,230,d4fab828da05e30eca92db18a8b8fe14888b76a37180c085a1143c80b800f9b3,e948aec006bf69067e95fecbc9b9186df061d2aecc934f0e456139c22bc23637
credit_approval,019d736a-a27c-7c85-90c5-ca1d5dc849bd,15,2,460,230,b383b441e4d8951b9d45b44a27a8e5494265ddde32405781de1555fa8d11e45c,2fb838a4b8e2f0198dea9cf0fb09a6164d80dcf998d339b09e0ca3484cc45117
credit_approval,019d736a-a27c-7c85-90c5-ca1d5dc849bd,16,0,460,230,6666b75c07ca7bfeed3bc8ccc7bab86d1e23ef652109938e07eb8f4984887ffb,26f9091b4358471175411c14f3575435a4ad4b351888cc964f34057f6b0da084
credit_approval,019d736a-a27c-7c85-90c5-ca1d5dc849bd,16,1,460,230,329886803004d90d3f153b32c2c7248122378f07c2a95c85c142d554c7957fc2,eea1f9b9e7198b5d4ef4dac40caf115a46296edc393a25014643bc32dd9d5f21
credit_approval,019d736a-a27c-7c85-90c5-ca1d5dc849bd,16,2,460,230,d35187b36f6c1e8198a98981b4e5c0df875a65907923c981440fc0672ad694aa,537e754edfb143abbfa84410205416ae516b71139cf116e3c56edf6d71a70d6f
credit_approval,019d736a-a27c-7c85-90c5-ca1d5dc849bd,17,0,460,230,294ebe1931023f071bbb1c845c83a0234531d89feb20af1b351fb4271c25f9a1,e6437e49ffefa9140804bb9e1550d52ed09235d8b11da73bfd995063f7edee93
credit_approval,019d736a-a27c-7c85-90c5-ca1d5dc849bd,17,1,460,230,3c5eac312323ad8e31ee7e07a8959d104a2b3373ed78f177fad412a22001f2a8,22887d1c9157976f75fad728e41cb3923010c6fe09b04b1706fcf953f12b30d9
credit_approval,019d736a-a27c-7c85-90c5-ca1d5dc849bd,17,2,460,230,1abd3588d0278679333bd2a23d25e14575313ea939099644ae3d2c78ef538d32,052c74c2bd39d203135f232a2b72c70e464136c1caa451478b8ecbe8c81f6d51
credit_approval,019d736a-a27c-7c85-90c5-ca1d5dc849bd,18,0,460,230,7a293ef147b7e7be1ecfe14801a53c992a27d288f020560f0ee5efa8c7e85f00,af7e34ce8648d5de6c07cee9e54ebc49806d6119658af00146595c1fff0e0936
credit_approval,019d736a-a27c-7c85-90c5-ca1d5dc849bd,18,1,460,230,04eb9d4ea762a791c732a63f3e92e825331ce78569a33b69d494d0939fcdb928,39df3a595370831186a2418a62a56dc59c067ef510065dbf3a7bf0cd72e704f5
credit_approval,019d736a-a27c-7c85-90c5-ca1d5dc849bd,18,2,460,230,9cdbfb8c766edf2a527c4546d6d9ee2bc7ef8d87ec5ee414f4248504d598b057,8427074837ed78ae4a2e73594a8b488adb461059893621436137c226d36ab3e4
credit_approval,019d736a-a27c-7c85-90c5-ca1d5dc849bd,19,0,460,230,00a4ada957a11ca6339f8a51100a65b027838d7e95bc389d58e17c2db7266f6a,08205e335158dc19faede77ea94c70e3589b7737b222b121bec1db66c31cde28
credit_approval,019d736a-a27c-7c85-90c5-ca1d5dc849bd,19,1,460,230,f889614ec417bcad120a10ae345105c57913d02937120ed98ef07940a7b769f2,775495c3caebf583f646acbb89e834f36c79956d3dc452e3512b6f7959a48981
credit_approval,019d736a-a27c-7c85-90c5-ca1d5dc849bd,19,2,460,230,0bd0ee7dee09dc6bd32bc9c1e0724becfcfdf4eb9de2e3c27a4c50bb010585ab,5aeaba77895bc45e849222d74517d07b7d4c16284fec50bf9d49454805906080
credit_g,019d7367-39a7-7335-8448-2dc9b2872361,0,0,666,334,1e186f663446cf401b25de6f3aaba16b8d5497ae1243a1d3eb127057d05d9be6,cd208d0273d9854f6d4f87edf29f8a78dafbb2d5ce8ba7806c59649fa7101cce
credit_g,019d7367-39a7-7335-8448-2dc9b2872361,0,1,667,333,275ce922dd457ed5c8bf4958482334d7411ac4b0af81231f8c4017ad5de561a2,c67c112d2614acb8056ef3e35cdd958290efe4ab7a56eb0261877a3aa8007c72
credit_g,019d7367-39a7-7335-8448-2dc9b2872361,0,2,667,333,036b247a0466d060d3717399da9ce1b86092c1859a8788fa7eccc0f0fb02476f,029a9ef0779a20dc25e5fd046136f6066d253e511fa08780a904dbca5b21eb32
credit_g,019d7367-39a7-7335-8448-2dc9b2872361,1,0,666,334,5afda766093d3efa9f152322dd849677da9b5509bda23d607cd22f117b0574c4,5ad6b328923bde41d0f54646f826c76e2db9389f519a6d3d4ed240e2ced74092
credit_g,019d7367-39a7-7335-8448-2dc9b2872361,1,1,667,333,81f507de6b7419ec7b23259b53b3d91bf6f9a8e2e39f390ff10e9793506ebbd2,3ab82154fe79a5775deda49db8d24ca5a3085cf8db5321891f7ff16adce1ea3c
credit_g,019d7367-39a7-7335-8448-2dc9b2872361,1,2,667,333,dbb1e36667ff1ea4c6dff43e1416b475cf3aac2070b858d475d2681bb08b0825,e907b37e75ed884f986abe82ab7b82064263c7309e3bf9494050f76ae120c80f
credit_g,019d7367-39a7-7335-8448-2dc9b2872361,2,0,666,334,ddf7d33b649b55d0ed19916b22d5766d5990d8a2abd9e7cfc9a4dd442836c878,695a123d8dda96c7b00b2f68a8fdd1b56948ee48c45b677363ffb4f2ec5f0b2b
credit_g,019d7367-39a7-7335-8448-2dc9b2872361,2,1,667,333,ed68ca7867370f62b6f79f163bcb5c9db33dff8386f133e3dda62263fcb3dddc,ca2bd4326eaaeb3c04c376bdb030faea067b9bed8fd98c94f98ba90ba6f2f4a0
credit_g,019d7367-39a7-7335-8448-2dc9b2872361,2,2,667,333,de8b5387c9bf6892459901cbd0112fd6f18f5db3cdb188b8ab0b0bc4bccc223e,5c95642ffad4012e43ae593cd3c64d12f91d736338de7b511ce3a66b94ecfeef
credit_g,019d7367-39a7-7335-8448-2dc9b2872361,3,0,666,334,7dc2b74a0f6e0c6bd8a65f35c7231110080fce76b0cb7ec7e67dbba121321eac,82e19f97bfd2f2e51fa875b2b8ca078d2a5a572ceff078d1e21b01f22d658f68
credit_g,019d7367-39a7-7335-8448-2dc9b2872361,3,1,667,333,948c8df27688f13bc02ef3c54de67f1e251903d0fcdc17576fd8aeb99b8ab097,de769a503963cb6f26b7add16c63f526ba40ca7f38ddeb9ab83c94e0e1ae2225
credit_g,019d7367-39a7-7335-8448-2dc9b2872361,3,2,667,333,387c5a552bf424d662aeb8bff14e80445933eb579bb085cbd9894dcb49785815,5d5af433773c84303a70853aa1ca6d46f391726260f21ff7f31ae45c476a17c5
credit_g,019d7367-39a7-7335-8448-2dc9b2872361,4,0,666,334,0281d32dd29bf02972140efe5f6930da3f85d5fd3fb986f9300dd957047bf058,39abddd5023339e8c100c1ccae84398d497d55e0b47ef0f74cafee66790763d1
credit_g,019d7367-39a7-7335-8448-2dc9b2872361,4,1,667,333,48311ef7453bf4d8b591003662ab51e08f674f110c8ac9ed81c8b2e71fb67741,cd5ace5a16e50d3374af3fdf1340a71b7213d0ef98862bf71d556507131a2e06
credit_g,019d7367-39a7-7335-8448-2dc9b2872361,4,2,667,333,34759695f2b259277960e55f5918e738fb8f81b68ca3732037ffa677a9e2c3d2,4eac2aeabd7c911c40a6a6e3a74a4bb31eb96938730260978330bcfc786830b4
credit_g,019d7367-39a7-7335-8448-2dc9b2872361,5,0,666,334,c3d745cc9f1acff650b98ae030e2d3bf12b009b6d7999302394f609bb55e0551,701f75c50286f8861dffa720f92e45bca650d9a21c9d8632831da6a708bceb48
credit_g,019d7367-39a7-7335-8448-2dc9b2872361,5,1,667,333,4de45c5a39dd803690b7fb52e0a4047098e6ce1bdf307bfb30625bf955b660d9,20ad0e0c93765b51854b4f39f1db4fc45fbc73d28a2759e9b6c103cbfd12765c
credit_g,019d7367-39a7-7335-8448-2dc9b2872361,5,2,667,333,49089bb12d703b4f02d45b2a0c04182e4bde17439e6e8beb03bb59b6341837ab,fbb6fd331003ec401ffd1b61a640dcf6ea28fa40afc258c24dcba658be682ac6
credit_g,019d7367-39a7-7335-8448-2dc9b2872361,6,0,666,334,a2bd255bfdf21b37c5bdf2e9edd06f3b93d3d557618c2aa1b0f84e45c0958301,7c967a87caf278cf6246e808589df6ec13190833d6d48feba7694e4f5f2de5b6
credit_g,019d7367-39a7-7335-8448-2dc9b2872361,6,1,667,333,d94a0fcbd0dcf5af1e4c5fc54f52b2293e4f035bd6f04861c86588b734786c20,dd9d512321bceb795be6d8c0bf99cda736263ba675d3e2b17f8c5e6577adbae7
credit_g,019d7367-39a7-7335-8448-2dc9b2872361,6,2,667,333,77d4713d6e45f5bb388c7ac1635d733e66234e7f573cc852a62ecd4101d665ea,d00a7c59f477b00c1549276dc32665c0cdd7fedf2882fdd5903c8506903b502e
credit_g,019d7367-39a7-7335-8448-2dc9b2872361,7,0,666,334,d5acb1433ee55e8b36e997463466009860423b1859a6bf7840ead24fdd803856,b83a7432afb32050d5a3bca65dd12b2a44a8e19d278dc16dec7fa851f04109e5
credit_g,019d7367-39a7-7335-8448-2dc9b2872361,7,1,667,333,3c4e87acbfc7fee21ecdf465c1dc4d5f152278aa42593c46abcce89ce9d9b52b,38d14d9246d0621961736c56ac0d30136bf8bf83783e2157236e655e774f01d6
credit_g,019d7367-39a7-7335-8448-2dc9b2872361,7,2,667,333,6081c2f7c92c4c55a3570ad72c95790ce3009f7ac34b79285ac1bad34d44c427,9b1d9bab603acb5b4ac81790ff15496d61609f33e540b55206555c2894803eda
credit_g,019d7367-39a7-7335-8448-2dc9b2872361,8,0,666,334,303f773f45b5104d5edd30463408ad9e325f357c119128d3218bc46fdf897da4,2da5cbc71a1b8f314146374895e274ed6511e1496bbdd649ae1cecf020d5fd56
credit_g,019d7367-39a7-7335-8448-2dc9b2872361,8,1,667,333,17c4bf7fc8a8d7bfe339fcd21a40822ea557f0101c594f07e38e33a7f4b4bbf1,96a4b38f7231170aa239c0f436abdfe05e0ee327bde0d351056e1204aabafd1f
credit_g,019d7367-39a7-7335-8448-2dc9b2872361,8,2,667,333,e5c60fe31e0c2d021b3ad8559b0e6a5cd80765de6effac6d4104cc2a1981bba6,55ba1027c5466a62d73ba6396bf993f9874a2277775b47bd9312afa64e84afb1
credit_g,019d7367-39a7-7335-8448-2dc9b2872361,9,0,666,334,2d8f54588fc9e22ec3b9194ffabda644ca97bd2ed909d548123f8ccf1d68952c,325c3ea8ad9c3da587c786cdd9d6b7bbd4e6378586ce92c2d041badf3e9fe740
credit_g,019d7367-39a7-7335-8448-2dc9b2872361,9,1,667,333,805e354aa1900234d3fc25eec9cba40fc77f0094161e4ec479a1b7683b9ed8eb,dea5c2400937edee54e6b5ab1de372acb514512b6e2135b48b9541e916a78b10
credit_g,019d7367-39a7-7335-8448-2dc9b2872361,9,2,667,333,8785b27ea2ef9a3e032a9dc4b05ae315a920ffafd62374da677273ee185b4fad,32625ade2c39dc9579932825d35dcc4acabf12ff36a54a4f985e18baff8bb2e2
early_stage_diabetes_risk_prediction,019d736a-c5ee-7069-9b14-686535f9caa9,0,0,167,84,c7d552772f31a6eb52390fb2c82b389d91d10c3df6b3bceb188870e5f5ccae45,fc6fa70b5e3ace3113b44f25e7586a7fde5e38475ae8a42ea7c881b514f130ba
early_stage_diabetes_risk_prediction,019d736a-c5ee-7069-9b14-686535f9caa9,0,1,167,84,75692a71814e66e0207f86442195e9680cc62c9a1a7954eb1093af45c4a82ace,c6e40967dcf1648971c54b54737b18ae292d3aaf1a0e912a3b33c613e28abb8f
early_stage_diabetes_risk_prediction,019d736a-c5ee-7069-9b14-686535f9caa9,0,2,168,83,c74fb6e3a188aa8266711312a4bfd6710c427cde7f21d746251667bb22395487,40f42ce653096af175159ac13eda2b3102895ddfba5cc52f3c2363a3e16c9f4d
early_stage_diabetes_risk_prediction,019d736a-c5ee-7069-9b14-686535f9caa9,1,0,167,84,c4e8484d1726cadc1fed2e5604801507cf216e28e739c4cc3185a3d3108597c7,f58cef120b7d136062fd548358d4970c4c92e536935810e71b0478b856236f46
early_stage_diabetes_risk_prediction,019d736a-c5ee-7069-9b14-686535f9caa9,1,1,167,84,48e96ad0ed4a2776b3bbce3ff4662d5dd1e363d848ec8cac58bd7ec1da2124a3,921df1833fb090c6941f2f2f410eca886c60eb610c82f864df2659ced58c7ae8
early_stage_diabetes_risk_prediction,019d736a-c5ee-7069-9b14-686535f9caa9,1,2,168,83,4b45719c159e0fac6a985adfb9ade7aca539fe3ce5b0fa7b7015aa513e7ab0d6,b5b7f20fb1c096607008584560b4aa99a3fd4c675aa1ff642d861b036fa6ffbb
early_stage_diabetes_risk_prediction,019d736a-c5ee-7069-9b14-686535f9caa9,2,0,167,84,e01644905bffde07a29941e17818aef46d90ab3fa280fc5f0d026133e323db37,b39f0030ea6b706d131e55c9ae34693985c2e2c36a1789e3cec3363352d71c83
early_stage_diabetes_risk_prediction,019d736a-c5ee-7069-9b14-686535f9caa9,2,1,167,84,ffc242391f7980e52708bad8a024b11fa4f1f264b0b34f8e25f4dbb727ad2df4,d894c253ee32756f74edf1b884a62a0c012aad3cda6623469e8c28e7628a4c76
early_stage_diabetes_risk_prediction,019d736a-c5ee-7069-9b14-686535f9caa9,2,2,168,83,162189add54a09743f0e43a9d44724b86b2df255da123f5f1b9121f372e2b19b,a12cfd05bec6c08c32b0b6a42297ea34201bd375756102371f414ec71199cc5c
early_stage_diabetes_risk_prediction,019d736a-c5ee-7069-9b14-686535f9caa9,3,0,167,84,34d73ce3087b64ad04f201376d900d49e02c19509b6259ec1e586f6f80f45a04,72bdfac8ce9ebae8db6d8367c07c6d8a6e8c81eced211c3a96ac91969a590a8b
early_stage_diabetes_risk_prediction,019d736a-c5ee-7069-9b14-686535f9caa9,3,1,167,84,1e35e3fca33ef9e563976ab9bf5ade3322db30957cae09bccf476cc77d96919b,e337e1bbd3819725d78d6ad7f0cdb85b006fb02832c8b03a9f5356e246b3591a
early_stage_diabetes_risk_prediction,019d736a-c5ee-7069-9b14-686535f9caa9,3,2,168,83,155697097d664b3b2d7c637ae0613f6bcec264ab6f299f5edac4e9bdf6a308fa,ba49b737f973f99c9826e5ab4114a55a5c070dbbfb82938944097badaf62dbb1
early_stage_diabetes_risk_prediction,019d736a-c5ee-7069-9b14-686535f9caa9,4,0,167,84,caeb9886d5c77eeba130c00516e7f883d26d3432467a2f7d54479280691203ca,9b38da70f03631f1ce901ceefff5df4c7cc112dbeb2906adf9aa9df6a90915fd
early_stage_diabetes_risk_prediction,019d736a-c5ee-7069-9b14-686535f9caa9,4,1,167,84,54d2db2222fc44e0015068edfc7b8b2610f0769a4b93a79c2d871dbed33e615f,4823ee3db287bed85ea8af3716382f5ec52c969d493a9ac633e22ebf11f31802
early_stage_diabetes_risk_prediction,019d736a-c5ee-7069-9b14-686535f9caa9,4,2,168,83,2311fab2377ec1202ad708ac452fbd1b121e9cb9a8c3247868e3f89ec8944605,58e25599bee52312be76aea8f8f683c290f301df655149f75ece7ecc17b8b1f0
early_stage_diabetes_risk_prediction,019d736a-c5ee-7069-9b14-686535f9caa9,5,0,167,84,ff27355cdb7d086fde730a555cd3efd478763564c0a691649a83a027b6024250,6769cb9a7897c4e4eafff572dfad19c8c4b0139aa26d9b774f45b6e4232139d7
early_stage_diabetes_risk_prediction,019d736a-c5ee-7069-9b14-686535f9caa9,5,1,167,84,bca9ae16184919d7ee6f130ba4ad2c88c58baa3b24a5ba5ac2d505377a5e675f,f3f7d9efb7d59f15fc725d1588d0f97920798042deddfe6004bf7dd2b08dea69
early_stage_diabetes_risk_prediction,019d736a-c5ee-7069-9b14-686535f9caa9,5,2,168,83,82b283e2f38f1574c24d491744f8f6f2b18e4dea5134365e6987a78a8f2fc18e,a2379e050cc1e5978413c934f0eda488b8f314d19f9a977909696d344a869213
early_stage_diabetes_risk_prediction,019d736a-c5ee-7069-9b14-686535f9caa9,6,0,167,84,46a309ff66c78ca1099886bed6bb932e697c73b34643b00d628f7deb1eb535d2,3097e6c4efb29ff69bc451185287a69d2ae892834462db92ac76b1668f1fec47
early_stage_diabetes_risk_prediction,019d736a-c5ee-7069-9b14-686535f9caa9,6,1,167,84,de70a223ec509c8d0163de28ae41634b4517b7d81d3175d6ff0bf58457756f71,c46b774282a89a7a4377180ab57b3ba072c85bf1dc81813c4309019c8664fd8c
early_stage_diabetes_risk_prediction,019d736a-c5ee-7069-9b14-686535f9caa9,6,2,168,83,4f7dfa89b3abaacb28ce5b537090a86541aaa9042677c6bfef543461fd92564d,f332696e9f29695106829fef8b77d0f29508b8091adfccd02bb1207ea1fdf40f
early_stage_diabetes_risk_prediction,019d736a-c5ee-7069-9b14-686535f9caa9,7,0,167,84,c118b9d9d3fa56f1dca0251078c16b35cd0e6df02ec448ff3c57b20f004137c1,1f760789606c7c4fa717c7b22b82faaec6fc4c9b0373c75ddbf1cff860988174
early_stage_diabetes_risk_prediction,019d736a-c5ee-7069-9b14-686535f9caa9,7,1,167,84,c9804e225d756a0fa46aed5d404806bfb49b565b99f1a6e3a35c18effafc8402,fa06dc5ab4a4bb38fb1ca06695fd149ae1282424cb221e0d4fe4fdb9958bbe58
early_stage_diabetes_risk_prediction,019d736a-c5ee-7069-9b14-686535f9caa9,7,2,168,83,af850115ac56e21ae1b310215d36638b94264789a4cda86cdbd87a889d1491e1,e437dd52a82d3549a44714cae1917c1a0d8d3282f4265985e0cfe227cb9004fc
early_stage_diabetes_risk_prediction,019d736a-c5ee-7069-9b14-686535f9caa9,8,0,167,84,5bb3bfd1c038d973b849492e39d7b8921c613660403ca6add1b4e3dd6b8435d3,7e520a8c12ea89b9c7909865a1700205d87c8176398ed98cf38ad8851ab63cc2
early_stage_diabetes_risk_prediction,019d736a-c5ee-7069-9b14-686535f9caa9,8,1,167,84,27bdd68bd296a239c154de2185b08b224c4b49fe8abf358759093315cc2ca073,60b6f72d7ba3325f6a34619fc9d6d20f3cad47f55cbae185ad469a353076b5a8
early_stage_diabetes_risk_prediction,019d736a-c5ee-7069-9b14-686535f9caa9,8,2,168,83,6068fe8fdce91dee0b2620e92e5c874f22a93e33f854c69d0c63fa8d06ca4190,8802928d3603cc1dae10527a815081f129657bf48b3c6537d7065ec459775a24
early_stage_diabetes_risk_prediction,019d736a-c5ee-7069-9b14-686535f9caa9,9,0,167,84,30406e8add0bba80c81d56d5ae2dfa245047f2efe993f442ea6391c3ff67bea9,c6e48788b4bcdeb5fdaf33ad3738b486316cb0ab89ca58f2f9382ae5a4582677
early_stage_diabetes_risk_prediction,019d736a-c5ee-7069-9b14-686535f9caa9,9,1,167,84,c3d9186541480bf0f2a9e911a517f26b9725ad94fa4350ce3955cc972afa9345,da1f4131650ee0206418b624f3824521b5840c1320d247930b44183019db02ac
early_stage_diabetes_risk_prediction,019d736a-c5ee-7069-9b14-686535f9caa9,9,2,168,83,0bde8ac36b70274660c7b4a4a1761ce422b2fe55e91a7c0be7e41400fc3499a9,f316dad3f1381786289dafcfe742ff92321bca9a0df332adca20a49a0da49191
early_stage_diabetes_risk_prediction,019d736a-c5ee-7069-9b14-686535f9caa9,10,0,167,84,850ecc0c24c4ac58a41acc5656442aa5999ab45993b3483567d110a5370e9f82,cdafd92ead5de143713b4c575a7fe1f31759a8b3cd7e21aa362e159bc84fba28
early_stage_diabetes_risk_prediction,019d736a-c5ee-7069-9b14-686535f9caa9,10,1,167,84,6f594d864bd18e6978f25e8d8d43dcf3fe525fdb35dff05b509372208f6fff05,82aeaa252b53e9576ee1101af9425c20f34ef75329e0dfdae352d7129953df50
early_stage_diabetes_risk_prediction,019d736a-c5ee-7069-9b14-686535f9caa9,10,2,168,83,5ce380d620af0714ac4239cf360586fdb358d4f6e39f0571a1bece5b61cfb740,37b85756dd1abbcbb0f2b2e78633c96446a329d4c0001cf2e3935eb040bac338
early_stage_diabetes_risk_prediction,019d736a-c5ee-7069-9b14-686535f9caa9,11,0,167,84,f4a1ae128b0f9ba13b3eaf9e625f374e5d33d28ab58a37da6a058e37b9795e47,2b64c044ff231fcf1673f78e4fe1c3c5dc9fee0d2a3a971333f4ef8e3dbd3898
early_stage_diabetes_risk_prediction,019d736a-c5ee-7069-9b14-686535f9caa9,11,1,167,84,a0d69520dc8df947a0dd4520bac2b0693143e913f3d9112a7a1e3572462205f0,64fb83cfd032650b681dfa9126119d13f80e5eb99b3af564d3beaf2bf9a3df16
early_stage_diabetes_risk_prediction,019d736a-c5ee-7069-9b14-686535f9caa9,11,2,168,83,d56017f6463913c228d2f4ace21d2daaca8249b99c1442f8a4c2a801db3e14bb,e2db8672bc6fa26853fbaafb88cff70076862e18f6785445a8126756d49bf181
early_stage_diabetes_risk_prediction,019d736a-c5ee-7069-9b14-686535f9caa9,12,0,167,84,f299c98e57f468e47ad6c64c5478fd8b7a854a22d8da0769b73c201985895a2d,1c87c77cbebb2de6effcfe6d798680113d0d92ce0db4ee0476639f52d2c034aa
early_stage_diabetes_risk_prediction,019d736a-c5ee-7069-9b14-686535f9caa9,12,1,167,84,bc98e50e38790ca7de93464ccabd9c27551d50a776b53da138a52ccdea627abe,818acb6000556dd6039f9cd51b6321db1bd0726b54a7d1961e7cee3a17727c5d
early_stage_diabetes_risk_prediction,019d736a-c5ee-7069-9b14-686535f9caa9,12,2,168,83,6558a456b6e47a00bdc47a03eff6fd2505a6508183038453da5c567ebf75e271,057d9e985aad160c8b6be904bd5ed82da19194d40076ef39ee3536e65371e9b1
early_stage_diabetes_risk_prediction,019d736a-c5ee-7069-9b14-686535f9caa9,13,0,167,84,66e64942b05add13ee025675424f439d97a9596b246ae7c743457bbe61fed9c6,ff20e3148608ac1a63eb32bb7fb7475913365fdacf5ba0eff946d76528d37f37
early_stage_diabetes_risk_prediction,019d736a-c5ee-7069-9b14-686535f9caa9,13,1,167,84,b6d3536cf67dde15d53bcfdcd1f8930c060df26e19908c3f6f720a80d3f7d244,92a5ceeddcfc770ee07e0c43f049b10fb1962b872a8ca254c2fc43e07925a7c6
early_stage_diabetes_risk_prediction,019d736a-c5ee-7069-9b14-686535f9caa9,13,2,168,83,fa3f0021a58fd0cf1979993e672d35011a4546a0d3983d5d9e35b788b68a8e5c,52e85376165b63eb21e427e5aa6f0b06fd6181a67dbacd270b17eb0c4dad68be
early_stage_diabetes_risk_prediction,019d736a-c5ee-7069-9b14-686535f9caa9,14,0,167,84,916bee1290b879173772d73176ff20c86a045e100c5da15078152f40901bfb34,4f78730a4d8671576bcf7064c3607c5fb42dbeef86be0d91db0f23f2de277958
early_stage_diabetes_risk_prediction,019d736a-c5ee-7069-9b14-686535f9caa9,14,1,167,84,e9f1c7cde1c0de2a5e91931e9f9ca3dfa2b7e3463aaa005365bf6ad21fcd7505,fc92805044e135aadcb6a3a83ff139882d8cb86c2ec23020c3c6145769e3a128
early_stage_diabetes_risk_prediction,019d736a-c5ee-7069-9b14-686535f9caa9,14,2,168,83,1bb3ea36df459503f086db6c86715d5d3d70176ec4de73c6716c8a351e179cf2,5330a352590aaf59fddc71184706cd05420eb8b3104ed75e2c966fc35df483bc
early_stage_diabetes_risk_prediction,019d736a-c5ee-7069-9b14-686535f9caa9,15,0,167,84,6bab7968927dfa3fc3906717ba8cbdc93621715f55de9ff594dcf3720c9f97c2,818b7121783207d50639c261fac3f981a1599a7ca5c4418821cf0e0936d1c3c3
early_stage_diabetes_risk_prediction,019d736a-c5ee-7069-9b14-686535f9caa9,15,1,167,84,546fd92e22f53046ad9bf4cf0dfe5d806463da4a32726fcdfafee4911777c334,e64886f5da206e6bed916553f1cd483b09d92194791ec592712213054e9552bf
early_stage_diabetes_risk_prediction,019d736a-c5ee-7069-9b14-686535f9caa9,15,2,168,83,5965c6fcf1e97f08adfad5021be350e3ee947e5d278391f09928099d38a68a68,1811268c462facf9c9ab8d134e934a2488917c0ef3ca057fa4227e4af405edd2
early_stage_diabetes_risk_prediction,019d736a-c5ee-7069-9b14-686535f9caa9,16,0,167,84,423a442cd6f583d27bb11e196962cbcefce26c71e246ef58f0615ecc394e75f6,dd9642277e3042be4ccc0c2afd65b6c01f2fbbfa6109d3fc701ea0e273f15dfb
early_stage_diabetes_risk_prediction,019d736a-c5ee-7069-9b14-686535f9caa9,16,1,167,84,9dd8d7d548f595c6a83426a7e8e97b61466a353505540889273a0a6a58a185a2,c80c5a135dfb417d3dbb6a0c56a849b6451c75cdeb8d60b2f4bafc0134472fa2
early_stage_diabetes_risk_prediction,019d736a-c5ee-7069-9b14-686535f9caa9,16,2,168,83,d12bd8f94e0db79229d6dcf69ca65e4abc46cb6c1ee512521c4f75c1b12b3b81,bb9260f44a948a1b46162ef95b08b85655892af98df807497957c2328904eb51
early_stage_diabetes_risk_prediction,019d736a-c5ee-7069-9b14-686535f9caa9,17,0,167,84,c1c7a80580904402025637643fb4e6da49e0eae31a337688648fd545a4e4fe3b,72efdf2046588fba8b85ec9f2abf87e5b90fadeb48b5b792ad56fb8b1604789f
early_stage_diabetes_risk_prediction,019d736a-c5ee-7069-9b14-686535f9caa9,17,1,167,84,345413858eae1482b30fbf3ccf8ca20f91eabe809bd98227ffe15e630a25a6c6,02d2a72af8e035f8671fe7340caa63fd2059eb3e160f1b7f0833dfd5a9b55f47
early_stage_diabetes_risk_prediction,019d736a-c5ee-7069-9b14-686535f9caa9,17,2,168,83,3a34be77fb91bca80850b9e4542cb3454d78556ad6f6b7ab8ec3e9e8c8baad48,fa3d55aa976cda7d8f0a36e2206a1e34540635e5ed2028239f56d9e229c44c72
early_stage_diabetes_risk_prediction,019d736a-c5ee-7069-9b14-686535f9caa9,18,0,167,84,1f22bf8dd4b3730ce09da9a0367cf7823d888fea2802ff90d117f43957a51802,c922d18973d5f5e6f382a2d73ae810041600548d53ebf799ae4c4f90114d24e0
early_stage_diabetes_risk_prediction,019d736a-c5ee-7069-9b14-686535f9caa9,18,1,167,84,6727b0d5c4b5c0d88c154ad283e186cd7a9d76bbd65ebc0bbbed0698e88dd119,147f960aaaa56271a02388fa71b049bfb0b765e20879ae188068639d85dac0dd
early_stage_diabetes_risk_prediction,019d736a-c5ee-7069-9b14-686535f9caa9,18,2,168,83,09d9ba8536aaa3bbab95e4bfc71b70bb2e05e067510ec204fac18baf0f1e31d9,99ad00b2590b8ca071e2ca4d1691e1c9e730d092d7166c80ecf85d77c388293d
early_stage_diabetes_risk_prediction,019d736a-c5ee-7069-9b14-686535f9caa9,19,0,167,84,10adb2fa64df87630bf165bd44ea590865bfd861c3fa8c29c46dd8f0f54c7914,0a07345c6aa7de2d21dcdd91c4b6e6794fe18e95064dd1d1831908fa061e3d8d
early_stage_diabetes_risk_prediction,019d736a-c5ee-7069-9b14-686535f9caa9,19,1,167,84,f13357d40412292148af6ea653c671c0572f5a03298669fa91f5e666ddc15682,73de371c4df9f6d8ebcb472eefdae9fc9cf5190b333625a6debf790b45abef1b
early_stage_diabetes_risk_prediction,019d736a-c5ee-7069-9b14-686535f9caa9,19,2,168,83,23733ccac8bc2961a015b9ba10f6b4bf6f7205f302feca79ec34a1603e412027,45895876c3f7c4f48f0f277239a56838117f1c3d960e96f3356591cd03dd7c19
ecommerce_shipping,019d7367-8a04-7bf2-8ab2-68d1726cf31e,0,0,7332,3667,d9c3b971c531c0e4b75ca376b2728cec37fd8ba240bbb2de717ae314f1447306,e273db3d2b67a07c8097e2555c0abda3ad9525631a0261a2a4540df26b7eb297
ecommerce_shipping,019d7367-8a04-7bf2-8ab2-68d1726cf31e,0,1,7333,3666,dc4b17d101f756e14dec556a5a7ff4c7a75c5414d2ba65be6beb684d11a6bf40,04248791897a9a7fca78a93327925047c90f7b689ee172d163624ca2f450bc59
ecommerce_shipping,019d7367-8a04-7bf2-8ab2-68d1726cf31e,0,2,7333,3666,1527bc3e1e792767475211ea4e1997b7b83f91873b6c92138f803b8d900285bc,542c327e17cb2c96b8fc3a709dfbad447719f3075afc4fabfef947e7a2740dcd
ecommerce_shipping,019d7367-8a04-7bf2-8ab2-68d1726cf31e,1,0,7332,3667,44ae9602f5818f9ad9fea1a32bb58fc8e09476363f56227981062174cf260bdd,e8ce6ccce6dfec29ef7eb6f837de198ad4d2ddec5e6d9db4f1246197864a1ef3
ecommerce_shipping,019d7367-8a04-7bf2-8ab2-68d1726cf31e,1,1,7333,3666,92b13351cf006bc2235490e0a7a324f9e2c6060ce02569311aaf68ff43d50d70,a1eb0b54cb023f2b743b8d1c16f1372cf9759c96b43587da65a40525584b3425
ecommerce_shipping,019d7367-8a04-7bf2-8ab2-68d1726cf31e,1,2,7333,3666,8254557dd225af87f8a1dc0f68e62d99774dc01cdc54e8e3fb7b92790ad0b29a,66c14984c12b44bd078b01a722ec97c1f58b2a1a45b8ff43fac1602e942c1985
ecommerce_shipping,019d7367-8a04-7bf2-8ab2-68d1726cf31e,2,0,7332,3667,58d1d18db524f7edc2b3bd89e15b572e3b6891e3d8d6f42278d5cba4c7141465,850931661216bea0f30fed7489e38db3d311c7f572b606139fcb9aaf198a904e
ecommerce_shipping,019d7367-8a04-7bf2-8ab2-68d1726cf31e,2,1,7333,3666,3d5087f22b9c38e81205f551b5cfe6d4e38c8cd614f747246dd67e2e3a95ce21,f1a4e062da47e8331b8ab36f06b01e3762e1433b1b7374698daee73d89aa27b2
ecommerce_shipping,019d7367-8a04-7bf2-8ab2-68d1726cf31e,2,2,7333,3666,c15b4217ceeafcdd817a9fe2e8b835f63b8f2f5459946a62257733b6f091dd73,bfb0c9303bbace1cce140871712a1f0dc4ba6ccd19c857b283a24aeb04f83222
fitness_club,019d7367-aced-7960-94c9-b19b393cb0ad,0,0,1000,500,cdda8ff163c3c3e31a6becfb1817290abbb47bea9322deb809a96a8be081e694,d9305b0b25896d6f40d557192e68daef4d95fe7e80f2291c66c9c1a6a301cbb4
fitness_club,019d7367-aced-7960-94c9-b19b393cb0ad,0,1,1000,500,5e5faca5b55a06d4212e835a9942a1c1bbddcf75679884e867c2c40f86ea5d0f,7a24a1114532d5976c6e70e11773d07771389eb78f910d3d4285dc4ad0ba6b5d
fitness_club,019d7367-aced-7960-94c9-b19b393cb0ad,0,2,1000,500,192b62f3e9ce75cda69314c47bb3c31958e022f2f90f2d4241b19b049fd1b1d1,42b6e1e698fea41778522ca4aa45b22fc7ad0eea2b79f5a59680ce72318dae86
fitness_club,019d7367-aced-7960-94c9-b19b393cb0ad,1,0,1000,500,eb558d4e42c408e78a8af20b6e05a2611f3f6161e34b23e05bc42809ae08989a,304e3f8c8ff2d8581f4d9d6941caa656e75f1d1e5258b5924957ddce08b5220e
fitness_club,019d7367-aced-7960-94c9-b19b393cb0ad,1,1,1000,500,06db85fec9bcc25c98564a880f2f0cc1e352b40df31ce1f58ed23955beee0b09,9ed96956a271e0fd3b65993deeecafe0d8184ea1ee205ca53f93352544783e88
fitness_club,019d7367-aced-7960-94c9-b19b393cb0ad,1,2,1000,500,aef86558bec3a087dee05728b1e9e47ac5da020b3b66ff53bfb40bd5427ddd18,7713a9811f61a979beea97ad0ceacd94b8b826f56f018ebda1989b0c82743052
fitness_club,019d7367-aced-7960-94c9-b19b393cb0ad,2,0,1000,500,e83e9913e7b672d8a3b973f70674825b742de22eb8046e08a33d2a6b8dc73997,bc79f17b3b16dec79a1ada517640f88c7ac8e1fa5258262d86d5340ad95be7c3
fitness_club,019d7367-aced-7960-94c9-b19b393cb0ad,2,1,1000,500,99e519c4db6832d53276aca2da61147a24abccf0f2fa39a14a341359303d8c77,980af6fb137304ba4ea2a0de8f8b167e25a4bedab5844486ae7638a99262bce1
fitness_club,019d7367-aced-7960-94c9-b19b393cb0ad,2,2,1000,500,361b3a413b1bfa0df2fa87a9cd62f4b2209bb76614bf7b4bce7c8fa8ae9b6e62,910cbb03a852745963cafefc577aab9b70619d85b5cd949a44f60627e4b355a4
fitness_club,019d7367-aced-7960-94c9-b19b393cb0ad,3,0,1000,500,7513d57e55a85a97de042b18b21761e6bb30eed9dac7c4b4e2901eba2f25f6fd,cd88f3049bf0d46c0f8659ff0520c035ff177f40f2234e2cb817f27b9e002e97
fitness_club,019d7367-aced-7960-94c9-b19b393cb0ad,3,1,1000,500,ae7a61791a87fe3b17305193380c42a6eaa56bef2f5038799c6e1cbae457f702,6a7552dcaa6c5ca03cb72d31876708832449cbb2c96558776c37492adc956625
fitness_club,019d7367-aced-7960-94c9-b19b393cb0ad,3,2,1000,500,f15247a83802dd8a50a58d827841c4434eaf5744e6998c036c4e1f55df7a51ca,6b0bac126e8a06a9fceb59f4aa8832562d18d9ebd195295709bd955c886342d3
fitness_club,019d7367-aced-7960-94c9-b19b393cb0ad,4,0,1000,500,27775d46b2307588be13c3bf62629d3cb90e242492462844c3d170731fa00cbf,de9252db93bd7f6b8e951a52067a286529bbff23d8cdb04f7775993c622896a4
fitness_club,019d7367-aced-7960-94c9-b19b393cb0ad,4,1,1000,500,8a8fd1f209c5066bf26cd13777a5a8fa392c363fbd9a6c69a06d1890ed0a7ad2,be6248f1222a4515e4b615f1943e3da1d0d99bb608cca828e959308b4b2786e6
fitness_club,019d7367-aced-7960-94c9-b19b393cb0ad,4,2,1000,500,fd2fda5ba6297a9625b5f31ceb742e153d10f638f0dbc0ddc413471f2df976cb,2a1f61d58706546e6561f12d1ebbe957a3d4d449f31a8fded3ab4c95f93d9116
fitness_club,019d7367-aced-7960-94c9-b19b393cb0ad,5,0,1000,500,e5aa402b302457f8d1fc071bd23393fa45ef1f8a9d58495cebb42bddce3ffc56,04c5a47218f232134422b0c9db4ab514334ec74a11b01203b65e2fac62731935
fitness_club,019d7367-aced-7960-94c9-b19b393cb0ad,5,1,1000,500,ef5643052c74b0e47bab6380db1d889118b43ea7d3d94968e184063ef2cafd33,34cc8eb939e3c59c44fa13640e8848778787fa254726c39c8be1ed006dcbd38c
fitness_club,019d7367-aced-7960-94c9-b19b393cb0ad,5,2,1000,500,1f2e751d9b6995d023170ea65e1c4c99a82551439733e69e020bfc0cb92c732b,6664a25e04b3550a2829d1174cf9bc087d38743f2ebbe62472a7cd5308b29ead
fitness_club,019d7367-aced-7960-94c9-b19b393cb0ad,6,0,1000,500,b1d911f067432a66a0a084f3b27410e165fbda3c59e1d3cd5c7d785d6271a7e2,85dc48299a7446e758d14c4d233f4cf5d4208ecd7cd20063949b5bc96950acd0
fitness_club,019d7367-aced-7960-94c9-b19b393cb0ad,6,1,1000,500,6318929e524e47cbcef582e8189a9d7e240e36f864671a3b2955b49464423875,7fb68631c3b61b2ef202c5e5799daf1830e3688a4550ea17ffcabcfba09197fa
fitness_club,019d7367-aced-7960-94c9-b19b393cb0ad,6,2,1000,500,c09f21e2553ea68350cbc84bfeb74d13ba0c81484e1c8413ba451541500c0a3d,1dea54fd3fd2179a529acaf3a89650bf8f33c050019b8ac21f25811eeee3ab07
fitness_club,019d7367-aced-7960-94c9-b19b393cb0ad,7,0,1000,500,15ebf991e4ba65962e4616f9daed86e7102a54b86c52145b772e34027d0c4c81,97a5e4dd035c580214e4c3d6a93718913efbf58162517064bae7f4b9b63c903d
fitness_club,019d7367-aced-7960-94c9-b19b393cb0ad,7,1,1000,500,8e14748c91460fc643cf45ba9bf4ca8f95312081753bfead868bd3e806afa718,4ea1918a17303b5cfa258182cd139b68ff2679a73c6dd76002c9d2bd4aaaf1a7
fitness_club,019d7367-aced-7960-94c9-b19b393cb0ad,7,2,1000,500,c699fc7b60d6017aab8f12e70224a736353b648979af9ca61d68b57f5ee5f052,8b314a6127539cfd61b7b6635687d1ecda173e138cb47186244e839ad5c8f1fd
fitness_club,019d7367-aced-7960-94c9-b19b393cb0ad,8,0,1000,500,6cd1e7a5feb18d96fe9a30d93d82affaf763b8f64283791911b4580f87f8cd5e,30a32c0f56c5507c0e83513a415185987d362e402d32fc757e3cbbef5feb8435
fitness_club,019d7367-aced-7960-94c9-b19b393cb0ad,8,1,1000,500,f656e206485ed2fcbd84b50a295d2d45c426313e29568a5f6f9d6ec87dd62292,c43b878d50d9a41adeef98a57f5c20019feeb27894e3be7ed7798a14bad15f83
fitness_club,019d7367-aced-7960-94c9-b19b393cb0ad,8,2,1000,500,3382eb264ecd6d4b8633ccc98d3cfe1e463a5353d85c131da93f49e8ff74100a,cdd314de9fc32e02655fc444a9769573abb7c7b9aedda12cf94774280d023aef
fitness_club,019d7367-aced-7960-94c9-b19b393cb0ad,9,0,1000,500,f6a8859137f0cba45aca79a106cf23b9f3f5fb18308525a386b7bea3647d2c73,644272adf78848adf66c941f9d7516e532a4bbbaea6ccc73f73e32962125e8bf
fitness_club,019d7367-aced-7960-94c9-b19b393cb0ad,9,1,1000,500,2b2b026fdddf3284a99777dad6e6cb737f16742c2c725af78770e7d00c7f3263,97874acdd9181254c9b459da2d8f9e8bc25f7fdad82189034cb2df35b75571c4
fitness_club,019d7367-aced-7960-94c9-b19b393cb0ad,9,2,1000,500,699d0bf0787dc43f5f9621b1f3ff7b6a2f57a3e9e8fe7b408a14a662b554f103,3c03882d7e77a35666a2d8dde8797d35fb02a2b65bf09ab4587dce62c12fb30e
hazelnut_spread_contaminant_detection,019d7367-e731-79fc-9677-4c5d1bab73ff,0,0,1600,800,d07baaf415760e454928495fe067a5737f4e54ae028a4a3acef862278c17ac89,5f2698ec1b50bf7bcb21edff2fb49dda67dd99ab71a50a872a328693d8919666
hazelnut_spread_contaminant_detection,019d7367-e731-79fc-9677-4c5d1bab73ff,0,1,1600,800,936f0cef3e1bd88e1b33f75e5d1c1b24dda642fde79a559ea3005e79547e1308,a19e79456f0dffe216086b90f319f835f73c4e6d702886dde74469c7fe207900
hazelnut_spread_contaminant_detection,019d7367-e731-79fc-9677-4c5d1bab73ff,0,2,1600,800,fda7e172441455b6c78afad0a59577e6682bab7e04e0d556f7bdfac8f9253a8b,a193317163ba3e5169691dac7db63aa223a9d5fdeec751741efc3412a3102fb1
hazelnut_spread_contaminant_detection,019d7367-e731-79fc-9677-4c5d1bab73ff,1,0,1600,800,d5bb28553693a06980d299e4b7f6b9b0af0f91baf992f56075d8ca2cfb1278a1,3489ba8c477f6b201fc778e56e05eb5bd329bdd44896e9623daa244ca78f10a6
hazelnut_spread_contaminant_detection,019d7367-e731-79fc-9677-4c5d1bab73ff,1,1,1600,800,1203003a88a0e734c2741b2dbc70d5133eb273ad354db8df3037ef78c12addc3,4e124000ac76cf917787543021dc829e47e0471e1b598f5cf41b5f0b3a99aa26
hazelnut_spread_contaminant_detection,019d7367-e731-79fc-9677-4c5d1bab73ff,1,2,1600,800,5499a5be1126f368ca69d166cf2534e8ff3e9f09314cde77a2fc04c210653b18,18a64d55710751a248bbdf2ff9b747e3fbaddfc2fe3fd30098ac8e675523eadb
hazelnut_spread_contaminant_detection,019d7367-e731-79fc-9677-4c5d1bab73ff,2,0,1600,800,116436b5136f8bf42058557aa72beccd304f96bc161f6397202e856c9a0eb6c1,528d48582d6c5199737df11626b2bf23f4f69961d2e8c9d4b281c26601c36c44
hazelnut_spread_contaminant_detection,019d7367-e731-79fc-9677-4c5d1bab73ff,2,1,1600,800,1138fecda8411c72a62ba73e5b2317be16faae68be1bd9f9099b1348c976ceff,78692d481fbc7c46bae460891b0d881f341d81b7d91defb56756cb0fc1bec55f
hazelnut_spread_contaminant_detection,019d7367-e731-79fc-9677-4c5d1bab73ff,2,2,1600,800,8afa050ff64d318bdce219187c04f008f9f98336fd0fe9f1f9ef98f3b2c4d3fd,caa914fef6238905a7d85dbd95f90bc0386d3523a4ec5865287ff6793ef4d3c4
hazelnut_spread_contaminant_detection,019d7367-e731-79fc-9677-4c5d1bab73ff,3,0,1600,800,38f65e67b4c194c29da823280efa495ae94b81b793197e64d448e10a1e238a07,33e8fd98d38f76dc0c7c1c69c76e926af839a322426d9805dd812d8ff29c2224
hazelnut_spread_contaminant_detection,019d7367-e731-79fc-9677-4c5d1bab73ff,3,1,1600,800,1f345cc771c58f0d2dd9c2b23099240702d83e4a5bf29ee1bfb56f37b21d40a5,080c900bfdab6c201e5a634c69d9df2620eaf8dc0f8935ec6f3ee4f5237e23d9
hazelnut_spread_contaminant_detection,019d7367-e731-79fc-9677-4c5d1bab73ff,3,2,1600,800,44da91e1b0d3398fcdb14ec156b0a03d7bc155915debf6faeefb9cb1b555715c,135d4073898b314b03e62fbb430b7c650a982dc692372d68b7d7399f14f02395
hazelnut_spread_contaminant_detection,019d7367-e731-79fc-9677-4c5d1bab73ff,4,0,1600,800,00ad3dfceb7be7746e3e5ba0a6ce6a6076df83e719f260611227f30719ebaaa3,b59755f0c62594ca0559dcbf28e50366aff687f1490bb476813f1737d656a6e8
hazelnut_spread_contaminant_detection,019d7367-e731-79fc-9677-4c5d1bab73ff,4,1,1600,800,45627fd6e22f586e35dd4b12169c7bb687bc158e890bb1913d7cbb4fd9fefc69,64915ce76a04a7cb2c90425aecbada97377fccf30f22a0b818a5f8236ba9a46c
hazelnut_spread_contaminant_detection,019d7367-e731-79fc-9677-4c5d1bab73ff,4,2,1600,800,386bd4ded26680d702d263f7bace5163d36f99c7f58df56c9c63bd49a53793f7,5d639d0f7e11a01006126ae86acfe630b43f97a987a8aa9f9547182df2aaf3d4
hazelnut_spread_contaminant_detection,019d7367-e731-79fc-9677-4c5d1bab73ff,5,0,1600,800,e89fc71278888f042be6da04d5581cc99911515bc652f5e064717eecdc3cdca3,fefd6179a9ad45d6ffaa8a399cbe059a39b093185f9c5bb393e4949e2af50f40
hazelnut_spread_contaminant_detection,019d7367-e731-79fc-9677-4c5d1bab73ff,5,1,1600,800,c01d279dcd31ddaa5fc821931e3771824c2cd9006fbd03bfa9373fd07679c9e5,0f0b7880a6c4da88e5f2e1e8944a21f931003520fde24019694e8b29605223e2
hazelnut_spread_contaminant_detection,019d7367-e731-79fc-9677-4c5d1bab73ff,5,2,1600,800,a89dc6c7a498ccf3e5c0ec31956e157e4609fe3a8a6742d90f82eade9c500411,59147327511c26406b4d012d48956acedc749f73440517d4a8d53a57e0cd4636
hazelnut_spread_contaminant_detection,019d7367-e731-79fc-9677-4c5d1bab73ff,6,0,1600,800,e0a5c796d696d81c12834c783ff8efe323eeba2eb17b574ac5dc79e4ed2b8f02,589c2a98eea96cf4413cfb8a6ad81f6a36df541584d4b51e20d118cce222e009
hazelnut_spread_contaminant_detection,019d7367-e731-79fc-9677-4c5d1bab73ff,6,1,1600,800,34d0cf17e491ff1ef5b11b76ce32acc2112242724fce55f3999902dd31ebf352,27a019c47350be68e1a82b0d3f8d82ce682f1fa17d642607f166744fa0bc2ff8
hazelnut_spread_contaminant_detection,019d7367-e731-79fc-9677-4c5d1bab73ff,6,2,1600,800,b30890a69e2bc10fd667bef8561753379017586f8c4bc549780dbee178be9656,8eda20bdd462df81184712e99971de3670e5af41d7e011ec42fbd1e3a1cfd0f2
hazelnut_spread_contaminant_detection,019d7367-e731-79fc-9677-4c5d1bab73ff,7,0,1600,800,2a3fb9a03fd60c569f3bea74e768f04afb39e5e98d80f6d66df315f9a4dc95ed,ca4616a655ffdb0c30bcc6d2f99645c92cbd6cec903e1d57975c6f6856dc8ec9
hazelnut_spread_contaminant_detection,019d7367-e731-79fc-9677-4c5d1bab73ff,7,1,1600,800,21e09528b87b706a56e27ed83bd8edbbae21edfd6dca576e44dddbcf9e461251,dfd0db9b4fdf36037b7c141c5263f4a74da8893460faab84113c4631b0db4e13
hazelnut_spread_contaminant_detection,019d7367-e731-79fc-9677-4c5d1bab73ff,7,2,1600,800,6b17542dcd7c62630477932d60e2c66e74a2ab7ad81222ec517a00b0c4e7081a,d06127a9b79820cbd5ffdefcaeeb6fb4bae4e21c564379b934f86b6189a65174
hazelnut_spread_contaminant_detection,019d7367-e731-79fc-9677-4c5d1bab73ff,8,0,1600,800,8872b6b704625e279f1687f855728e11141b610d556978ab0974f76a5a98b150,3209bfdd56c053cf12a25d23de60720bad1d0e9cc86918bf6bf0e6033678629d
hazelnut_spread_contaminant_detection,019d7367-e731-79fc-9677-4c5d1bab73ff,8,1,1600,800,13a372aad84c66fd99cb514588697bd044fae2f3e1282836f4181d4b45dfdf4a,99c63ed2c58b6fcfdb128c3740f74fe963db492ca510e8bb38af7d0adeb222ae
hazelnut_spread_contaminant_detection,019d7367-e731-79fc-9677-4c5d1bab73ff,8,2,1600,800,b88a925b4d0290ac4b6956d225e2013d08f1ea6806c32be40b338f631968217e,066ab65f56b0d49c2e0a5c2c08f7d8b7238179ba7c9069ef39fc099040f32985
hazelnut_spread_contaminant_detection,019d7367-e731-79fc-9677-4c5d1bab73ff,9,0,1600,800,1d1c6255ce2673196afbc559d03f71b933d4af79b5a77868188bf7a6464cfb90,81fd895edc31a0d9c8bbaf827ad733b22158c0549a61a40e5c7868a28d5c8b96
hazelnut_spread_contaminant_detection,019d7367-e731-79fc-9677-4c5d1bab73ff,9,1,1600,800,5c2153363d4d9d740518cd8d35e6a13e361359a6e554e3c5dc8109cc43fd3811,038b68c6f1d0139e91ecf90e7ca6a6623ce3030fa5594475253fff28089f46a5
hazelnut_spread_contaminant_detection,019d7367-e731-79fc-9677-4c5d1bab73ff,9,2,1600,800,9988530b5d2755f2dd0f654a61fd9d6dd07e2f257ae2f2f9e7926aa81b40fe5d,24e1fdbe23fdec1b390a1b5b57b296bbfa75bba450b27879af9fcc0f5178e631
heart_disease_cleveland,019d736b-4900-714b-8dfc-be588ce802c3,0,0,202,101,6c6869f7c81865e89fb1b44ed0fe636664c736bae32700dce490de67e3ec7c3a,10feb12d24df0ef985c789224067ab523659abe5612565253d337a5bff1ccfa4
heart_disease_cleveland,019d736b-4900-714b-8dfc-be588ce802c3,0,1,202,101,6655c881ce0070a6eb1865373305d90a1741533f79829e56b5641d5c8ffe6767,ee6afb859f203d4bb528dd64ea65e3951e04fa1108213af183c426843d325863
heart_disease_cleveland,019d736b-4900-714b-8dfc-be588ce802c3,0,2,202,101,46be7b06049f0d352c027334ffa82d2a8596da98501d50cea92cc050015183f2,fae6bbda230dff1b675e8aec4d1b6142d391d1766104f4a88e0aa7c8d1fd1fde
heart_disease_cleveland,019d736b-4900-714b-8dfc-be588ce802c3,1,0,202,101,4eb5abae1cc716c316dddbb766fe8a6ef5fd48705cf4954be7749e254798b0a6,6ad23fcc58d93cadcb474960d3730d47bb4e8c982dcf923bd1cd6d2ce137fccb
heart_disease_cleveland,019d736b-4900-714b-8dfc-be588ce802c3,1,1,202,101,0e6b10650c6cbb5fb39abe046a72eebb82fdce3ad427dbcd80673146664e2a7f,570d2d017f5382452898473fd98cddaa50b566c75ef0467c6938cdb3b52e4249
heart_disease_cleveland,019d736b-4900-714b-8dfc-be588ce802c3,1,2,202,101,bc49b29cf6a93c024ec1fe428f7221ef8a5e2c8d7ac4d04a13930e0e89d140e8,b1aaf82b2e7ff83480027262dbdc524a2bc6f42a78711ea0056a50305e03a3fa
heart_disease_cleveland,019d736b-4900-714b-8dfc-be588ce802c3,2,0,202,101,9b9610501fd437973e548814e3ce7c22bf619269d4ad4188524bd1dd1837c25a,28e53e890b009c64c6102a5177e1573d586225eb51fb7e94e1812caf44436b78
heart_disease_cleveland,019d736b-4900-714b-8dfc-be588ce802c3,2,1,202,101,de13cdd5426d279ce63ac0ba7b160f7e0b290096bf9dca0664360778d406f52a,073d8012fcb3260b57ef42298d9e31074b5801f56bd4a2f046c7d3bcd5a78ad8
heart_disease_cleveland,019d736b-4900-714b-8dfc-be588ce802c3,2,2,202,101,7153530cb9319737c1f1feda551700209151af51284d6e73deb08a2e284b3eee,02c42a5da6df1120c854269df4c0a90f06f72e36c9f5dcf24abaaf05613c628a
heart_disease_cleveland,019d736b-4900-714b-8dfc-be588ce802c3,3,0,202,101,7fd36c684c9ba93f34e620d5c5566f68ea1ec499459b40d82b72b37f3e14dddc,11d8314a5c6a1da566c6b1e3916565133736cbd058af3c6729c891397e712360
heart_disease_cleveland,019d736b-4900-714b-8dfc-be588ce802c3,3,1,202,101,7f6f27e9b63c168bf2db6a79ca2c4505b8e3fd4e5d10673d76db996ced7960b1,480c9f51be2956d6c50ca48cf6001421c6fb54449acb39a6b6309afb2787285a
heart_disease_cleveland,019d736b-4900-714b-8dfc-be588ce802c3,3,2,202,101,bead93273d0d101c652da7241f94b3ec1e223142e1f12d666246104c89ae4345,a18e9fa9edec349b3b5caa7cf42c20e4c36c624b011a937633b8bf4b0bf8e09c
heart_disease_cleveland,019d736b-4900-714b-8dfc-be588ce802c3,4,0,202,101,1f699d1f33602475b77138d54866712c49bd97613e4032a853330aa1ff5e39e8,b7ea76e48355b796b8eff64b6fe989338863ade5501830cec297e09abcd6da84
heart_disease_cleveland,019d736b-4900-714b-8dfc-be588ce802c3,4,1,202,101,4a7c3e94e754c2cd6009b83f74e4f61b3f1f3f627b5bcd0ca4d25739225f8e6b,b0e71065ed1fe1c5f2fc1cc0522ffbdf6789b0f444f2580d9a258204865e3e24
heart_disease_cleveland,019d736b-4900-714b-8dfc-be588ce802c3,4,2,202,101,673870b1cd0401b60850d18f05cd5c1726e92b66632b76981503bcca7990e7c8,98a69af2f47584733fcc65824b9a662741e317d4685ac9f6cc67e19af0d0a5c1
heart_disease_cleveland,019d736b-4900-714b-8dfc-be588ce802c3,5,0,202,101,8c0b3478697b280c79a1da9d5335e6ef787fba8a4886d51c22af3d6408f7f2ec,4a31d3796c47c34fb835bc5fd78b46791697f345234baf743c82f76ea0b0d980
heart_disease_cleveland,019d736b-4900-714b-8dfc-be588ce802c3,5,1,202,101,56dc51efb30899e70b54b8c22c94eb3184cad1d211ae6057a245459e684e56b5,ec1ee0d9167dc39c532ee17a7dee70254c2efb0d277eed2db3df0011e81b0d97
heart_disease_cleveland,019d736b-4900-714b-8dfc-be588ce802c3,5,2,202,101,52fad124d265dca9006e7669e4830e8df06db7cdcd57ab398ce561227a18e0fd,8fa042e28ccd89e2c0c497d9590ae6388efde4c41b4a4f36c0c05ee88baa4545
heart_disease_cleveland,019d736b-4900-714b-8dfc-be588ce802c3,6,0,202,101,b5fe9decf129c49721cef755686b14fe49aefe55d79ff76cbe18181292070ebb,759b7a9fe13da50d4ba6315c21a1f050f94dffb21be9245717db8fb1434e23d0
heart_disease_cleveland,019d736b-4900-714b-8dfc-be588ce802c3,6,1,202,101,1651ec3cbd32886a5c190fdc347afa380232c4233bf30e17cb4f528c0e9b0156,d406dd705425ea43617d8908ae581fd9fae1a09e7406e6f55ef21bd99b53033b
heart_disease_cleveland,019d736b-4900-714b-8dfc-be588ce802c3,6,2,202,101,f35e3a37c77222ae0982493baa80168b5430eb1984b993f02dec96af7b193447,49fe2734aee7fbe973162479473fc77badbc45fa68ef87583901b0366e03bd08
heart_disease_cleveland,019d736b-4900-714b-8dfc-be588ce802c3,7,0,202,101,784e270853d4fb39b7665a20b6728fcf91f732fb651698784dadae248bca176d,4ff6ac58b1c967ec0abb1840fb8a7c75efb0b0ffaec78b6ad175de023cebfeb0
heart_disease_cleveland,019d736b-4900-714b-8dfc-be588ce802c3,7,1,202,101,55e8cec8b90bb861ddfcbe508e633d2d82ee625ff32e41179999d50f58047405,bf550cb2e55427610fbb144c6e12a283245abd0376ee2437b71d195eb5081acb
heart_disease_cleveland,019d736b-4900-714b-8dfc-be588ce802c3,7,2,202,101,e16f72a8bdd9e5aa3bb616c8d363cd728be9ab92c6e614b09890c14d1ae455e6,011cce81d1d5c3aa13436164a0e5aa1bc39af571d4c14292ce6c7fc90f578ea8
heart_disease_cleveland,019d736b-4900-714b-8dfc-be588ce802c3,8,0,202,101,c2b98ae8bea6799181e89b11688cc0c684cde3d4261483cf524a3c6f9dd0826c,0746f11afa47d731c00d7053fc39c2a9d936a9cf40137cb2b6e380c804eb2902
heart_disease_cleveland,019d736b-4900-714b-8dfc-be588ce802c3,8,1,202,101,a16f80d8ae3cd3400b9e519d9a40d569cdd3f0c9b7bcc1ce29d6f66e4144b538,ee4893bbb7078145efb494705877fddb4aa041606a0627c4f517dc7932a99336
heart_disease_cleveland,019d736b-4900-714b-8dfc-be588ce802c3,8,2,202,101,5447ff746503ec8811d299fc5c5cc3c242c061eb58cbc6f857c1a8d34791a1d6,9e17878d14745d699bc8a5f4054ce9b8ee74a9dd9fafe284b013e7df9ec977ed
heart_disease_cleveland,019d736b-4900-714b-8dfc-be588ce802c3,9,0,202,101,b99785e4f95bcb1bdd0e970ec6902718fcfcce4dddc68c58c396aff61db932ba,42f5150813f38d060a9bbdfee8f379b48004573a2c1a4a3b7b897a9a4576162c
heart_disease_cleveland,019d736b-4900-714b-8dfc-be588ce802c3,9,1,202,101,5e6ab5aa61a31baccaa05d4f57e125b76fcbddaba030b2433ab351d7bfe9ae61,1492a3e338708410e7e937e75a206afbd73b9ca3b9c902588ebee52df4b95512
heart_disease_cleveland,019d736b-4900-714b-8dfc-be588ce802c3,9,2,202,101,5a4ece114f31c901c0de1ed521ce0b9e5ea137dfc980949c66a0d98b96a23d70,bc0aefced1408d5d522e37e94354abd809a08dcf9a4b4342d202889907be3e7b
heart_disease_cleveland,019d736b-4900-714b-8dfc-be588ce802c3,10,0,202,101,6527c6cc554b97a4bbb15dede4d85f05d257151caf60319ae856e7438eeacd19,f5b4f96732b5f41bb602448d6a691f68c5a4481a8a601c5eb601b27fe6da1475
heart_disease_cleveland,019d736b-4900-714b-8dfc-be588ce802c3,10,1,202,101,bf27787997c39542277492e23a1a53643d77ffba3a32bb15c8dc2a76c57dc8ea,b93ed741a2c62bd641efe1508057f3597386a3a6990452ed9d4f6a2773efa11d
heart_disease_cleveland,019d736b-4900-714b-8dfc-be588ce802c3,10,2,202,101,11f0bc170f920f69e322be7e20c7333ff20d1ba513700ec64dff61862a32b9ba,715d75dc71fa6c79433bc4c03b781401082c855271d7127b4bb67613765692e1
heart_disease_cleveland,019d736b-4900-714b-8dfc-be588ce802c3,11,0,202,101,7a29893dd00721d65a3b403858ad63cc079361762e6308109abef699e0b7f4bc,0ff1464756ce5bdc9fb2d4f2634ecf7dfe8e83a52fdd13c56c63d9409f1e554c
heart_disease_cleveland,019d736b-4900-714b-8dfc-be588ce802c3,11,1,202,101,8ee8d8062403847fe2436eba5a42ea410d1ffbc43c3683ae224bae7e9b95c780,06cefc71877e99e9cffbff940c6e447b67d553962a7f4061d89d2072483f0bdf
heart_disease_cleveland,019d736b-4900-714b-8dfc-be588ce802c3,11,2,202,101,c56ce33c0a10ea4905a83f27ddcbfe9949fa0b9397d8c68f2e09a3154ed935bb,3481ee28413e73a900d7e65c5147fd3c8eca2e0a9d28a7c5376deb9414fe8796
heart_disease_cleveland,019d736b-4900-714b-8dfc-be588ce802c3,12,0,202,101,0ada6d6b7765e73becc511efff94093c4aaa31778fd28cb1d210492b05e9f2f8,a90efc2998a62a2ad13fbd08d3697832ee6cf403c982af18b421795159fd48eb
heart_disease_cleveland,019d736b-4900-714b-8dfc-be588ce802c3,12,1,202,101,3f100ca2b4fa7685fd81abbde93461431f77479cfb1e8b33bc6ca551aa39a884,a38eafb8c8df848b037de77c8e08f7784bd89232f9fcea88f8f0341ba33ade92
heart_disease_cleveland,019d736b-4900-714b-8dfc-be588ce802c3,12,2,202,101,a60b749407b8a006511388d56d28b8ebd2f86aa0eefd6f1a59e73ee9869dc261,651b2e98e722d3a02ba6ee31a3864784d4141afea0ea13b19f62ecabfb254d5b
heart_disease_cleveland,019d736b-4900-714b-8dfc-be588ce802c3,13,0,202,101,9563f1e8e82f323b0b21749e11997b47826ab27700e329b765132bee8da6b23b,086ddbb82312dd4c8382d2243af97ef0b2a74a2d3622327ff392d030dbfacee7
heart_disease_cleveland,019d736b-4900-714b-8dfc-be588ce802c3,13,1,202,101,8f94b20de50ee651237aad304065c6d5f016db452bdb36769522bbf823f97770,b25d3f6818de1eddb5d7252a81a3decce9e79d7ec0b3a70c525485c365e8742d
heart_disease_cleveland,019d736b-4900-714b-8dfc-be588ce802c3,13,2,202,101,755a291e11abed914e9237b71e06648f3d9b490c505463ee4c01f0a04e898a41,966360121995974bb8152784ec2031878ccb6e0d3ff04c7f4ac2ba1348a4a053
heart_disease_cleveland,019d736b-4900-714b-8dfc-be588ce802c3,14,0,202,101,8d33ce80642acf1dc3da199cf783a477f6bd7e0d51e9d2e875d61c5a40342b93,8b7e35e15b8edd4d39157e010dd0cfb9b3f327819a34876d619d1ddbc51958fd
heart_disease_cleveland,019d736b-4900-714b-8dfc-be588ce802c3,14,1,202,101,6016e67bc6e055f48ab8d19de1b637fd2799d4b25f081c57fccb0ef3bea0a3a9,164a52a27b7bb5bc06cd16b62c513d1bffc5d57756add5e6ef6996059f37c811
heart_disease_cleveland,019d736b-4900-714b-8dfc-be588ce802c3,14,2,202,101,e8436404f1e93f1c59f9e7456ce2d563e8bdb45cd8843b8822a8cce7003fe4c1,ca02482bafb9f21f5cf8e8f82f7eaace8f3a477bc3d35da5b6395058b71f3cc5
heart_disease_cleveland,019d736b-4900-714b-8dfc-be588ce802c3,15,0,202,101,b420944f02f90c5f51805398465e3c2e5694ff652c282014c9785d1e80c3eae6,788aadeba675653c6ac554a9547b5ca39975bde665430364e5056569fde49b3a
heart_disease_cleveland,019d736b-4900-714b-8dfc-be588ce802c3,15,1,202,101,1f3fa90d5f24f5d1a3d7d1688a7bbb6d9b810b30578c78ab4f545c8af4fb7f30,bd017b900f12f66a5eaa3d1dd9b6130d206452bca731ae0d14f76c6abfae23da
heart_disease_cleveland,019d736b-4900-714b-8dfc-be588ce802c3,15,2,202,101,8e9c220cc1074b851a0415d14967e46e3990da9e4c04d2b7801be9e31a1d6401,3fc9e2c264ac56976a098c1d01e00c349e8dc7a358934bf838d871bbe5330d69
heart_disease_cleveland,019d736b-4900-714b-8dfc-be588ce802c3,16,0,202,101,130d372eec4a426996f4dd594b4f79a280392a35daa3a6d359d577f4745e6cbc,055e369e4596c31023742602f082e03de94fe55c092ea7f8c9211cfb3b3ca26b
heart_disease_cleveland,019d736b-4900-714b-8dfc-be588ce802c3,16,1,202,101,2c044b8dd73bbd8ee4cb74b6dd51d70e8467b0b130d1c468217676fa87418a2f,140496d1fae76639ac745ae6d4b247d59622c1114675ed020ffb338823caa606
heart_disease_cleveland,019d736b-4900-714b-8dfc-be588ce802c3,16,2,202,101,2f21c7315f54dd377b606f5c690a721efe10c7fb93abb297359ce946fc29530e,5df89eb05db1bc5c067b3d93a32deb2ae296005a39a042abc5d4644853f49aa8
heart_disease_cleveland,019d736b-4900-714b-8dfc-be588ce802c3,17,0,202,101,de7f6447a28960d21220fc086af332081f96170723aacc1b451a7673de7311c6,343d2668440a78f083dc6df6dc7d30cfb70cf75fc7a00b7e08ed054025ad7a0b
heart_disease_cleveland,019d736b-4900-714b-8dfc-be588ce802c3,17,1,202,101,ee60c91f6b4333978264e1f60a8d3ee7d2558d0fdf85c735032fc4d59fabf5d5,7cd646b5986a00c10909e1f49dcd797ff6fa1caa7ced8e15c899fc4fd99406ca
heart_disease_cleveland,019d736b-4900-714b-8dfc-be588ce802c3,17,2,202,101,94f7374750269c88cd09fef29fe657d4d4e83814a6627060ae62da54e31381b9,bf8fc39c79fb28e67ad8258e0aa02f5da47a8cebeebedfa1cbbd1a604b5a9ca2
heart_disease_cleveland,019d736b-4900-714b-8dfc-be588ce802c3,18,0,202,101,f340e63468d7e2a9d5f2c86b133cada8fe989744fc93966bd9a2b848587a6426,c39057471e6081404ddac9769ad0c16cc2bbd2a0a4c17110d24ec6e156cce9f4
heart_disease_cleveland,019d736b-4900-714b-8dfc-be588ce802c3,18,1,202,101,bd9a3c6f7164cde111504a8fbeb04be24bc2b3e37e4da6a9a12fd506b3131c3a,65af5088a7cb4c79f63693a9fc3942fe1e0eeaadd8a37c717d8198cdd985d2f4
heart_disease_cleveland,019d736b-4900-714b-8dfc-be588ce802c3,18,2,202,101,ce1c374834c89b6a63118bc6601f7f4617e00c8dd97dad51d2e6ad9cb12012a2,98ee1953e9eaef009d2043d0d3cb071a34434727be577245966a454ee4fb0d32
heart_disease_cleveland,019d736b-4900-714b-8dfc-be588ce802c3,19,0,202,101,6ca156dd404f9d84aba7d47406cdc36d900e60a023ec09eca091e9065df71029,f77a458de682bc81533f36dc74fe7b10c0dc454f7060b319cc43025b5be2cb84
heart_disease_cleveland,019d736b-4900-714b-8dfc-be588ce802c3,19,1,202,101,2a65eee38966014d2f5e55cb5c05c1ae9ee2a00cd0c1d7b3cc1a86293104e144,0a4399c094f1f75df4e90a67d64d31de4c1874377418db8282d89fe11e7b0a6e
heart_disease_cleveland,019d736b-4900-714b-8dfc-be588ce802c3,19,2,202,101,25e266797589c8ca3727980b9fdd67605f01e78f28e5ef248ca6fbe939ec6ea3,a96296dc288ac4e639be67ae8464ece0b1bf8a389b87d4ebd240263057e6196c
heart_disease_hungary,019d736b-5a1a-7c95-92f0-8c2fe5334ad2,0,0,196,98,09b910044ca70345a7bae46ad34f7280669198990ac733f2631e6d74dad13a11,fba8c4cf91c8e915160175a9a5872e063aaa2abfc6e36ba30a93f3a626d40781
heart_disease_hungary,019d736b-5a1a-7c95-92f0-8c2fe5334ad2,0,1,196,98,3371c2a3c230c566d6851e89cfcf89d3aa4e113a4c3ad661246a4e7a74bef8b1,cb9fa87c06338f4b96a255b0524a73226671c450736c20cd648c7d939100758a
heart_disease_hungary,019d736b-5a1a-7c95-92f0-8c2fe5334ad2,0,2,196,98,36647539f8f7c133472e34d1b0ed9b095efcfb29fa8c2b25657b3f62c5119c7b,58e163d5ed415206dc5cff500f9c7eb72d84f049d25fa69b0b23c4e7d78ab165
heart_disease_hungary,019d736b-5a1a-7c95-92f0-8c2fe5334ad2,1,0,196,98,214c4a5bf8a28804302f003351ef49a95c6540297f44f986d03e7a9ef77981a7,cd84dbbaf34b432d926bd502e9eb1b36726bc54efbcdd1bf6efbccd1b8e5415e
heart_disease_hungary,019d736b-5a1a-7c95-92f0-8c2fe5334ad2,1,1,196,98,c331cc7e71843ac2f7df5c6412d6346a5d8af42b944149d7d579f60f0c4ff58f,cea09a5fd8afaf408c4e57a89d0eaa474b16ed291da97f612c8d286c90c0beb3
heart_disease_hungary,019d736b-5a1a-7c95-92f0-8c2fe5334ad2,1,2,196,98,7a32358ce5965ca71994411733165c6738143a0e796217ce4b34cab4391a9636,40c0e2f189e773974d7bb07e0d9562be55df366802e1201f8fc61b32fd1fd2c5
heart_disease_hungary,019d736b-5a1a-7c95-92f0-8c2fe5334ad2,2,0,196,98,7698ea72d0268d2147ef9b77f0f6d150d1d508a67ad34b15ad52899d8bf7b030,87384eff953185b3d6cd79dc564570a81546f44b59ac12f8c18290f758b85e4e
heart_disease_hungary,019d736b-5a1a-7c95-92f0-8c2fe5334ad2,2,1,196,98,81bbf86e85e0de6426c20191354b314d12079eb3c62a63eb2e85119c46ea1a93,8d1ac5c05f6e428a502687a0c421485f4a5f32b099ef91f1d01d34c0134f43e2
heart_disease_hungary,019d736b-5a1a-7c95-92f0-8c2fe5334ad2,2,2,196,98,e93f56c29db79a3e0a15a0183fafc43eb4e13832c056ed3b51b52e01b4d31461,73bb383d5cd3bcfa83ea14321d8aab3752ff5ee69ba165ba6ebf2197b306f5ee
heart_disease_hungary,019d736b-5a1a-7c95-92f0-8c2fe5334ad2,3,0,196,98,2ecf34cffcd9f9526b8db8e414fbbe05ba0120f8853b7713d9bf783293f45517,122b7798993c69665ef9a1d83a236134f0e8b3bb36c8bca81a7640ddc65aced8
heart_disease_hungary,019d736b-5a1a-7c95-92f0-8c2fe5334ad2,3,1,196,98,06e0fe053672b079a7403f09d5aafe455a54cb3205ecf17b1059c3846ca0055a,ff8024f65ba9f13fe906f3ffb0cfc2c553545f1dc46a9f44c620f7e52cc5c7b1
heart_disease_hungary,019d736b-5a1a-7c95-92f0-8c2fe5334ad2,3,2,196,98,63849c11e42e9bfb64012b9791ffb8475c16d99a294e79b277a1fee0d67cd8cf,6996eaf53beb2b5f18e6b5a5a9b4ce918cbddc5ddda23f4fe436f60d1f7d0867
heart_disease_hungary,019d736b-5a1a-7c95-92f0-8c2fe5334ad2,4,0,196,98,44d4d9581a4d21e53ce696c00e5c9a3e986c86f85181343ea950dae97c24eb74,ccb9473eeab31624c12a8ffa32c3dbf1da8b0c98da6904c101d9ca681c797e08
heart_disease_hungary,019d736b-5a1a-7c95-92f0-8c2fe5334ad2,4,1,196,98,b3dffe1d1bbc4bbe02d59d09930b072020f4e76af02e0ed132b903427017e99a,27ed7225b3f7dba2eb332341e0b61b82bfb7bcfb160163e0dfc120e13569329b
heart_disease_hungary,019d736b-5a1a-7c95-92f0-8c2fe5334ad2,4,2,196,98,d0df70ce254c5eec4f5a695af10ecf2ea53109327b9849f8156f054e2809c7d4,09e89b1e490ab3e69731be4fdc093b073fcdab8ef2ac40db3fff181b182690c0
heart_disease_hungary,019d736b-5a1a-7c95-92f0-8c2fe5334ad2,5,0,196,98,f0dbe71d0a80766acd23066540dbe654d57b362ead9f6c2c8456f975f52f28b6,bba6e1b727ad09ba9e0c84fc72104e6b2c583528270136408ec3ef4c8d4a7eaf
heart_disease_hungary,019d736b-5a1a-7c95-92f0-8c2fe5334ad2,5,1,196,98,33a27c39ae90ea76c70576a387325b8b31d83e3254b5dececf614d059e412d65,2ba7b5ae9c7a3546363d7ce740785fb43620fa9f056b0811145bcff376de9e16
heart_disease_hungary,019d736b-5a1a-7c95-92f0-8c2fe5334ad2,5,2,196,98,1dc8653303fd9d0b62eb55993829930c57d754dfa5c25247bdaf96e7574142f6,d31bb3bc788ceb14bd74a9e272f310e5293f272d23966a8b0d2ad1f6368d661e
heart_disease_hungary,019d736b-5a1a-7c95-92f0-8c2fe5334ad2,6,0,196,98,62e0d2e6645fd7d13a75b04d8334eb0c8e4a6abaf786e08f298e4ee8963a7694,319ea3362dce7216010302ec29e34f6c5be4bf96cf72e24a33c631f1eb8f007d
heart_disease_hungary,019d736b-5a1a-7c95-92f0-8c2fe5334ad2,6,1,196,98,f462640c10640eb2f275f08311223d036d35c036f28cc2fe86fa4dd55f2ef906,a190564004c2b7676c2efa494ba3a927768cfc26e504c7dc192802d70593f1c9
heart_disease_hungary,019d736b-5a1a-7c95-92f0-8c2fe5334ad2,6,2,196,98,1e267a2ba0264d5e44aa58b05241e13fe839b489aa6eef37120f66fd2cd2f467,db838e97780aeaff70c9a3fff863b6908a57c7b2403f0f607cd09222bd75ffb6
heart_disease_hungary,019d736b-5a1a-7c95-92f0-8c2fe5334ad2,7,0,196,98,5a43c4baeba3b6a5555b04902a685a0950ad776ec0bc1057b4dde089e8260b69,fb9dd07694c47f76bb43d52d21ad972d23330b22d591f7f28b9ec4a6bb685382
heart_disease_hungary,019d736b-5a1a-7c95-92f0-8c2fe5334ad2,7,1,196,98,ff0fe60bfd46774447696920bb5aaa5b3e17800d6e071929042c5ab85cfc23a6,795677e35a9b05ba6f650e9014ef7e531f094a396bddd17ec943291d2970e0f7
heart_disease_hungary,019d736b-5a1a-7c95-92f0-8c2fe5334ad2,7,2,196,98,fcefb25b3e96795a0769d1d477949e386493137a2693964b83f113de577596c3,20bf36ed792d5260a63236228e968efff268bdb7479334a135eccf838aaac2e3
heart_disease_hungary,019d736b-5a1a-7c95-92f0-8c2fe5334ad2,8,0,196,98,a5096163ed97360a119f392f1d5c5183805b5c6b588f0c67107634010e19c463,927fffb624a365c8892d720cc93b0b495cf38babc67edf6b16988da9416e254d
heart_disease_hungary,019d736b-5a1a-7c95-92f0-8c2fe5334ad2,8,1,196,98,c1c49dcaa75aae028245d38c39851db10268f18ff862870a2f37385d7c8cb395,56a40e13223991e1493d1da2ef865d48e958fb5f47ce42756f35357a0039a207
heart_disease_hungary,019d736b-5a1a-7c95-92f0-8c2fe5334ad2,8,2,196,98,8e15c54df6a991db2dd72d10717e2e5d3de15476c87aec7ecdea357938122199,01e0fe1bba76c01c79dc004634d7e2ea26ebffe971ca4ad0c5bfb435fd5602f4
heart_disease_hungary,019d736b-5a1a-7c95-92f0-8c2fe5334ad2,9,0,196,98,616e1c2268b772a841fa17401f7b76b812a4635798d01074babafbc1c968ad13,a808dc2e821ed12fb7d7f389b3492b106df367ddcfe4257be824f132714e7812
heart_disease_hungary,019d736b-5a1a-7c95-92f0-8c2fe5334ad2,9,1,196,98,db595afac574566fdb2995f23f53f163fa34d13ee0a060f98da53fbf47d71130,f0f139ea52e58aff10a9a85a8129879f0441bd8fbfd63e0a7d8ed7478152e907
heart_disease_hungary,019d736b-5a1a-7c95-92f0-8c2fe5334ad2,9,2,196,98,a43803b1b9e074c5228d23dc0f0f23e3bccf1910ba76fcf5e6784585641fd727,f0744f3e44f9eb8b1c4415444d07b11b4587292e29556a7e92570acc9a343efc
heart_disease_hungary,019d736b-5a1a-7c95-92f0-8c2fe5334ad2,10,0,196,98,2305a7f9a488957bbfc37449515b9949557683e2727147edf7f2f682a17524d6,3101376f574c1b3a1f8ea7a20f081461dee3a67b2c0ff2409638839001f64bc6
heart_disease_hungary,019d736b-5a1a-7c95-92f0-8c2fe5334ad2,10,1,196,98,bca6c53b0cc02001e0b8925e9c2cb50c703ad085521ba4fb79650f28c5281020,e1bdb4eefbc13fc91e553fbdb3b4872340ee1f3efc79c297a4d95b834a539165
heart_disease_hungary,019d736b-5a1a-7c95-92f0-8c2fe5334ad2,10,2,196,98,d4b30ad786a22c622bcbede90a2efba0a90f7a260848c6c80db27912b7721bfb,8caac8e152ca9212bfd01b406ac9df22d15ea2a0ff108dac76b8e373b8aaf8de
heart_disease_hungary,019d736b-5a1a-7c95-92f0-8c2fe5334ad2,11,0,196,98,6b4029fe83c02e35a30b75b7be265620e3a6619c59abb0d2c7c71b448e05286f,06e18f9dcf5cf82b6c6d583e74cdc0751ac02f7e6dc2af2970ec1f86ff864776
heart_disease_hungary,019d736b-5a1a-7c95-92f0-8c2fe5334ad2,11,1,196,98,5db3977559a94cbd3e3f0ed3d2fa92031e0ea6763d2224ecf1947f63ec35f0bf,33c3d79bfe8f32656ee088879ae7834df242e841c95f805df83e16a4b42589e2
heart_disease_hungary,019d736b-5a1a-7c95-92f0-8c2fe5334ad2,11,2,196,98,fbee4465ec011fd47bc7fea6763c43cce47b8b9495732714374516e22f15d640,50c715f7c8def2a27ce08e584c6f7ca8fe3d49fe8d8c79d8668555b5e36f09b0
heart_disease_hungary,019d736b-5a1a-7c95-92f0-8c2fe5334ad2,12,0,196,98,b9927f0b7eba15ccb47199df20aee8fee61a2b9d6d233c8e007f8282bde59d6f,9fd269e4df870bd9ecfae4b979a43c247bb580b2cb0b8d8ade78cb16121f075b
heart_disease_hungary,019d736b-5a1a-7c95-92f0-8c2fe5334ad2,12,1,196,98,e65c68c385117b434eb5959ed3448f1a1c91a7a44ce5bbdba96e779117827c42,36f0baeaaee66cce16db40784d7b8370fc6b5be4d25f88f00d7f88a4e7a5b681
heart_disease_hungary,019d736b-5a1a-7c95-92f0-8c2fe5334ad2,12,2,196,98,5fd7031095e202d9fa1fe07bfdc17b8ef51a3677421190546d1bf263a51b3341,91b0c300b5daa1d6ec398595067c509976b68fa093ae1b415b7f4b4e8a07d2a8
heart_disease_hungary,019d736b-5a1a-7c95-92f0-8c2fe5334ad2,13,0,196,98,41023915a450ca7c78eebf3d462d9b1e784d59b71b2295e4494ee8d2075e67f0,ef63918583a60594417fdc1c0822ba6e838a1e66186cd5062c5ac361470ff664
heart_disease_hungary,019d736b-5a1a-7c95-92f0-8c2fe5334ad2,13,1,196,98,01f76c8a84a3441ef4a69d275c2f872458abf7f841025866340547d26623f542,92c3c00d33670c126d774aea1344c3d1e59cf4456d31535e0709266aa8478710
heart_disease_hungary,019d736b-5a1a-7c95-92f0-8c2fe5334ad2,13,2,196,98,fb6bf5f10e748d0faa533f6af49d6b898550189f5c6cc52b58151cc5aee59fc8,1eaf4b67d11efcfffc930aa4930d381b33a71dc947331137be532cabd4d26d17
heart_disease_hungary,019d736b-5a1a-7c95-92f0-8c2fe5334ad2,14,0,196,98,5fc91aead6fee16bdb098b6d24554d8630292e7b2833cac0f08147663f9a07a7,4ca6589715acd81df2ed0d55043bcd201f769d370a0c99285cfce0a0c3a01326
heart_disease_hungary,019d736b-5a1a-7c95-92f0-8c2fe5334ad2,14,1,196,98,0231f04da3f86c36b8ad8e33d8586d46f9c1176cab913dbf0d8f8ae1691f96af,bc131511f78439e9a6407764e0e7de65212c9ba001baef9f25487ebadd4e02b6
heart_disease_hungary,019d736b-5a1a-7c95-92f0-8c2fe5334ad2,14,2,196,98,d51120aea7b9c0c2593092bfd387913a108f15facb1621bcb2336436f3e355ec,13b8d7da88131296268b09c14b85130d3c47e131b7778deeedc688d1aa9854a0
heart_disease_hungary,019d736b-5a1a-7c95-92f0-8c2fe5334ad2,15,0,196,98,fbc9e06bf815ce4397637162f0e22ffbb69a66186a7e88bf725426c2f1e106ab,1efd0e6184a6255adbf1ac5bea9077a743ce276d888aa534cc6f8195989592eb
heart_disease_hungary,019d736b-5a1a-7c95-92f0-8c2fe5334ad2,15,1,196,98,ad8a9b7009489695fc5db0695ddc4f9981f27585f1fb1d1ab3c56f5608537949,07d14615cc08367220a699edee56056ea02eff17c1792ff572cb2c794a23bb05
heart_disease_hungary,019d736b-5a1a-7c95-92f0-8c2fe5334ad2,15,2,196,98,3a2970256b8434427a3b8d56d9c936f788cfa7443532d1777dc3abd5d48ee0b0,e7dac24bea92cbacabb33b4b9d90b549b10d9e387bc37af0f4f20a399abbe7be
heart_disease_hungary,019d736b-5a1a-7c95-92f0-8c2fe5334ad2,16,0,196,98,de3efb81002438d11d46ba1658a44da1af1e3ee2a7814f445ab4f9f5643f3905,84358afd9dc30c80a18b69f36f356282866dcd088c938cad61851f1a451e02b2
heart_disease_hungary,019d736b-5a1a-7c95-92f0-8c2fe5334ad2,16,1,196,98,1020e056063842293b39836d8e9e75f5b59355c5c758dcc53b7f652acd2dccce,2999ad54302359c84ed91cd6c26d5357b23f60ad2c21f067a8efd3fa0c92ba95
heart_disease_hungary,019d736b-5a1a-7c95-92f0-8c2fe5334ad2,16,2,196,98,e694c8e48aac835f70b169cbb733fbec50b98baf1a019ad0fcb9b3e7046313b4,2170ceb8f0820feb39dd4cda1cd96bb1bba6e7027d4b653b1c5f3d8bcc07f1c4
heart_disease_hungary,019d736b-5a1a-7c95-92f0-8c2fe5334ad2,17,0,196,98,721f5cdf100ea6d2ea5dd3d3a06197bd4eebb28f9a47f101a1d195d9e6a77a9e,e7d0418e61ce96919c4c3607c1fd7645a03c7de0159d8c38c192d4b3c69e84d4
heart_disease_hungary,019d736b-5a1a-7c95-92f0-8c2fe5334ad2,17,1,196,98,bb558b66e18cc7c0dd2a4f405c0cb7b4d6c7b5a16328d320d187a59f9687548c,bdfb91e76f2fdbbebb90eda5dd65d6de2fbc18cbb4ff68518206eade98614ac2
heart_disease_hungary,019d736b-5a1a-7c95-92f0-8c2fe5334ad2,17,2,196,98,ed92506336fe400d032188cbb84774c6c015a459cd75453890531918f257e3e4,61837d42de55823ecbbaa22a6c7b582e75be82abe21eb446b16455923b32c697
heart_disease_hungary,019d736b-5a1a-7c95-92f0-8c2fe5334ad2,18,0,196,98,8dd525ad0561b99b054a8597602324f44e326a4b11eab8f8a01af85c96fa3866,a5fd6dc204f248ef54ba16201e62608a1f483db718d7e4ffd16314270bb91dc5
heart_disease_hungary,019d736b-5a1a-7c95-92f0-8c2fe5334ad2,18,1,196,98,545b7d0e122b49e5f6532aca48f579c9408e3b67dd87da1863e86525b40e86a2,e7172bfad66f4b5bc9e3517d47ab573dd879d8c16ec7aad36fd09ee895e4fc59
heart_disease_hungary,019d736b-5a1a-7c95-92f0-8c2fe5334ad2,18,2,196,98,f81c51fdab5e82c843f6bdb2d0fdeca7a84dd6225e121159f89165f76aaf4adf,8f172429da21e89fce5159391cecdc0834f946240ad229f5f3b1d8e730e68f6b
heart_disease_hungary,019d736b-5a1a-7c95-92f0-8c2fe5334ad2,19,0,196,98,44b9d22f887e75da9f5f5f74fc154a22988ccf958692b79ffc2c023b5c7fc2c7,f720ceff2393f33298e11fa7b94032eeec8166baf0480826bebb58e2e4c0eeda
heart_disease_hungary,019d736b-5a1a-7c95-92f0-8c2fe5334ad2,19,1,196,98,e5618447e3f0bb8fe9052980f7a7253292b17c239d2adc70304e36df0d307962,6af0f684bc6d2628711c338730e1f140c316bb7a79158d289010123dd872aafd
heart_disease_hungary,019d736b-5a1a-7c95-92f0-8c2fe5334ad2,19,2,196,98,069006d2e5deec6872a988c49e4226cdaf885234dcfb843dc38f310c4e685fc3,eac88c5d92e860f501a7ff2a91c70d054b0b4609300313fcba70ff3bf9cf6954
heart_disease_va_long_beach,019d736b-7c92-71e1-a6d6-27a91ed15d3d,0,0,133,67,0a8c9eef6893ce358bbde17e9f44300810c0c427320712f0133b294bc8b4c39b,c7cda1d2005c787bd8090c0a337f183c62ab40e41756066f2e79ad17527b382d
heart_disease_va_long_beach,019d736b-7c92-71e1-a6d6-27a91ed15d3d,0,1,133,67,d9b890c4049222239f22842128b1a3da0945e1030625b146d6246615cf4ad970,556a1f357af444473d699b639c7731de58438cc3c31aa354e1b1138a017fb04b
heart_disease_va_long_beach,019d736b-7c92-71e1-a6d6-27a91ed15d3d,0,2,134,66,9f75b7cbc9a7c430ae406bb92d0f073e1b3ad9a9028208d1f74575c7ed059970,412f1f65ea297c5cc8397e6244341bf30d6c1cc81c707c871d104071f7503533
heart_disease_va_long_beach,019d736b-7c92-71e1-a6d6-27a91ed15d3d,1,0,133,67,b8d3a1535e58c4972633e150c40a1a6e3baebd847e7d59d95852d157efc1b557,4403e9ea96d7de78bbb566dde18346f212d79b5038f3cc883957958bb95fc6e7
heart_disease_va_long_beach,019d736b-7c92-71e1-a6d6-27a91ed15d3d,1,1,133,67,0eed6f8a13df8b30d378443df8652d762d5ba549ea066e705018648edde3597f,ff95c5b1fb0e8eafb3b1d9783bc1f00301d06c424fa2be0e548eb38712796ebf
heart_disease_va_long_beach,019d736b-7c92-71e1-a6d6-27a91ed15d3d,1,2,134,66,ec3a1f3a34fe8fdb5ded9f85ef0ffa40e64de1a81a67c18e42df48ce96f5e3f5,41797a29bc6e88cdcf8ed34a1887887a420fd3ff94f4b05179602e7ff7e0eaec
heart_disease_va_long_beach,019d736b-7c92-71e1-a6d6-27a91ed15d3d,2,0,133,67,d3f414248a47dcda694b57312c557c8ecba41595b489731e5de8c861e7456c02,b56496716d202a363c2a5768941cf3194c7ba6515a2493ab672e4186d1830805
heart_disease_va_long_beach,019d736b-7c92-71e1-a6d6-27a91ed15d3d,2,1,133,67,d868c019eaa2bad2fb11e7430f038fae8f1afe9a557d780c2fb6b1d38c676aee,68c2c0a4802796607e962fad4afc38c7718628af406068a3296777f1d7a2b038
heart_disease_va_long_beach,019d736b-7c92-71e1-a6d6-27a91ed15d3d,2,2,134,66,d364b9fd512459e19c6cd1b826c1328bac90869a9b40db105a43bc4ed317259f,e9c9c88ca02098b221a4ca67285a2d143c9ac6e2fa1a0f5483a0175092b1e766
heart_disease_va_long_beach,019d736b-7c92-71e1-a6d6-27a91ed15d3d,3,0,133,67,9e26833cf9d140d026e3a4afc0cd526e98c7999104ec9538357f7bd5f0a61130,e4bea7f2b99d4e1b7ecb31c45bf6a5a9568f906f3b8a11b1ece433e98463c3aa
heart_disease_va_long_beach,019d736b-7c92-71e1-a6d6-27a91ed15d3d,3,1,133,67,6bffbdc1b543f579fe27c4da7d4ffb62c646a94e5665a24533443b27cdc4f58e,eb0d14e0c47b713d7d01db0f36a53b5ea4b458d550f5e23c487d118d5de9da95
heart_disease_va_long_beach,019d736b-7c92-71e1-a6d6-27a91ed15d3d,3,2,134,66,95b36a4a4e4c93e0aaff14da28df056bfb6bb6ea686d7bed7f80d6f9c9741846,96ca6157abe77a3dcc52d7f5b36d76ab069611c757b599dfc706ca22cde33013
heart_disease_va_long_beach,019d736b-7c92-71e1-a6d6-27a91ed15d3d,4,0,133,67,ba1786faa49b1422aa19a5880edb4c40f694bf9ee5623f2908c97d44da57a6d9,164ec6b5aaa8c1dfd4d98e031f24a4a2bedc33e2e3ac7c72bed73ee499715a12
heart_disease_va_long_beach,019d736b-7c92-71e1-a6d6-27a91ed15d3d,4,1,133,67,e77b15af3f88e34a9ff0eb1346ea5d7d68ba01e29c6e02b97ef71be0d449c030,8d48b41e48d7a5ff604e8fe087cca6e8ef4ccb91db7d06a7ed5d0361c7c3a657
heart_disease_va_long_beach,019d736b-7c92-71e1-a6d6-27a91ed15d3d,4,2,134,66,f984f2e98bd4263023524cc3e1fd6529042e47d9d7a633c72884f5f839ac004d,ceaa39af37b938160a0dc6d5eb2649f8b1265b9cd2a9f0bbb15e8c15a2325eb0
heart_disease_va_long_beach,019d736b-7c92-71e1-a6d6-27a91ed15d3d,5,0,133,67,5f73cb47e0e5f8073fcd6140503b7777c25902e8a7a4e1a1fc5220ff9738403c,b6b6f4fe4ecbc0f28995e1314b0715635cd9489afe5a5dd6a54889f686e30e4a
heart_disease_va_long_beach,019d736b-7c92-71e1-a6d6-27a91ed15d3d,5,1,133,67,c4744fffb944954bc75c54a0bf81a94edc9f78aa0ff65956b5cf2c6686a3b79b,53897c270c7315afcd4de22cf780c7091e624c44ada420a677b7a40067263ee7
heart_disease_va_long_beach,019d736b-7c92-71e1-a6d6-27a91ed15d3d,5,2,134,66,068825838da18babc384eaa17b64ba648cba05194a5a6d28816e05314b857792,b958e0bab19a1f41c98ac2f94199ec719005a9dbc3346f38d4198b94b9533452
heart_disease_va_long_beach,019d736b-7c92-71e1-a6d6-27a91ed15d3d,6,0,133,67,cd032f26d33fcb6c8a795eb148c65cdc540460cd2ba53ff0a984fef8635e972d,16df8cca37653a81ac29ce2367759f594a529e1816ee2611f45c7895a1d6437b
heart_disease_va_long_beach,019d736b-7c92-71e1-a6d6-27a91ed15d3d,6,1,133,67,b494051cdcd4413f78795551e6c132192ce85068d262191d5a04ab65d5440218,f6ab19fa9bbc1d5e40393831061886cae6066275dbf40b65da033292488fe818
heart_disease_va_long_beach,019d736b-7c92-71e1-a6d6-27a91ed15d3d,6,2,134,66,d314ce00655bf523fa7e630c4b2f1a3d9f9474139a707f6880cbb0091134d4f5,6b812a314a04bf2cf8b161069c190e066717e99769d461e8a1cf405a55b02288
heart_disease_va_long_beach,019d736b-7c92-71e1-a6d6-27a91ed15d3d,7,0,133,67,23ecc865002b166aa325e1e72b528ac6708b35dd3021299456a7c65c1bc1e91d,d8dd776ad5a2c113e6665c013f330343a07511355e426e0233352029ee9af349
heart_disease_va_long_beach,019d736b-7c92-71e1-a6d6-27a91ed15d3d,7,1,133,67,c6ca745bb91a4e95fa2fb32c9fffe48948b7ef9179400baa89f53f54d3bdb135,6c77c9d3754322d392b4d002dcee9296b52c8658740c5681280f786f1aa8cb12
heart_disease_va_long_beach,019d736b-7c92-71e1-a6d6-27a91ed15d3d,7,2,134,66,b883f8414104d6d87a67ee94f67edc63b2d2edf7fa2f2763ff74a1c4db372030,d45ee87c9f1418a87761e3415696a8d7bbd421cbb48f76815a29e228e92f3d97
heart_disease_va_long_beach,019d736b-7c92-71e1-a6d6-27a91ed15d3d,8,0,133,67,94ffe0d8986b1f2b3093d19476e5eb40b94b316a41cb9d46810c839f3e36462d,b9e5a5a60cc0fb9da215452628f935b2a7c8b5074c6c8d4d4a570ec42a2dc186
heart_disease_va_long_beach,019d736b-7c92-71e1-a6d6-27a91ed15d3d,8,1,133,67,9a6a7609085c27c75d2fa6b936787f6e554547bec9ea454c412b2061b9a57dc8,fde30203371374112107b06781c9c8ef2dc9a1cb5806e6329d7f82d919eee0ac
heart_disease_va_long_beach,019d736b-7c92-71e1-a6d6-27a91ed15d3d,8,2,134,66,c9f6dfefd8a8c43186228b305d43a0c99e85e361377e8b99c4d2da70d64d9e51,a273d9e7f9ed9abfc42f5c628ce7ad1b70cc8092cd777557750bb78253f38ed5
heart_disease_va_long_beach,019d736b-7c92-71e1-a6d6-27a91ed15d3d,9,0,133,67,f09c3779966054abe0f7b79c5491d125b5da352036f4b71e4520fb35b18b343d,2cc96957098fdd3b4c89d967624e934cf255ab6839d382c879d932b1643db402
heart_disease_va_long_beach,019d736b-7c92-71e1-a6d6-27a91ed15d3d,9,1,133,67,341a763393e8ca08056369ebd2c99c0608daf089e1da1b2f8fb39e73bd480ac8,8a338a2597d68f4a353c9e796f9f2cc753209bd330c11736a29f8058d2c3140e
heart_disease_va_long_beach,019d736b-7c92-71e1-a6d6-27a91ed15d3d,9,2,134,66,02bb66dffc4f1e14c939044b43a299757fdd11ba634032367742fcde93dbbb60,edc37a4a7b1df4f4d034c7eda2b489c6f8205ba485a9378b0b45c76c9aa487b9
heart_disease_va_long_beach,019d736b-7c92-71e1-a6d6-27a91ed15d3d,10,0,133,67,028577f1d014fee32668225310762e8a0bd9ca83b25029e08a3e070c30667a4b,a59508432daf42915c668f237a13731d3e0697e3b74edb76fc1e0068aebd8646
heart_disease_va_long_beach,019d736b-7c92-71e1-a6d6-27a91ed15d3d,10,1,133,67,b8e4605f08a43e05cbf6f8a60cec44a75f22e2d179a376727b16eed7730d0a2e,1b75401df348a02fa9c903ccd3ec76752d2dbc8ae37f745353e2de8d89b10acb
heart_disease_va_long_beach,019d736b-7c92-71e1-a6d6-27a91ed15d3d,10,2,134,66,7b757c43f0f1a532f576ee30158e739b4893e44e69ff25740d22b3bdddda09c9,c8f59152ce55f2afde88f8f120e0576f8e1af20cf9dd186edb1b1b6c73697813
heart_disease_va_long_beach,019d736b-7c92-71e1-a6d6-27a91ed15d3d,11,0,133,67,8f0a7d193fbf05fcab26a0946fc0c782e3eccb01f94053e16127071613c26362,eb70888e5a54d54a43c7f090027bcb746e3bc42f72ce63c975d4f851c9a1d507
heart_disease_va_long_beach,019d736b-7c92-71e1-a6d6-27a91ed15d3d,11,1,133,67,435d575e8a5f7b9868f4fe8206793f0ec30a4ef95b626a3206dac5fda40ad895,01ae9aa60f11c34c8a857a0a9ebc959b1c2817296b26e3b199472d1c87118f28
heart_disease_va_long_beach,019d736b-7c92-71e1-a6d6-27a91ed15d3d,11,2,134,66,5279aa2af4a022162efedb2340a58dd8b5da629f52be3b0ac6b28eadd018b8b9,c98b891982e1a4b404d0f37bf4bab10b7d148cd1c55ee4801e0cd99c6ad13f3a
heart_disease_va_long_beach,019d736b-7c92-71e1-a6d6-27a91ed15d3d,12,0,133,67,aa45b5a379a39419504b7e3be32569da850f1ddca1abeca8f17fff17aca6fb4a,1f5590fc6ea5457913e7d23f7a20a7ab0a422ba5461d33983b501c552c1fe26f
heart_disease_va_long_beach,019d736b-7c92-71e1-a6d6-27a91ed15d3d,12,1,133,67,062bbb2d3d83670d13544aca0fe90eb2a9c93ed8f94d1be8e62c03d0c5d7d112,405fe51c184eb0a32b64aae4d12f5c9b753c2b61e919986df4999ca307081d32
heart_disease_va_long_beach,019d736b-7c92-71e1-a6d6-27a91ed15d3d,12,2,134,66,b139198c076baa3f30936478dd803f82bb1b57bf24243a1db069e919410b0ce7,8ec07d7e489eaa0c74095307059662af1b4d1327297eb385de9c833c590f97bd
heart_disease_va_long_beach,019d736b-7c92-71e1-a6d6-27a91ed15d3d,13,0,133,67,fe61a504f627f6ef55702126a354b71d8526f3c799ebe1c2a180ab28f65e44cf,6eba48e46e06dd40e204be72fbcd532d93e825defb2dd543449f95955d04c515
heart_disease_va_long_beach,019d736b-7c92-71e1-a6d6-27a91ed15d3d,13,1,133,67,440acedfe80b50013d561e829072ebf5ec5b74a46e893cd5fd34720795dff387,a68e4df52261182eb5c7ae6ea124a6fcbc6d408abff6ea608b0fa747d853dd47
heart_disease_va_long_beach,019d736b-7c92-71e1-a6d6-27a91ed15d3d,13,2,134,66,3362c9b8e110b0b86481653fa7636e17762060dc58aec93d8bf6b397e9b8b34b,7cef1555a6390fd291f08275d664d21902e0b29592d7b6427e8eeaf1e1c8d308
heart_disease_va_long_beach,019d736b-7c92-71e1-a6d6-27a91ed15d3d,14,0,133,67,aa892b788d79f88d795e2403af71c0d0d4e80ce63584e957dfa623ca65fc05cc,64e20c30a8a4d074131cf52635a514ec953bc9cb58a210c7d31179bb9cfa39b9
heart_disease_va_long_beach,019d736b-7c92-71e1-a6d6-27a91ed15d3d,14,1,133,67,36f03894efa95b2ac99f72375a90fa8bbadf50b85f9c96456a08e66e1c9dffe4,39c60679b4f191eeb32cd7c4cfff72512c743d703339858ec2643cd9aa731dea
heart_disease_va_long_beach,019d736b-7c92-71e1-a6d6-27a91ed15d3d,14,2,134,66,3c34112967ad6c49f7ba4300f3f562356d2e25a556de7cdb014e72b7d9dd7b76,d2b8a20d6d4dfd40ea0059604b325ec7937214ec3ecf9f48c291c9de003aa064
heart_disease_va_long_beach,019d736b-7c92-71e1-a6d6-27a91ed15d3d,15,0,133,67,2617f53df821be8f9c9025627d327010fecf08393e964b7f32b064da57282c84,8dba27ddb75a0f069eca532181839f2f8c22ad0fdc8811e260d6e0ff35aca83f
heart_disease_va_long_beach,019d736b-7c92-71e1-a6d6-27a91ed15d3d,15,1,133,67,64523fea8c0c974c9e7d9a7d529e30c9408f7d38b4ebec5ee13af4e6b3ec9241,a6e3915655d70dee60921385d19355f2502c16266ab43c25186d083aed195286
heart_disease_va_long_beach,019d736b-7c92-71e1-a6d6-27a91ed15d3d,15,2,134,66,474e9748875cf61d52e6daec61395edc0a85df81f2f1b1b7a7f0906858929f1a,5947640e67304cda9516ecfd8a9eee3076d02ff969a2036f45a36f168377c5a5
heart_disease_va_long_beach,019d736b-7c92-71e1-a6d6-27a91ed15d3d,16,0,133,67,3dac08bb23fab3d62f2b57827f891aad95061ac4ec21c41fe821165a8e793c71,de361d9326a5aafab27ceabde450d211903fa327b297e959eeca67befaab0069
heart_disease_va_long_beach,019d736b-7c92-71e1-a6d6-27a91ed15d3d,16,1,133,67,b8cfc54d1c1e8258f88513c9f7c074639f10c4ade48c7f5a364262732c06cac3,a0d1d95e78b1f3ad796f3fe8c0670903e4f9cffcd2d34ddfb9ec6080c7981d81
heart_disease_va_long_beach,019d736b-7c92-71e1-a6d6-27a91ed15d3d,16,2,134,66,7ca81966c44a220936f5633fed00c6bfd59ff9b5887ece8f6bdd58c024d5cda1,3b3daa78ded1ec2ca4e8967f4687a507fdf3f555d71b4a517d141425ea961d7e
heart_disease_va_long_beach,019d736b-7c92-71e1-a6d6-27a91ed15d3d,17,0,133,67,26def12fb213363d1ae8d29d2fc5774250a823d8664d9880238f1696126139bd,a37d32b5ba18acb9a1e9c67265808708b4dff1e48cbaf020f7a1e6b81886e014
heart_disease_va_long_beach,019d736b-7c92-71e1-a6d6-27a91ed15d3d,17,1,133,67,1d1b8e8b855d080467719cc1e00ff76e4e4380c8f19d3b7a5b188ea1a8b9b817,7e1ca4d00a1a07c93bdf7a141b6d37948b16b1842fedd25fd42c7eab949b5fc3
heart_disease_va_long_beach,019d736b-7c92-71e1-a6d6-27a91ed15d3d,17,2,134,66,fc281bff785261e3e2658b7c02d7f6ecafef74d382652d7b982f7e26f46dd7fb,b7f0d9b6fc68b21b2963672bf3084bb2bbe2df355eb69f975d61f6a0424189a4
heart_disease_va_long_beach,019d736b-7c92-71e1-a6d6-27a91ed15d3d,18,0,133,67,dbcd23f5ea9e5da576996f5c29a55d1a3b4957092d0dc7031822ff5fe2ff9a86,2349dadddd5cbf017069dcee094dd8d12abe751cbde5971e847f68a5af0f1a2e
heart_disease_va_long_beach,019d736b-7c92-71e1-a6d6-27a91ed15d3d,18,1,133,67,6cea20a771996f1708b34794b27c55d39a631d484909523cdea2f25f7fd6c660,2afcc65a422c2b6f3bc165dac8682028a40f5a14cbb86922e9cc54dd22d0fda9
heart_disease_va_long_beach,019d736b-7c92-71e1-a6d6-27a91ed15d3d,18,2,134,66,9b5aefa7af3ac109deb782e8b6bbf5c722bdcb561ec5b1708c014aca277c03e0,bdc8698a919249d25309e954c3a4b73825ab1f7153ebba10ee7f1cd8a4beeae6
heart_disease_va_long_beach,019d736b-7c92-71e1-a6d6-27a91ed15d3d,19,0,133,67,9fec4547b8e653f0b26fbe2190dbf782c5bd59cbf7ad4128c59fd3d1eab2eac1,4d3fcc6377cc6959b8d21783de1f5e991fbdadeca667b787b61bb158a146110c
heart_disease_va_long_beach,019d736b-7c92-71e1-a6d6-27a91ed15d3d,19,1,133,67,354093807f7eb18c01f8d8895d4dd4a622e2f77ab5891cf8d21342a6ea60ab12,a509b558585bad87259201729ca2833fa98753b5457869bef347423d7213e6db
heart_disease_va_long_beach,019d736b-7c92-71e1-a6d6-27a91ed15d3d,19,2,134,66,23830054ed385559e8ca5c7b385b317fe532b3a36300b61cf635f18b2ba21dd0,d28b217bce2ee0516c91f251e70437b8d0df44659231dfce866442eec5f7252d
heart_failure_followup_survival,019d736b-8d9f-7f20-8f5c-45207fb0251d,0,0,199,100,457a829d15ccf5fd93e137595c66156fc3398c3cc5b0be246da4e0b5aa1b549e,64085319e7fd274a08cd2d38c662874d669be1dfc0e3a462c830c238fc099611
heart_failure_followup_survival,019d736b-8d9f-7f20-8f5c-45207fb0251d,0,1,199,100,3a7cf10cb44c3ea452ad3c7704ad88c9f9d5789b056da8cb5d2ee42376ae1768,f5a6c1ef726f3473e41ca5c73830b5cc462e76be6a1ed89f56dced98df606c4a
heart_failure_followup_survival,019d736b-8d9f-7f20-8f5c-45207fb0251d,0,2,200,99,23c8122a2d4d627f7669ac168b20ecf21108e8f8ab2e8158a946b5627471a7da,6783e3b51126220aa49dc1d8b1035fb6dcfc4ed4b26ae9a7f47f25eaeea0da18
heart_failure_followup_survival,019d736b-8d9f-7f20-8f5c-45207fb0251d,1,0,199,100,e10bffcb542eb9e6d82d587b9a01b2cafe584e29c8039cea77423e346ac9af40,4a85ad72b7af14a95630b1931cf0d49f366aefc1af1d9e4a65d25d22dccebdb1
heart_failure_followup_survival,019d736b-8d9f-7f20-8f5c-45207fb0251d,1,1,199,100,ee9c1867b6f097e8b62fe2cdd89ca0d324d94b318ee998f8f352e21b127ee2ab,1c21cf07cf1ada6be530419575bb47c6db7efbe37895a7a247499ab01cc2241e
heart_failure_followup_survival,019d736b-8d9f-7f20-8f5c-45207fb0251d,1,2,200,99,a38c794023db1e1348152c21f87b538b0366a72b480856b4e3a69de1a545ee5e,4c3526f455333429c238dfda33fe096e0687dc891bb064b64f8c6464c3353c3f
heart_failure_followup_survival,019d736b-8d9f-7f20-8f5c-45207fb0251d,2,0,199,100,1d0ec60f266186510d69a3ee18081dd5b0e614d7912025bb424d13cddee13af2,3bc544a8407891fc63f087d0db92d883eb67e2de7951972db2b5cfc270e62a58
heart_failure_followup_survival,019d736b-8d9f-7f20-8f5c-45207fb0251d,2,1,199,100,d9b6d02cc06c92c912254c785c8e4b5ea15ec912062da59a85ce680cd97b79fc,83cb949216dce217a9cc199e9dc4598516410f8e23fa7eceddc13826443f63eb
heart_failure_followup_survival,019d736b-8d9f-7f20-8f5c-45207fb0251d,2,2,200,99,c06a6790a7fd331a8302aa99f91e5871cd43213b618e98b0b351b1c9e4ebb933,69141213fc15f82e2cef8a679d98de16cce6ff0f7efd2e460265f8d612de1213
heart_failure_followup_survival,019d736b-8d9f-7f20-8f5c-45207fb0251d,3,0,199,100,eeb2044b5bf3848d4262db60067e9327f067103b61359fe5f3a4f992b474950e,29a20832540b69c4c530f8a2be6b5a84a206a98daa5f6486d995bedb7ba2ae88
heart_failure_followup_survival,019d736b-8d9f-7f20-8f5c-45207fb0251d,3,1,199,100,79a33af3f6e7cd0a27692661c109b64b7598d5164f0422fb55094acdeb9d8c39,1867247cf764e49b39b0c0b9a91c51c8554718468d75c34832dbafd6e74bdb09
heart_failure_followup_survival,019d736b-8d9f-7f20-8f5c-45207fb0251d,3,2,200,99,9ee5688424be673b74de0ff43bb4add8f59610bdb6bb35ddb6335df1092ec385,e39f99c266b9712c83af11a05e80d38bb39bde54e0a1d8e6fc56fed52c548019
heart_failure_followup_survival,019d736b-8d9f-7f20-8f5c-45207fb0251d,4,0,199,100,c2530a10d8c326dbe239fccd87dd03ef4992512d7781409c7c4a9dd56746423c,33cf25bc27f2ce9b6536da057f7dca251964617bf3b8f0736e79468427c539ab
heart_failure_followup_survival,019d736b-8d9f-7f20-8f5c-45207fb0251d,4,1,199,100,9afd7f0847b4647081c54cb81edc7336a242fd9188bcd73d70da8eefeec41759,630ace2f2dd0514c153c52f1f7e62db26cdd438bf61e2f4efade599cc6587a7d
heart_failure_followup_survival,019d736b-8d9f-7f20-8f5c-45207fb0251d,4,2,200,99,f0175af96365a1a760897f10755bd56e2d883330c9cb2229fdc74457ac991bb3,ec1ae19cb721c6b14e3615a09c5a622afaeec124362a223ac57d668bfa4a31df
heart_failure_followup_survival,019d736b-8d9f-7f20-8f5c-45207fb0251d,5,0,199,100,a81fb8405386125a2aecc9ff22662e2e5f551e98b34daeb1afc6917c3e077c8d,bb1cd9841da80c1ff366f28614e0f1a1f293fe8e693d6f08c22bf3faea3bd3bc
heart_failure_followup_survival,019d736b-8d9f-7f20-8f5c-45207fb0251d,5,1,199,100,4657a193d23e0bd6d94cdab9bfecbe84c20b4afc8c977e9f733452d39fd2035e,8f3e32c01058d89be22b669d0e9c0df0d64aa642dd1f1426b51c1728f7234c88
heart_failure_followup_survival,019d736b-8d9f-7f20-8f5c-45207fb0251d,5,2,200,99,66a67eaf3460a15e0292a1f2ab3a095e1ce39ee0a4a51608e07499edee7837f2,d7337a417fcda3ec83824f88f4d11a9058f6ad6b8d1ee7a4c9c31d12b82e8401
heart_failure_followup_survival,019d736b-8d9f-7f20-8f5c-45207fb0251d,6,0,199,100,32679810dad8de9d382e1927c9b246bc3418b249b31e6a047fb727e7b52f0cd1,fb8efa816d771acb1783aa2e1ab32dd4f5ad318ce6c9c57248c438493206d451
heart_failure_followup_survival,019d736b-8d9f-7f20-8f5c-45207fb0251d,6,1,199,100,1f0f5b8420778410f2159381e00f2c75ef5f30f1c58b51f798f0300e17fc8801,4d8acde781bc108189b21233340639639513fa734e2af46da0c20a8ad0f04b66
heart_failure_followup_survival,019d736b-8d9f-7f20-8f5c-45207fb0251d,6,2,200,99,e82da18ae6a60cf2d872d0a6a6ff2afbcf2c3be68636109ab897b27315c4c63b,62889fcce735b0ec5bca217ee0b8c5dae79f2f9ebc3e3c8ecac8e64e8f4cf2c5
heart_failure_followup_survival,019d736b-8d9f-7f20-8f5c-45207fb0251d,7,0,199,100,651859425b788c5d674f66a937d084fae7311435953de02753609401bc518731,2abe5baea187dbce6372b0acf9628dfadec35110b3f5ed73f446088229cf5a4b
heart_failure_followup_survival,019d736b-8d9f-7f20-8f5c-45207fb0251d,7,1,199,100,cb892d3317b67d0bc0cf67e837f36d207a454218690b9131e41318621e64fbb8,9ce19fed5b86a500c4e14926bed593820e4a43a43557eef019ffab06246f10e2
heart_failure_followup_survival,019d736b-8d9f-7f20-8f5c-45207fb0251d,7,2,200,99,0e1293b2aadbdc3c1524cc84c194dba974f1c854fb334eaedd6ccf5fe743d924,eed407442b36776b73309f52fcca9bbf197816dcd6d535d4130f105d4dd74956
heart_failure_followup_survival,019d736b-8d9f-7f20-8f5c-45207fb0251d,8,0,199,100,f4654eca548e4f9825bd25f1635f7dfe3e5b58b5f985df70df0dc22e1305aa03,400778d88309a014ff79c272ad648091d0c8589e6d71a44929eec29ba054a24d
heart_failure_followup_survival,019d736b-8d9f-7f20-8f5c-45207fb0251d,8,1,199,100,e5a085a5b927de693fb6e230973bd28b3b9182ed3ecca3e122cb656f2fd23545,436cb95b33a1cc29a48c690bb506a2c60810be8eec68da4eb0304a7dcd056380
heart_failure_followup_survival,019d736b-8d9f-7f20-8f5c-45207fb0251d,8,2,200,99,821946ea27f5510355b822297b0f988b230c6ff08346bcf91ce2fb8ef6c30a85,040eb5110bb8b0a9e4df3a15ff403e18769f4f74ae727a370f822d9faa901891
heart_failure_followup_survival,019d736b-8d9f-7f20-8f5c-45207fb0251d,9,0,199,100,56be7bf397cfab5b04c135fba373ef7de7ce207185f13e6f10a1e48ad8f5ebe5,4df9fe7bb29bee72cf266eed79079ad69669d3c0beba78040be980b4b0f54266
heart_failure_followup_survival,019d736b-8d9f-7f20-8f5c-45207fb0251d,9,1,199,100,5c744ef7755e58784a2a9ff63a274b3f18b4de9b8730fca522158c43a86ba589,cb26c21dc9c87770fde1c4507ffacc0aeadb9099a4714adc9c07ee46cf1752da
heart_failure_followup_survival,019d736b-8d9f-7f20-8f5c-45207fb0251d,9,2,200,99,9166ce9d58cea580dc702429aee9a077e759a5d81c045378c28203111bb72f1e,86cafe9456501f1d99899f7176ee319448883237da5ea71302da8c0b541363b3
heart_failure_followup_survival,019d736b-8d9f-7f20-8f5c-45207fb0251d,10,0,199,100,95fd7052adf5a675d2961cb745e77ee31ae3a3bf9a30f55f973d5181dcee4870,d3be905a9ce1e8c9040063a556910361c088d018877d1fd36504bcd09c4281b6
heart_failure_followup_survival,019d736b-8d9f-7f20-8f5c-45207fb0251d,10,1,199,100,b974f129a101abc864c29281ea736828cf799fc6857ce2e65b578a209fe59d41,03a3de966693f42d1779c0c767e54e621fb7465408ef58c682ab84ed09157520
heart_failure_followup_survival,019d736b-8d9f-7f20-8f5c-45207fb0251d,10,2,200,99,eb6bc83bec1d6eb26c61b618c8b4f2e78cb66316358065827a5d46add829b957,c03fbe428c91c5664745b9a85218547499815b59429d4d8ab8320131967fc954
heart_failure_followup_survival,019d736b-8d9f-7f20-8f5c-45207fb0251d,11,0,199,100,f87a4131268964bcfe2dde2e6f5159e0db3d9b2ab99842939241451f878ef49d,bee796374a30cb2ef9e52d616084878a5c90a6a288fdb8edda2e719e8369c0ae
heart_failure_followup_survival,019d736b-8d9f-7f20-8f5c-45207fb0251d,11,1,199,100,3b3a6628e2c154a4f74fcc2bdd7ae7de8e199b3f638bc07b69f61628fb236921,d5c63cbad23cd5347a2c5b33c00dead12c7cf82bbcee0671f8a1054fa2b62ed5
heart_failure_followup_survival,019d736b-8d9f-7f20-8f5c-45207fb0251d,11,2,200,99,1920fa4af966760f9286883530bee429b61e8a7c491f7390a90271cd53a531ca,d304b9a872199a89233c2dbfcc8949a5761c14f774f6e4aca5da85f59b704d27
heart_failure_followup_survival,019d736b-8d9f-7f20-8f5c-45207fb0251d,12,0,199,100,3b5bb689d8111477bfe009426f8880de50c46cdabb566e2583e84445a9f5d45b,c5582c8ae3990f34ffde1e1dbfb61d4ea9fe9e6089a819a70fef6195e5b59fe9
heart_failure_followup_survival,019d736b-8d9f-7f20-8f5c-45207fb0251d,12,1,199,100,8b4940f1f935e7015d32e35423e6861a60e4e99c7f2ad0858d8bee42e56ef888,6555ff42bec5fef978800c7719d6dccb6b50a77a0e1608807041cc5a5e8578c0
heart_failure_followup_survival,019d736b-8d9f-7f20-8f5c-45207fb0251d,12,2,200,99,e045c07433ea784152efb07a541a4a5e5def046d313c64080c5eb2a52bdd986a,6738e935fb42acfe794d56855db96de0822729586f60562daf1571b9e9ee12a9
heart_failure_followup_survival,019d736b-8d9f-7f20-8f5c-45207fb0251d,13,0,199,100,377188e9fefc8ad8ff1d6afb3f3fc2d2ea9d078e74a622f4c36ce079c474c68d,3b41cc824d8f3b8ea0cf5a73e56cd9535d5401159bed339d83c453cb63c618bc
heart_failure_followup_survival,019d736b-8d9f-7f20-8f5c-45207fb0251d,13,1,199,100,b3585a4df5ae6f24bdd4174e3b0946d70986f88886aa812a44550c886d664da3,1aa0befa83845de8c6dc511b72cbe77ec78005017b1ad1e4ee181182fa6bec5a
heart_failure_followup_survival,019d736b-8d9f-7f20-8f5c-45207fb0251d,13,2,200,99,d853328c2d64740778152e0b0743d6c014c26a4dc4f236cab08fc4ed39c80dd9,a93d01691c044ab4f5e4277c3d59564dc7bc9a7de59bee6da3b46e280f50355a
heart_failure_followup_survival,019d736b-8d9f-7f20-8f5c-45207fb0251d,14,0,199,100,b323e9afc9497f1389b0f2f32f571b2411cba8467540030739c64ec73f744ffa,58086e13569c713683a447bb1a8f268a24da59fc7beea9694ee6cb05e6edcca6
heart_failure_followup_survival,019d736b-8d9f-7f20-8f5c-45207fb0251d,14,1,199,100,fa61c19922394f051cf28974a935800d35f18560265e199b8a4782705e96380c,6d600beaf95990b383336eb98b8531302fa97ea19d30dae3971ceaa879618328
heart_failure_followup_survival,019d736b-8d9f-7f20-8f5c-45207fb0251d,14,2,200,99,0ee226fc90b4a9b24ef6e68c56d82f85d211a7237e1a8e7759cb3b0abb64420d,3390360650512178bf159bb2b75b7639a7d36e8b3f52d7903ba741e7f2a910a8
heart_failure_followup_survival,019d736b-8d9f-7f20-8f5c-45207fb0251d,15,0,199,100,333a77ad183a77c9885b68df655861daa7c835e2ab94e4cdc7ba6667e1dfab81,a16036e5835c3e27402656f7e9fad7da495f243289030e2780484e939cbce2a2
heart_failure_followup_survival,019d736b-8d9f-7f20-8f5c-45207fb0251d,15,1,199,100,79303479f1fd1864d3fc1bd503701672ce2fd55755c02c2e3baea85581644a85,5c9a07155e6ed9eae53370819f11aee4060dabe23075cc40b92941ba6f7466aa
heart_failure_followup_survival,019d736b-8d9f-7f20-8f5c-45207fb0251d,15,2,200,99,3382d1b201ebb69f79c26cbf50da8709d253bb63de0860046246bc9b0ce9e781,c31e50041fbe89aee27bdf8ac8b62b4096d8eec9901a4d4145759a15105a5526
heart_failure_followup_survival,019d736b-8d9f-7f20-8f5c-45207fb0251d,16,0,199,100,a52811eac869e424403ac105ef0e72ee48cc23c6b1c669cd4ed8af0317d08968,4078da393afb5fc8d24151e9c99312fb7b73f8ca1bc178c04c6a3d82af799b76
heart_failure_followup_survival,019d736b-8d9f-7f20-8f5c-45207fb0251d,16,1,199,100,0eb6c8fd8602bb3410e067b57c02bc31d5cc906fa93e6563c736c9dc0f90ba8c,fe08a244a1a19d4237bee5eb14b053d0de8132000ba096dd5304d49aeb180cce
heart_failure_followup_survival,019d736b-8d9f-7f20-8f5c-45207fb0251d,16,2,200,99,ff657faf6c3eb7ad4946aa6989b1edac176e4d508a8c049c9a495dd98319b4dc,1ab77ba653bffb74ab45e8df0ae93cc5c6e398cc473dff551e01c9adda24d02b
heart_failure_followup_survival,019d736b-8d9f-7f20-8f5c-45207fb0251d,17,0,199,100,53eaeb35295fbe71246f120af03b03c6eabc31980581792402043fb3623bcc23,fede17b533d1d0ef9bcbc279eb000577a9b6f0b8fd03c9e4dfc7e0862d6fc765
heart_failure_followup_survival,019d736b-8d9f-7f20-8f5c-45207fb0251d,17,1,199,100,f66448e7f4f70558df9000edfcbc696eeec1293ffc27e083e570d8b139742891,8721b7945b50c935421b1967b1496599a1b64bae862ee5517ffba79589030ec0
heart_failure_followup_survival,019d736b-8d9f-7f20-8f5c-45207fb0251d,17,2,200,99,1d5e9f5f8572e403e376471185c4e8a7440c13780824492845094a20a19d6772,1bfa6dc6b59dc4756aa88dd7e7daad8b2c80d92199fd2ac5905e46236b5ea0d5
heart_failure_followup_survival,019d736b-8d9f-7f20-8f5c-45207fb0251d,18,0,199,100,8422a8d998ce5da100fc18310e9bdc0d9cd99329f42c09260a1e4de235ea5524,f972d80bd756ebc6c1a8d119ebbf365ee13dd8032942dd2d11ad97a017535480
heart_failure_followup_survival,019d736b-8d9f-7f20-8f5c-45207fb0251d,18,1,199,100,13f24e1df8089cf6e20d795cb9384fecf093c3738ebb2b1dc5b3dd29b2e75855,09dede00b8f9c1617c630a863d2bac40280091481b10028b9e10b05483d267cb
heart_failure_followup_survival,019d736b-8d9f-7f20-8f5c-45207fb0251d,18,2,200,99,b2d73064ea7a5df3cf4385633e47763f562bb73b08cc5ee1c483abcf0b9a3dfc,5d2bce08b84284f81590be25a2c5ec740483514bb4b02a03129aba240128f686
heart_failure_followup_survival,019d736b-8d9f-7f20-8f5c-45207fb0251d,19,0,199,100,b7265d666899c86c92510324efd0f382abeab919b9c7928e878bb01a63dec7fc,036b4ec47c49593bb598303763406116e6ab42dbbdf1ac40fd5e0a5355a5404c
heart_failure_followup_survival,019d736b-8d9f-7f20-8f5c-45207fb0251d,19,1,199,100,bf04a9dc8a7db459d1eee1eb2f2f3423c888d7f7cff0c55412c3d78727419094,8d7ec0f658ef2aa1f81ddba8af4b1fed6695cd16aaf2d6cf5ea537f321fe8779
heart_failure_followup_survival,019d736b-8d9f-7f20-8f5c-45207fb0251d,19,2,200,99,0689698d2f171b08fc284e916565569c85c604307f9f7a9aa69f9b179b62f6c9,881d473fc582f6b217b8da66982d1efaa53fba9ee6dc7683e7b66956448a61e3
heloc,019d7368-0a52-7460-abf5-b78381cf69f0,0,0,6972,3487,3602f91cfb6550c8f8f7d64cd78c2ee400fdb3f0fad790fd4f63525466b30e85,b199653f931364371f97ffb3b0d8727f1f19d979f016e5b59e31a0a4c27aa5d6
heloc,019d7368-0a52-7460-abf5-b78381cf69f0,0,1,6973,3486,3987d1b659cb7163a2b9c23a030004b00f27d080855ebc9c0e1230660e6936e2,09c60f18f113c147b07a7dba3021323967692584782e0cbb7c5f189c3f968fb7
heloc,019d7368-0a52-7460-abf5-b78381cf69f0,0,2,6973,3486,937a363f719b6a8b498f353fb6484c4636d027de04f2b10c22355a46896dcaf0,2980618e9dd0f9fe37e1cd1f725c97a71b8531fd8f39d49079b7ee003c0fe360
heloc,019d7368-0a52-7460-abf5-b78381cf69f0,1,0,6972,3487,2c90758b7a78245f4bc958555c15ec2cd55be567d7378578fd800f603651501c,fcf24f433826eeed160cabde009b48cc9d1b044092b400842e669b917fbdff43
heloc,019d7368-0a52-7460-abf5-b78381cf69f0,1,1,6973,3486,554dbf19c09fe47f1cbc3868036ed868cbd7dcb7ea04ff7de16da5d77db066bb,d2fb40fdb04214fff0fbdce33164f3faaee00ad8fc653cb1df22978b833a7254
heloc,019d7368-0a52-7460-abf5-b78381cf69f0,1,2,6973,3486,62414e032825a02ef0bcf4d692d431afe13c143c673c9d79580f105845ed5097,5f5e9a2729980a8260773ea1d4116574b37c0438c7f788210545639ce0b3105f
heloc,019d7368-0a52-7460-abf5-b78381cf69f0,2,0,6972,3487,cc496c2f6adea48f20ff9f2c5d6a3ce7491d6b90cc2cf73c869b8d3593f7e306,bedd9d34c16fc0a97b6c046f96096d3ce6707c22be4dbd478acb68e13743c73c
heloc,019d7368-0a52-7460-abf5-b78381cf69f0,2,1,6973,3486,7eb434ac19b3157d0f1c52df9543db627d5c56e6370bc730a2d28849627f9500,69cf33306ba26ab08c06cb0b9a25fa92aa52af8e8568b2db4114eaf7be19c623
heloc,019d7368-0a52-7460-abf5-b78381cf69f0,2,2,6973,3486,4669ffbdb11b35fa9ea4e3335126863676e091ebf3e7a1bac05d45907f878d4d,250e87350dc9016a595d32bcb66e8dc977f64b395991e83d4102869d885c97a0
hepatitis_survival_prediction,019d736b-afda-7edf-9f73-3cd8e3799329,0,0,103,52,06d2f9dfde56438191827dcf58276e94cff50f6261b8e7db891980000d1238e4,f4952f96f2f12df234a128f335afcfcc4a2eca80772555e07b6a740c1df1941c
hepatitis_survival_prediction,019d736b-afda-7edf-9f73-3cd8e3799329,0,1,103,52,66566afd29e7e594b20e7540c40ba06828242182310a9dbea6ff8741dbbb9b6c,b2b6c3b2dfe8cf7b5de87eb2cf3ae6aaac0b584ff52b048675e44436c46a698c
hepatitis_survival_prediction,019d736b-afda-7edf-9f73-3cd8e3799329,0,2,104,51,7d41f36938d962eaeb7a5ce73fffe8f9fe2e67c7b0f1e052b344e11bf252c4f7,a425206086978a50a50e1ceb317b2c6bd54a8fd92361ee68da7d87e185b270d2
hepatitis_survival_prediction,019d736b-afda-7edf-9f73-3cd8e3799329,1,0,103,52,02e2fabf08a1e851c03b424c11e17ebd2530d7167bda9bc218362f892924348e,f9c1ebdae0491e9a7856aef59514b10378da4c9fc578512040c71cbc95b3b8fd
hepatitis_survival_prediction,019d736b-afda-7edf-9f73-3cd8e3799329,1,1,103,52,1a9937a9ae84823bac92c88c6a9056cd23c9fc3617b9395d287b6b29f8c4687b,11fa0fb4f12294b84cb341da46954ebe88cb080ae49c7a7c56a3b97bf0558379
hepatitis_survival_prediction,019d736b-afda-7edf-9f73-3cd8e3799329,1,2,104,51,8025ffd4e5c322c96a2a861222abc48924939561bf63603a45e8fe1a97cc0f9d,efa716f58f078f52f14ff30fe8498c706117e6c7245b8e156a4b58825d0e8917
hepatitis_survival_prediction,019d736b-afda-7edf-9f73-3cd8e3799329,2,0,103,52,85cea2b3bab3ce4ee1baa6ae7bae3d87ca47f15095f7c5210351abf4f750c7a4,5efa6187d6085b014b7a5f31452420a616ccaa8cb500b5e6b93552af37515e5c
hepatitis_survival_prediction,019d736b-afda-7edf-9f73-3cd8e3799329,2,1,103,52,a53707db00c2161914b108666e353db886f06a050b51768c88ba5caac0f9db8c,0aec72584f2175b75c87f1f0b1a69663414ba1857d8af6b0a7c18cee31368fb4
hepatitis_survival_prediction,019d736b-afda-7edf-9f73-3cd8e3799329,2,2,104,51,fb4e210c3695c119c7b5998e9b1b121a5a292d431dea7e0603e4efdc2e08bbeb,b9cb6852bd6e128eb08901a362b8cb900d482d754b8cbe35a393c609a5a1f749
hepatitis_survival_prediction,019d736b-afda-7edf-9f73-3cd8e3799329,3,0,103,52,40a5d19832cec1311bbb2483fda4a6ddd3d1089abde04cccf96ef3e916fb195f,90373ee0efbca6a0dcb6e8bd469e06ec0e8352d7ec2fde113d2f8b5032852dd2
hepatitis_survival_prediction,019d736b-afda-7edf-9f73-3cd8e3799329,3,1,103,52,b49e76beaedbe07f1ee3d907dfdd63a44305b880fdd08d085d26558b1926e63e,2ab95cb61e6771d685e2349a3b502d13c810f30eade64c892cf701c4984ba06f
hepatitis_survival_prediction,019d736b-afda-7edf-9f73-3cd8e3799329,3,2,104,51,35ddcc1d8f1255cdb04fa3adf678cf80b93334b4e7135381b3dcd75a295a12a6,a6f431cacb8bc7d4b7316651710e453bbf9a9a80cc2a77574a9270b4cb434088
hepatitis_survival_prediction,019d736b-afda-7edf-9f73-3cd8e3799329,4,0,103,52,1fa7f53f6456acbee096892bb83fbb597b93136828f44db4083e1a9d42bbe7b2,fc389d67d4debee3cb5b332392df54927692ff55a1791e82be6834682c3a4625
hepatitis_survival_prediction,019d736b-afda-7edf-9f73-3cd8e3799329,4,1,103,52,7dba94f38e438f8b0d0c52e07b02efe3ed3317e75e60d7a91138db09cb0ce08a,2ba3ed194372f278ef644bc2f747d1fb1e8cce4a5f342368ff54cb7fafb867bc
hepatitis_survival_prediction,019d736b-afda-7edf-9f73-3cd8e3799329,4,2,104,51,2c5159f6559c1f76ff2d809d8f9b11c8574b9ad19b1255d33e3b138abab883d7,e9a12d036b20a03a8366557858df76fa8558c79271bae2ff74d61570f610eca4
hepatitis_survival_prediction,019d736b-afda-7edf-9f73-3cd8e3799329,5,0,103,52,4716d54a2eec3cc44dcaf05fb13c93830d965d0082e98b9065a0609564146ac6,130265cdcf024d21c3904e15d7e42b141622561a9a1872028e4a9098644c80ab
hepatitis_survival_prediction,019d736b-afda-7edf-9f73-3cd8e3799329,5,1,103,52,dafccbf617f743fa3bdea1988bb5ece24e27a7018f8b9fda8a032f75e9dd967d,c3d52e7900999fb97c2e6e2e3a6b718c5cb879607268f8d77810f4fb7981dc7c
hepatitis_survival_prediction,019d736b-afda-7edf-9f73-3cd8e3799329,5,2,104,51,b05d55c905cf3c151f042f9dbc0600663632c77828f636d1e98784a95084ff58,1c9bf133c959f770e7b87e617ba3840c7f81dda529789c283e92a1caeb209254
hepatitis_survival_prediction,019d736b-afda-7edf-9f73-3cd8e3799329,6,0,103,52,72347c08dcc8b2a8d58fdc4b8636d50a059cea5c319c9be2e2820ae6aaf69493,32d772be3631abe8155db522a038d8bb8d8074d5ea9de8c59da81b72680470d8
hepatitis_survival_prediction,019d736b-afda-7edf-9f73-3cd8e3799329,6,1,103,52,75ce802ac9cff8dcbf9610514b05713d5d957646921c6e417379b51b4ef1c214,109117e40102043c4853b7a94f094120d4e072b007644598e5f68cae474d0074
hepatitis_survival_prediction,019d736b-afda-7edf-9f73-3cd8e3799329,6,2,104,51,f6cba7ed8cf0941094648eab85742729331898373830a6c9cb426e9588eb8ae3,347f6477ad099a6ff8df68c3f7d10a3ee2d4b3f941d2897318230656304ca19e
hepatitis_survival_prediction,019d736b-afda-7edf-9f73-3cd8e3799329,7,0,103,52,6590d08598e3d475f102ee2c70f04205aafe771c39720550c2a2e412ed5769e6,940b320e4472cd9250b7bd6a9f5889d5d6a548a9e68b74de6d3ac4a206d59cb1
hepatitis_survival_prediction,019d736b-afda-7edf-9f73-3cd8e3799329,7,1,103,52,ce9d415173846eb8761775c4ca9b442fe9e4ddb33f162732a931d73bf21cc055,b4c3461597c4ddb5691b094f23ce10dd3daec9ed399622d0db0b372c0a1d7df5
hepatitis_survival_prediction,019d736b-afda-7edf-9f73-3cd8e3799329,7,2,104,51,b7819ac27d897b2bb3cc43fbfe89e4bc0840babb9ca3b26f7497909bc0808c19,03b539127061cda140b4f724f0632d4f344516fc9fbe636876263a927cd62561
hepatitis_survival_prediction,019d736b-afda-7edf-9f73-3cd8e3799329,8,0,103,52,b67a1472f2a04d5c8ac03a5edc3737901af2e0d461bdae7604a18cae532b1394,e009d59292c75c7ea1ecad538f95e31664c37bc127e4ec07e760b227132788c7
hepatitis_survival_prediction,019d736b-afda-7edf-9f73-3cd8e3799329,8,1,103,52,75fe89ebb5dc05d1ebebbda2812e2b500979e5656e0f23aadeabc7849f6abcfc,8c74181f90ddc9ea579bb0edda05fe696bf1bd06b6a30ce73e3a74664072c322
hepatitis_survival_prediction,019d736b-afda-7edf-9f73-3cd8e3799329,8,2,104,51,3a2528be0db837e3ab264c1f17f1e285c51b14114f2dafc1832ce3dcbc0faa33,116a1d35a97fa6c64cfac944973a79d0793e5e1565132a16d88d580b5f74dceb
hepatitis_survival_prediction,019d736b-afda-7edf-9f73-3cd8e3799329,9,0,103,52,f833c0edd16bd081446e0a406ef27cf803b9519227bd0df9aebe283140089603,5380dab3dbc4246861d4a653c6495d26089352e0da1959d3e4640a14f2f63577
hepatitis_survival_prediction,019d736b-afda-7edf-9f73-3cd8e3799329,9,1,103,52,9ce8ea53f0e629b4238a22a04ce86ef7ed1bf0b87e2338d933394ed35c07449b,8c63d3359de66587371b3e1cd7a99d2c70a314d65d93df076a4810ea4496a4a9
hepatitis_survival_prediction,019d736b-afda-7edf-9f73-3cd8e3799329,9,2,104,51,cc32c9156a70812a02bc5803bf8f68b9048a51036d16078b4ab435484d01e3db,5d219a761225cdbe7442f6f8f4408fa155eefeedf6d1be1d4f173092a604b744
hepatitis_survival_prediction,019d736b-afda-7edf-9f73-3cd8e3799329,10,0,103,52,87e5bc26060b254c440f914b40bd5c58866465cb49685325f7f0dac1384d998f,723b8c1086e99ca1c8801409737ae62c1195dee0fe5a3e9d75d001b929076c50
hepatitis_survival_prediction,019d736b-afda-7edf-9f73-3cd8e3799329,10,1,103,52,82f1d4fb916cbd5cc29cb99fb87888648b98c7ae4421635c9ccac25a6275e2dc,ee0ddd20262b7ce63130ae210b4a9d87fd7c311ad92ba16ff3503b4dc9fe6831
hepatitis_survival_prediction,019d736b-afda-7edf-9f73-3cd8e3799329,10,2,104,51,cfe94e295534c8469cb3436b4ff76d1efa5021d7529d8ab86c8fbdbddba95a6b,99490b10046e874678d469ee29b639f70fb5bdaa67a9fb6e8f6ef793bfa7f1aa
hepatitis_survival_prediction,019d736b-afda-7edf-9f73-3cd8e3799329,11,0,103,52,e842c9ef8fc93e85846311063c5a94f25fb7c19be299d1d189fada7a6ead2e99,24bf134f7853ce3af9a68ae366fc44605b53066c8047d1ad1fb138f03e9d0ab5
hepatitis_survival_prediction,019d736b-afda-7edf-9f73-3cd8e3799329,11,1,103,52,23162e7be74d990d30d167ad0daaa941b8785cc211d2b0f36c3f1c81fc863037,32fd4f365c427c3e9784fb4b5a1589408fb166d1019610749d63dd0897bbd102
hepatitis_survival_prediction,019d736b-afda-7edf-9f73-3cd8e3799329,11,2,104,51,4583dc3c35a7aa1b57749fbb14a9e33e65185d235aa432af38e7a8909a67a126,afa8e5abf237291b071a089fbb23688576b86a34a4e68ef3d4e4dc8f10d3215d
hepatitis_survival_prediction,019d736b-afda-7edf-9f73-3cd8e3799329,12,0,103,52,838268c205ac7147de27cd16a5708260ba97d7128f4c1820fc50016d5c59550c,b99d4bfb14864f0cfe123f3df9f1f13d1c3e4bb825c539823fb564693faa8098
hepatitis_survival_prediction,019d736b-afda-7edf-9f73-3cd8e3799329,12,1,103,52,4e69e6696c6d8d4708635107b22223e8a6780de86d51edf9ff3fc49f0fe6936d,43b74d46866a0ec4aa02ed1eb3c7f8297fb9cc229f861e07e9f93723bf1df126
hepatitis_survival_prediction,019d736b-afda-7edf-9f73-3cd8e3799329,12,2,104,51,24b9bddefc72e4f5c12049906990d1a5602fa3dc8d12f028da0e67ffd397914a,03b6cf6de58db28be023432af24d08c14ba4926e769cbaef6d282ccd44179aa1
hepatitis_survival_prediction,019d736b-afda-7edf-9f73-3cd8e3799329,13,0,103,52,db4d110edc26ccf772ba4dc0cdee11c625c88e3715379fb1fdcb2b363c9e9d4d,a5a0814062e2a54aaad62b14aa13c56a62799306deabc6396db4334e543e2279
hepatitis_survival_prediction,019d736b-afda-7edf-9f73-3cd8e3799329,13,1,103,52,e69736866d9b1e8659d82c6d1cccff3b91f32b64f48a6f9b01440611473e4cb9,b0a42bf7f8f8228db4090ff977e228f45788459347fb006f867851b2900fa72d
hepatitis_survival_prediction,019d736b-afda-7edf-9f73-3cd8e3799329,13,2,104,51,bd1293ae0cd5cc76a47ce1c1ee716dd9c973ddcdf6e7cde66f839bdd027134b5,0aeb958483d0b49416c91f898287a464f68665aee28972a0078c0f43f8bb8a37
hepatitis_survival_prediction,019d736b-afda-7edf-9f73-3cd8e3799329,14,0,103,52,4f4ba214d4a162cfafaedd439b6c494784934926994ad65ff27f0ae33f9f2f5c,cbab0089ef2d090c6aa7b1fd66eaedff95424b687c93f8e713043ded178ef587
hepatitis_survival_prediction,019d736b-afda-7edf-9f73-3cd8e3799329,14,1,103,52,8fe44c856315e4a3fa4477c6659f4cbab488a434336fb331406b9042076bb911,02e94b41300be7c89547316fd43e39c6b0289aa7fa0d3c942ece285aa2f60e6b
hepatitis_survival_prediction,019d736b-afda-7edf-9f73-3cd8e3799329,14,2,104,51,e12f9a5d59d2695804282912bd86dfe71ff790a47d3280e4822b5b7445cbfd0b,96e6788f8ef38c7f737486598685ae0fe2d8238c274850b3b77528dbe6727d93
hepatitis_survival_prediction,019d736b-afda-7edf-9f73-3cd8e3799329,15,0,103,52,fe9c4dfce45bfb613be74396ed18428a47a4176ba66c5828ab95f339a136dd25,070f7b91646cc9bc98bf4baa7dd4059a226e583e6c0b49caffb1208d28371335
hepatitis_survival_prediction,019d736b-afda-7edf-9f73-3cd8e3799329,15,1,103,52,11e84cad147e6f209dad49b62e64febed3adeb3934e9546b2a170edd9c90fea1,3d32c9e6d2e6c05cc78138828dbfc42babeb50d7257afe70f42a1546f5ef1923
hepatitis_survival_prediction,019d736b-afda-7edf-9f73-3cd8e3799329,15,2,104,51,f5766d492cea2775438dfd0fed59b51d77205e593090f5d0ec750f08f904b791,e1f8c05f5b5524609bf0695775dbe29674d63c6136af87547c6b5cd008fec425
hepatitis_survival_prediction,019d736b-afda-7edf-9f73-3cd8e3799329,16,0,103,52,c326f64aa8df499d12bf6fc1d9ccfa83d580728f46124463f6be00e5ab991467,2f8e365a24bce2115d842f5c5958399c2401fef0d0222d62a1203486f03cfc07
hepatitis_survival_prediction,019d736b-afda-7edf-9f73-3cd8e3799329,16,1,103,52,7269fb51014544a363d5dfb910985c1c12274d2e61e8c015d646394bc90f3587,f688970880de05bffc167c5c9e333779ecd7c6bd284f6afe8cc79a8c487fb2e2
hepatitis_survival_prediction,019d736b-afda-7edf-9f73-3cd8e3799329,16,2,104,51,60215339b65b26452a9c52bef701de67fbc7ddddc04d1956fe97c316baff2c92,eec44df5da8e2ba9f2ff46838434d91db70ea5a09f3a9ed4ca9fa170d4f6dff1
hepatitis_survival_prediction,019d736b-afda-7edf-9f73-3cd8e3799329,17,0,103,52,f7b307c446ad5d9f2c025a1b7f9a2068db96146ce6b66f8aedbed6e1af81214a,123df6f3d848f7d936fb1895b47eea987566d5011ce6924db12e955821b7b2be
hepatitis_survival_prediction,019d736b-afda-7edf-9f73-3cd8e3799329,17,1,103,52,b2d06265b6d5a887b53082051eb428324c2f692103e7dcccb5a359e028d09e01,e52887d6ea61f547ac877d00a98c2d6358a72055b16272fb566a5e32c86ba04e
hepatitis_survival_prediction,019d736b-afda-7edf-9f73-3cd8e3799329,17,2,104,51,44a6a04cde7f71563ac7dcf33fb697d54148ca7ff0e41ea96bc10fbaece90c35,e857b8a25c263db545851a3e2e37ff443fbcb48521e3066a0c8786d5340e73bc
hepatitis_survival_prediction,019d736b-afda-7edf-9f73-3cd8e3799329,18,0,103,52,4e66c061a11511e972e23fc7533ab2c2d474a1e249450b4d168271c868448d50,e53b192a02412f98e44457322d0ed110b954e7cd2a36055d51c68bac805fb3c5
hepatitis_survival_prediction,019d736b-afda-7edf-9f73-3cd8e3799329,18,1,103,52,90509f0852c10606f6eb0051abac645f02b8fa20b4382a680315c9188a40b9df,6639ddeb2094d08e07d7b4a448f4efb5232799c4ba7f3b2faee113dfe8fdb323
hepatitis_survival_prediction,019d736b-afda-7edf-9f73-3cd8e3799329,18,2,104,51,df581ce058b71afc8763a4527618767bd8fc6bf7de964d941a037180b536b26d,cb793d9eaeb00b692ea7a8dd62dd362c3c89bd9173b66e778ad634b9a7ebbf50
hepatitis_survival_prediction,019d736b-afda-7edf-9f73-3cd8e3799329,19,0,103,52,f44fa487554cdfb2022da868a8e79f96fe9e0cc49df303b354e564efcb086936,3793244116379d15332efe8622b4c321a3188977d59481605dbe736579c3cc77
hepatitis_survival_prediction,019d736b-afda-7edf-9f73-3cd8e3799329,19,1,103,52,b9df470d990ac99e4d1c286e476bca8d9951d998a252498b9a943812eb15dfde,85f4adfafc87d32dad6d5b03cbe8e9d973ef720443d3c6db4a55552f0ca03893
hepatitis_survival_prediction,019d736b-afda-7edf-9f73-3cd8e3799329,19,2,104,51,0bcadfed19584cfa51628b5bba1a7a4f4149bedd36054b69208100ae81364866,333e511e15a381e3e23ac02930b97bb0eb9fb64f33e5685f3013f3456b50edab
homeq_default_prediction,019d7374-cab8-700e-97f3-9c55ea980153,0,0,3805,1903,514c3df379f55c14d677dbc566aa86a6733dac7e5d4f08f41f33b9d8d6fe16b6,fc51e8aecaed5ccc1dd7de90d5b308d6b5edf969e573f859e51c0eab35272f18
homeq_default_prediction,019d7374-cab8-700e-97f3-9c55ea980153,0,1,3805,1903,a5e5406f722e6f178cada00a7f23d17da9660030832263cf046bd9539144f818,a31d8e2b583d5b106b855058595324286e897600d5ec8731b130f6d09703c49a
homeq_default_prediction,019d7374-cab8-700e-97f3-9c55ea980153,0,2,3806,1902,09e41d789c8f132517301aa140dfaee8e8469b136f23a929f1786c96c31753cb,820edefff9432809bb8fb98726baa9a25996b7c1f7fc09661cbcdd51b10a413e
homeq_default_prediction,019d7374-cab8-700e-97f3-9c55ea980153,1,0,3805,1903,0e5237e0971454f31f8cf2f3dcc83b34bfadd4e9ca37c8b1c7ab57f735c0808c,12db2b7c149273dd05dfb3dbabe4aced815cf993f4acd3ff16cc661f282059ed
homeq_default_prediction,019d7374-cab8-700e-97f3-9c55ea980153,1,1,3805,1903,496a23327ea08a0cb693d3b93e42bf49b5ebe8f9939e43d788f9730040e576c9,f444f3d4020a3576bd61bdcc3d155e00acbc3ae99e5bdd1892dae73c0f1990f5
homeq_default_prediction,019d7374-cab8-700e-97f3-9c55ea980153,1,2,3806,1902,8fbf4f0bfc6436d29da8fe4e21aa7f173e56cf599c4cc13b2eb91839410bd3d3,f6451dd39808de0135a27f1c678172c060ff0f46349de584e37751e10c031bf4
homeq_default_prediction,019d7374-cab8-700e-97f3-9c55ea980153,2,0,3805,1903,7ae8a8e8fdd8cc8be5987ebbbb1accff131b20ebf8c7ea6973d4b7be5db0f8ba,24912b1c2f16312863a95723db819f21861164ec46af9506099092d4c30e8e72
homeq_default_prediction,019d7374-cab8-700e-97f3-9c55ea980153,2,1,3805,1903,59c189e043a0feb9a10344313bde8d99770547c2d03d1594c55bf3067167654e,8c474b2c3df81b46644167000315535010ea3f0eccb515252e8b8fd71bf41432
homeq_default_prediction,019d7374-cab8-700e-97f3-9c55ea980153,2,2,3806,1902,8fc17eef1765700dbc53f5dbb07a165c8bdbf92d18a2dafa97b77f65a8e19432,e866809f88e4cdb800aebc8c5e253deeb964d941e776ae9f448a7be9e702912b
indian_liver_patient_dataset,019d736d-ec03-75de-b8e9-075fcdde7993,0,0,388,195,b881a9a7160c7fcd05ce72a68853e7c47586d64a76e972e426d0396c81d1a240,ebd8b0736487e5b2a2766486856b71e0e9f1c6ab996701fbb787ef6777bf7500
indian_liver_patient_dataset,019d736d-ec03-75de-b8e9-075fcdde7993,0,1,389,194,4c8ad7fa50eaaef8984dd22aa3165f9c6c58dc684fa4ceccfe14932da62abc8b,093fa5a2b67ec64232bbca4418f842a3e05831e14a563feb2b10199d26a0e6a3
indian_liver_patient_dataset,019d736d-ec03-75de-b8e9-075fcdde7993,0,2,389,194,9e8a90d08976b34337ea9fb1c8b3fb651c3c9bbf7557a53ec36e059f571cabf3,7516c47da59f5399236eff77c5f968f6ba3ec729bda5472546fe94bc53258988
indian_liver_patient_dataset,019d736d-ec03-75de-b8e9-075fcdde7993,1,0,388,195,c7d74306dcd3b14f2dc6a9eb9323e06f916f10a0f491531a87bb6698f38550cc,d4940fdc457fe1b95891bded4c1286b5b0504acaedda5504027cb42dcad20820
indian_liver_patient_dataset,019d736d-ec03-75de-b8e9-075fcdde7993,1,1,389,194,b8f810645756c6ff62ad0ddb5561549b82fd138b972fe0d9cf7d4740fab83f2e,54b9d40d7d2859e88a56f22e7ac0989a241b4dd1a80c684e5ae3e5154ed5d7fb
indian_liver_patient_dataset,019d736d-ec03-75de-b8e9-075fcdde7993,1,2,389,194,ca7e4a0ffbdbe93e0f230d1e907ad34a6a17b899667769420b0c7f4b5413a531,ffd90f639501c4e3894076926444c7b073165d4c694e386f7aceec5cbf35db21
indian_liver_patient_dataset,019d736d-ec03-75de-b8e9-075fcdde7993,2,0,388,195,69ddd4ee9218ebfbd64a3a35bdebbafea827611779ceb4dc4ee7d7b0ffa0988c,eb3b3c35c43b98635f54fb779f98e11a535f0418c225c4b566962adf9e8eb79f
indian_liver_patient_dataset,019d736d-ec03-75de-b8e9-075fcdde7993,2,1,389,194,ed4c58562cc4f77e04c0a85a0a0b97d1d8fb6270ee04cac4ddd88a06593bcaf0,7905065f5f306206b18f52c5f669446500e1cbb3b0ef53bfb7ec85d1880301bc
indian_liver_patient_dataset,019d736d-ec03-75de-b8e9-075fcdde7993,2,2,389,194,608a719aed993c76a47a6823ecf612d1d897f7ac6b546560284dc05dd9217716,c90c42b7ffdd64004140e7118048ebf9736ea982dee49575688b68235d80a631
indian_liver_patient_dataset,019d736d-ec03-75de-b8e9-075fcdde7993,3,0,388,195,24bfa5e05db26753880fbf65da6ff0a974d8d6e3525a6f9cd2d3589562d8b4a4,8b0852359384eb8017b28f9a77eebb6132f04e9fff722035d1e00cc305b376bc
indian_liver_patient_dataset,019d736d-ec03-75de-b8e9-075fcdde7993,3,1,389,194,724f020ad6dfc5f81d599425d3e4abdcf1ad3e6d020d90fd9a37863256ac9888,89f72d3482ed6e096617e06db43d6c357a7b6121ae0978aa3c72c85555ac93a7
indian_liver_patient_dataset,019d736d-ec03-75de-b8e9-075fcdde7993,3,2,389,194,5cdf88b0ef8933de7fd98b4ea7c43b7614ef0df8a797fbe152df0ae40eb1543f,07400b0a5fe749c130fc9adec3b4c111b1781f2137d0f1c5feaac011ba21ecca
indian_liver_patient_dataset,019d736d-ec03-75de-b8e9-075fcdde7993,4,0,388,195,4d1b90b681d8909f377d424e2bfc794c4d3782ef1872118b841650bfce38b3ee,feb8b939f8d4fbc4e2247ee9afc3c4cdcdfa2fbfc62d8d9fb9d0c7dad680cbd3
indian_liver_patient_dataset,019d736d-ec03-75de-b8e9-075fcdde7993,4,1,389,194,b10bb20b155b6c7f782b86d49a6cf3e9d57e293cf9cf1949a9f0527a84c2225f,b43e5ed35ef518e56884b27a6fa0fc4040c82b17b98dbe06f0db2bab9ce08282
indian_liver_patient_dataset,019d736d-ec03-75de-b8e9-075fcdde7993,4,2,389,194,0908c26eb83900fe425d848b6a34ee22448d057a35a70f35d0c5ac4816500d5b,a153a4158f44f145d9d9e7e848841b8a33b678efc16a1e5b86bba20d428f5f49
indian_liver_patient_dataset,019d736d-ec03-75de-b8e9-075fcdde7993,5,0,388,195,f84eef7ce65488b857066bdd6c9b475811f1399e99b6f24c95e4a9528d72c4dc,38f1306905e71842c2b889af7c314776a6e07872c97a6230334f331b68dc1408
indian_liver_patient_dataset,019d736d-ec03-75de-b8e9-075fcdde7993,5,1,389,194,1f21002e1450a8e6347ad112b12c27cb0b45ba98e8b88c395fbcd89e37120dc1,a536b2eb9c158dfc5e84acddb8942e7d63d6637118bcef0b68549572ad609150
indian_liver_patient_dataset,019d736d-ec03-75de-b8e9-075fcdde7993,5,2,389,194,546bedcd2dd35df52854758eafb7686b259c2013793677d6703b6726dc42b2cf,a374f5c57ed314542e121336b7389dd5e09ecca387c9ac5568af8dbd3e29740a
indian_liver_patient_dataset,019d736d-ec03-75de-b8e9-075fcdde7993,6,0,388,195,46b048556cfe15b018724c1912c888e3a2d59929722b14973ec73d438c4467d3,f195f6322a4859e18a135aa63090de7fb8916b343d7319567cd2fd9ff42809d1
indian_liver_patient_dataset,019d736d-ec03-75de-b8e9-075fcdde7993,6,1,389,194,5542e2bc32482d3822ab091fadb9f7fb80921e455c38fddacbe8680893f5b78f,9df07337dccc642e52889227a12eece9b46ab2f379e1e870ded15669ad0f09ba
indian_liver_patient_dataset,019d736d-ec03-75de-b8e9-075fcdde7993,6,2,389,194,fce80363a6fabf00c2edcbdb9e897848925205edcacc7de4728c631fc9633453,dcf87d992e905d68edc07d67c7d73124c710e44471b7387882a85f8b85a374d4
indian_liver_patient_dataset,019d736d-ec03-75de-b8e9-075fcdde7993,7,0,388,195,2d93c8a578faf89c43d7e19e886cbec11f19b10e22851d6d7b4db9f53657a57a,ef3616903d0ad21003d8dca2a46dd47eaa326ca1fd2a394c1ace6dc70fd87b6a
indian_liver_patient_dataset,019d736d-ec03-75de-b8e9-075fcdde7993,7,1,389,194,ec641a748e214a51e159940ce1564cd7abcf650d7ce4f53e1f5ea6d5501e2b66,1483d6f8e99aad246616322ae843e12fe006c475fcf82163218718af6cabeb85
indian_liver_patient_dataset,019d736d-ec03-75de-b8e9-075fcdde7993,7,2,389,194,6972021d7cfc2fd692ff4558d0be7f17df4ff33918c5606e9ceba1ff6d94e81b,e4b1d93d3c4ad5d47683049f3d031640d7999a5dc26b2521d4120621f3408187
indian_liver_patient_dataset,019d736d-ec03-75de-b8e9-075fcdde7993,8,0,388,195,bb16d3455cc6c201597ad66c477151e50b4294a36ec7b93253bdd21be4d547d8,b3182c086c1fa71a8f47d94eca931a8d473621d6971d5ea71ede2ce83900750b
indian_liver_patient_dataset,019d736d-ec03-75de-b8e9-075fcdde7993,8,1,389,194,17f9fa04285b009e9f14b7cbc14a6ca1c41457114fe136f18002fe07358026c5,46cb9a480d2204b754be9bbf19b1debf91379be99514e552428d19ca941bdf67
indian_liver_patient_dataset,019d736d-ec03-75de-b8e9-075fcdde7993,8,2,389,194,879c072ba5aedc41e9ce66c0e1f01084fef11e0e04a3caeaed13566b262246e6,4c220269745473bfce826b39f9132429959aec7a6d911238c4d7760b8e7d020e
indian_liver_patient_dataset,019d736d-ec03-75de-b8e9-075fcdde7993,9,0,388,195,e3047c23b12fa5e70192ee4239fdd8d31d9664dbd3c9e81513a09c9807adddf3,0bbfcbed14d4394cd8d65fc209a2883ce91a8a1728bfcf65f918459ae0c5778f
indian_liver_patient_dataset,019d736d-ec03-75de-b8e9-075fcdde7993,9,1,389,194,c0368caf73be2f7485345693dce80f90e40f9647d8e5304ce0bf25899f4046b7,47847b1730c2bd0043c334ef93aba2e116c80bc9573eb659f9a4047bfff9f7d5
indian_liver_patient_dataset,019d736d-ec03-75de-b8e9-075fcdde7993,9,2,389,194,6f73802e896f33d7e9d0dd686a15b9699789b36d34ea45120a404485fef65b35,b4590a3d255267139d12bccf4344c049234dd5dba0f7fa04d1f2dd03208516ba
indian_liver_patient_dataset,019d736d-ec03-75de-b8e9-075fcdde7993,10,0,388,195,7aecd52ad6c72766e4b23a7764032fc86a5b3bcd6b21db3448b749ca1a06ae05,c33ff3ad4801d644c89e49f4d5cd9df893a61e678a9f2eb61eb6845f2064498b
indian_liver_patient_dataset,019d736d-ec03-75de-b8e9-075fcdde7993,10,1,389,194,aed6217ee6e4d0821fc87fe92f222fcc1e144526abe244e8f10f3cc298f1a136,9c1a02646d63ea5b4342737b8beefe479978bd69739267300d422b2481f082c2
indian_liver_patient_dataset,019d736d-ec03-75de-b8e9-075fcdde7993,10,2,389,194,3b262c8815bf2b8de62736ddba1877b0be301d034c0d81ff08a82b8384801998,89d765ca18d7719d876ea7372e671426c762d29c46f1dbbfe8a8f5663280e947
indian_liver_patient_dataset,019d736d-ec03-75de-b8e9-075fcdde7993,11,0,388,195,9af25180b40c2df5e51f628faea93cd144d439642073e6678c80fa815fe40543,b266cedafe5a7548d28aa9b06ea2dec5dee0c9d176e926ccc46b621305069b72
indian_liver_patient_dataset,019d736d-ec03-75de-b8e9-075fcdde7993,11,1,389,194,6bc139b761ed2fe3d40bae2c8dcc145329199a9ffc6c11f16843a0e6bf80ff31,e558345408c3a5d1a6d6978211c8571f5b2a477b1539b4e8ccd76f827e761e0a
indian_liver_patient_dataset,019d736d-ec03-75de-b8e9-075fcdde7993,11,2,389,194,4593900784d66c9fc6319150a53b86a0079258c23773a48b2c4da6c673f26c3b,177c53a2c802112864d41efe3dec4cbe84ba1251a66b925c4e77d80d426ddfe3
indian_liver_patient_dataset,019d736d-ec03-75de-b8e9-075fcdde7993,12,0,388,195,cd52f5cb68787134686eefe711494a401411208017cedba1645921a52ead2cea,f5694825b7979eb015cb8eab05da72407a962d9cb161d4a2ea04016604324741
indian_liver_patient_dataset,019d736d-ec03-75de-b8e9-075fcdde7993,12,1,389,194,d7e75d7df0a6e135879bd1e2bdf22cf94c540c0667c7fd7f2cfc846d14ce3551,83ea224c953a09d6e20b2276efdffdd834884a99e39e6e7eb6eb294020afc259
indian_liver_patient_dataset,019d736d-ec03-75de-b8e9-075fcdde7993,12,2,389,194,34dc55117a3420197a5fd329cc3a2c2174b7fe121a0f90fb18fe95418f3ddaf5,b8e6f0e0368e842daea31096a6abc681d0c2b98ec81acc88a98dc5cf425a864c
indian_liver_patient_dataset,019d736d-ec03-75de-b8e9-075fcdde7993,13,0,388,195,e36550335beb9246127046bd4816016259e8b206a5ede87776873960c644cdb3,238d89cc635a7d015a09d109f2d7541046c443534025bcae4b0a0eeca8ec477f
indian_liver_patient_dataset,019d736d-ec03-75de-b8e9-075fcdde7993,13,1,389,194,5690e5a98abf2dea9695ef7819d7168d328eb63c9473ed8f6e3079cdfbc4c143,68121645300fdc6095bc400a5a85b1cfa4bf2df59644147e0b32631fc19438bd
indian_liver_patient_dataset,019d736d-ec03-75de-b8e9-075fcdde7993,13,2,389,194,52c5f1a75d51ee40cf4243b4c26c616176ab51c69ad299dda416505d4c73a92b,6ea02e3d020b92957632b546f7a5eae5e6f584a1003d63ef519e324cd8caec33
indian_liver_patient_dataset,019d736d-ec03-75de-b8e9-075fcdde7993,14,0,388,195,c2bb067e2d74488ccdcc67bd0eb64d0e74b41c48fb289e677bc942c2a80e993a,5cb94f3163ebab788e4a5f4664a5b861bee119cac53d5702ef0bbbd5983ef155
indian_liver_patient_dataset,019d736d-ec03-75de-b8e9-075fcdde7993,14,1,389,194,f8a8edbc432ba8e23a303a3adec5ae132fae18968f8604df89914e589544cc61,0ff4d16743b6c2f0f0281f614df3e5e3f0b5c74e9313a54ef4701c56b479b437
indian_liver_patient_dataset,019d736d-ec03-75de-b8e9-075fcdde7993,14,2,389,194,116b7689be37f55240f85fdb52c0fced7af0e801099b618ddbab42c5cb2d3007,cbe71fd5c97a4b1fdee8a35f28cf2b3adc728b1abcbefc7d647c42ee42543c29
indian_liver_patient_dataset,019d736d-ec03-75de-b8e9-075fcdde7993,15,0,388,195,34ca9e181d4243b7c3578e35f4c8839f7bafaae7d5812514e16b7008cbef1d6a,7dfd4e58ba99afb5f2f56ee794a20d82a9a49d4aebdc9261c2448567af377bf5
indian_liver_patient_dataset,019d736d-ec03-75de-b8e9-075fcdde7993,15,1,389,194,1ab42307e3122f551b708d3280b0c2de6ebf1fcd925647fa58a7a70c3d3e43b7,1e0fc2a5044685e99b33ec68247cf8980d9683cc1f5b55e6b7a316a0386f5b56
indian_liver_patient_dataset,019d736d-ec03-75de-b8e9-075fcdde7993,15,2,389,194,c845eb054c509bdfbd9fd7fac1d2b968b182e90cdfb35405ad32e434cb8b30ea,2935b1e6197519bc493fd3c03b10282f3ef12d019ef9727d38aaad9f65e2c47f
indian_liver_patient_dataset,019d736d-ec03-75de-b8e9-075fcdde7993,16,0,388,195,bcf6aa5948bdd6be7015c47c189b7051920ff04e2a868a1299bdbd1d91fd6a99,305a361af7f9d76fb77471465ee2dd5bd4955651b115c20abc1a549a21895271
indian_liver_patient_dataset,019d736d-ec03-75de-b8e9-075fcdde7993,16,1,389,194,8325cf47521ab856e8fa764b1257b795fe8de40ed31c0523c322bd6dcebbf691,689a72bc6eb3db7f293a6d930c3d25ed0af55c597b0c8016e9aa4903a9265130
indian_liver_patient_dataset,019d736d-ec03-75de-b8e9-075fcdde7993,16,2,389,194,0b0fc0441e42f79fa0a8d2b435138535e469c58265e05d2ff860a74679e14f3c,3978b627bd037049b802ebf7c0a82f26e89dbbe53ddefb11d7b462147809dd7e
indian_liver_patient_dataset,019d736d-ec03-75de-b8e9-075fcdde7993,17,0,388,195,a1f023dd8c74dcd81ecd209706950f233cb92c7a7b2902ab0358448bcccd91fc,8e4410f8916ca04c6a66b4b576f201154d502ab32952995f122ebb7f7f141b08
indian_liver_patient_dataset,019d736d-ec03-75de-b8e9-075fcdde7993,17,1,389,194,732ef7d1959718b05baaba256344e66fbcd6358af0512fec00f6c2be18855601,7eec8ba043c90420cee55cf71db3ddae953e3109c5f2e4895fe0becabd03588b
indian_liver_patient_dataset,019d736d-ec03-75de-b8e9-075fcdde7993,17,2,389,194,8f0ac4826abfd294e52386f1b34b9f391d20ec75fd29783e59acc964da39eb21,549774da1569ac2dcc0303ad0d2e73a530099aba2b0b6639c2acbd9bc0475cfc
indian_liver_patient_dataset,019d736d-ec03-75de-b8e9-075fcdde7993,18,0,388,195,76738da036f08314755d809a65487ff60166fcde86c2f1cbee1f7f3b1488ce66,1e20a6568717787d4dee506cf193057ab5db16cced927542599a0564f25bc8cd
indian_liver_patient_dataset,019d736d-ec03-75de-b8e9-075fcdde7993,18,1,389,194,71174d78343a943be9f87b4f1484881b25b0c6956d09b11f082c317a2d9a3a0e,662346ad648e720ccc30e2f2d026a5d7c8dc3a5982f57a28a0c2f71667336b84
indian_liver_patient_dataset,019d736d-ec03-75de-b8e9-075fcdde7993,18,2,389,194,dc17e0b2ed83621ad8b1760f57b0639de5a40bd2a6a295148a2796b3892bb0a1,f33323f08bae40170453f2e5ae8138946ebb9a1220a8cd7a4f62570d57ed2abb
indian_liver_patient_dataset,019d736d-ec03-75de-b8e9-075fcdde7993,19,0,388,195,52da7fd4e7202e555b681887bbf87b4c2fb4ba2ec02245fe0d4a623e0bce8dfc,759bed3441cb4dfa346235ebbcc0763222cba08970ca3759f415ebf25c91cc2d
indian_liver_patient_dataset,019d736d-ec03-75de-b8e9-075fcdde7993,19,1,389,194,afaa54f0c9dc8edb03c9ef74bb353bd54abb69013cf2fe81a8896030e157ccdf,aaf8b70ec627c9a9d4c33fcb0acadc87ecf782fa1b9faa123a1c707642b34085
indian_liver_patient_dataset,019d736d-ec03-75de-b8e9-075fcdde7993,19,2,389,194,0885ad95f2ad96e01840a1b9d72153d52efddb8306ab9e2c7cd60b2db7d75a25,9b3cd477e2cf7ff64f4c838f1d0a1567898554510c73acce53e15b341fa618a8
iranian_churn,019d7374-7b3c-7eed-940f-e8ac3c68e2f4,0,0,1900,950,b10a3dc1f8b35a2cdb9dfd191e9f2d488a22b24a59718a8ea0473ef0ffe5eff8,c46a8ea52fbd2b9aa9c57cfbfd927d7095bfc341d51bc00ca0c1dd8d82c2f8e8
iranian_churn,019d7374-7b3c-7eed-940f-e8ac3c68e2f4,0,1,1900,950,559126633719cd50fab1851c93073783183f5c5ba901bedbb552ce83c9907305,71d6d0f0e79644500f49f0e5af8bed133dcb48130344f437521694e1bdf058cf
iranian_churn,019d7374-7b3c-7eed-940f-e8ac3c68e2f4,0,2,1900,950,3b3230ce07ff869716b166c4aa4b1546fda7d827812477289c0825dcd7b04ea0,9b1363b94e1ac8f298fe0e7d3ef99d79eb3d96b9400bf8f8d96e85f86a587b58
iranian_churn,019d7374-7b3c-7eed-940f-e8ac3c68e2f4,1,0,1900,950,a9aeea7155c3ebca314eb6f239c06e2b4a0c38382839d4a937d2963af1592fb9,df110fc0312a81b2ea4b3962e45e9d359e66ec7baf140393fe06369df896f4bb
iranian_churn,019d7374-7b3c-7eed-940f-e8ac3c68e2f4,1,1,1900,950,941cada965b1487bf8592add96ae1b13a595bb6d64f12feb2cee51b3a6f672a5,eb66839f471b2c78f9a13b3143566911bf8eadae718e3798dad360d55efa6921
iranian_churn,019d7374-7b3c-7eed-940f-e8ac3c68e2f4,1,2,1900,950,81a950e9fe8a2292c434902e65879b0e207b654972a2929ced11f54783676991,22ac2160b2d22cdb44090a6510ba056d0e2d1a7403ed3c36b9738fd309135f23
iranian_churn,019d7374-7b3c-7eed-940f-e8ac3c68e2f4,2,0,1900,950,41778f71e2175655fceace525a9712b7775f12a26979a9c276b18e5a251fc1a7,b4d97087474c96d2ccb79d237050380d0c978a9bbf2d0acbb3bc5d2bf3850e88
iranian_churn,019d7374-7b3c-7eed-940f-e8ac3c68e2f4,2,1,1900,950,e34ec95e681194ad2dafc88241fa5f5c54db2514dd36aa96ab02d19d87fa9672,0040e520fd38a3fee2454ba7991c23989c4a3431d58b1740d895293b04bd4afe
iranian_churn,019d7374-7b3c-7eed-940f-e8ac3c68e2f4,2,2,1900,950,733be0504e3f927dcc905e0d9ab2856361f7817154fbb5321857bedae805febe,9bdf036c39f80dc656a905e7bb81fe4b9705daa21fcc6e4846a90ebc18c1a6bc
iranian_churn,019d7374-7b3c-7eed-940f-e8ac3c68e2f4,3,0,1900,950,6bba80d8211c52fbbcb657d8ce3b5c472d31e74cb723e2777fe05cef52bf2c87,13ac6dddf861c21d85c0fc813dcaf2c716200b1190dfc344070eaed44b178ca3
iranian_churn,019d7374-7b3c-7eed-940f-e8ac3c68e2f4,3,1,1900,950,15a37b7fa917e03303923d772e5548cb998920469a7f90aee6a0c7d916852a30,61986a7594d861cc1000ed30fd9a08ac08340f028ca7353a8736bd86a5ba0dc2
iranian_churn,019d7374-7b3c-7eed-940f-e8ac3c68e2f4,3,2,1900,950,41005981cd471b3c2e8074c53f49bb112ccd12ba04001951df16981becef629d,bea61bc5bb84b6a81356b4c90e7960d8ec221a2564d29018e008eb801bd924f9
iranian_churn,019d7374-7b3c-7eed-940f-e8ac3c68e2f4,4,0,1900,950,ecac9592aa17b454fae2957e3243ea0f58d9d2a85a800d7b8fb1f8aa9c70fdf2,1f564727fdb2a859789bfedfa6c03a60fd52f6040143ef76c7d241389997f74a
iranian_churn,019d7374-7b3c-7eed-940f-e8ac3c68e2f4,4,1,1900,950,c76aaa03f03e5170576b3e2e4893cc01182acfbe98ee35e7a4f9db896352f68e,a000c018e8def19acfcba27e4aaa0f8cf1d24fcb1aa722cf13c02c1f5df5f3bf
iranian_churn,019d7374-7b3c-7eed-940f-e8ac3c68e2f4,4,2,1900,950,57ea75ac25aede2954eca170ca1e24b812a332e74ad565af7b2c514c50447521,d5bd3fd84c15df34799737d641ea49446533520baf11fe44bdc08cefdfc1adf5
iranian_churn,019d7374-7b3c-7eed-940f-e8ac3c68e2f4,5,0,1900,950,63813eb4ee6edafa3c413b5ff6bd16f5a9cf8234f8b3e5113fa29d450ce517e7,f459d002da57a16a0353628eb1ff7481730db7c435eeb2b08828beaba099541a
iranian_churn,019d7374-7b3c-7eed-940f-e8ac3c68e2f4,5,1,1900,950,dfeb3c7ce2000f92ac0e652ea338f25833ff7418502e4758d17bfb5d9c8bbc70,971afb69698e5b6d635ce654118d1ffe858d8e110da7554311260372cdbf88b0
iranian_churn,019d7374-7b3c-7eed-940f-e8ac3c68e2f4,5,2,1900,950,6109556336883fb686246a65cb43a780a88e4b47c3bd5c3a5d290f83a07a9cf3,37e6afc2197b9e3d466ae0ba1c3f64639de7106298eecfe1314172e720ee036a
iranian_churn,019d7374-7b3c-7eed-940f-e8ac3c68e2f4,6,0,1900,950,c89a6496fc902fef4ad7dc6a1786c57d1f640b434600187d05af6d1895c06965,29d8762e4c0bddff8e56c180fcde115819bf976aff27765935c2e681149b8b78
iranian_churn,019d7374-7b3c-7eed-940f-e8ac3c68e2f4,6,1,1900,950,78a9d813afdc0a4556b3e001c3e9ed6f022bed39d23050919ebd2c13b6c58abb,ee7947617898540ac95c35066ce220b93b80c775637a1e2f55d6c4cdee8395e8
iranian_churn,019d7374-7b3c-7eed-940f-e8ac3c68e2f4,6,2,1900,950,ec5eb50c5cc9c9e208a400a8fd0f79418045a9669e151fcfa80cc5e577854547,7ef78af80011d17be8868b085e9b014be3379b9efa4013b09f8aafdada81ba39
iranian_churn,019d7374-7b3c-7eed-940f-e8ac3c68e2f4,7,0,1900,950,79da270c764d5913f4ab90d5841af3e58e108386af4d041160eebc2b04cb7940,e07d07ced1cc62e388a5218e8ffe756b33c2a7af5545e587b2756ee7582786d7
iranian_churn,019d7374-7b3c-7eed-940f-e8ac3c68e2f4,7,1,1900,950,6d004c0833233c8c1d08e5ed7a2d4f1345f90fe9599d56daba041d428e1b133e,b91055696e794e54f3bf336fbb13ac35430e7144a2befe3fbaa50e8b24ab60ab
iranian_churn,019d7374-7b3c-7eed-940f-e8ac3c68e2f4,7,2,1900,950,4f4f4b19bd67b139ebdf3469e1bd604f902d346d1d1fb65a2879087e11fe63fa,d24920552398dff992eb2d7a137523eec65459d574c3b37ac55e4bd8cd443c4d
iranian_churn,019d7374-7b3c-7eed-940f-e8ac3c68e2f4,8,0,1900,950,a15bfd457f67ea049379ae34a348bc3d0b40b25ab7caae41935d8fda4c703d2b,d9f4af8e1bb364e6715a7b8a6742e87298a4f1bb71f0deb1332c91eef8010b9e
iranian_churn,019d7374-7b3c-7eed-940f-e8ac3c68e2f4,8,1,1900,950,90e94b1cf1ca21266fc887d5db834159413e81571b1695f1948a5b845a0e046b,0e851a9bef3847ff5ed7c43d9ba4844cf93568904a0d7dc1071b06d89c7afe10
iranian_churn,019d7374-7b3c-7eed-940f-e8ac3c68e2f4,8,2,1900,950,d77149f10e1bdb232029f448949ba808b42a08a4aa5c9904d2e439995b19856b,0f01902a0d33e72abd52feaf14ce9842af6fbee770aabd2b248fcf5157613df5
iranian_churn,019d7374-7b3c-7eed-940f-e8ac3c68e2f4,9,0,1900,950,08875d6a44e01825c042eac84f146d1fe9b88e2a51fabd79cdc57289bf5fb6dd,82384187607532c13775dd9b5bcf14cb98b98a1d21983d902b7e3046a3a49b45
iranian_churn,019d7374-7b3c-7eed-940f-e8ac3c68e2f4,9,1,1900,950,e43554f4e4a05164f617e34e250d2c941f9be45f7e62e5ca861032d317592a00,33b783461d98353c73c872b68c5abb33ac4819562e736ad9058f7f79842524b1
iranian_churn,019d7374-7b3c-7eed-940f-e8ac3c68e2f4,9,2,1900,950,596a8c113644670a2e2ea32a9433b6f4cc45dcffcf43008d72b097522091ce61,935028627c7c84cca554dcf912bee133703eba4c324a28c85ec735b1a751770d
jm1,019d7368-7f0b-74da-a01f-3c5e7dd31dab,0,0,7256,3629,3c6df66aca714c157e363df383d84cf503e4ded73d8d39b47eec5375150e1515,d78615a28a751f6abd0ab9724632361644c0635c92fc2a10f2381a6539fa080e
jm1,019d7368-7f0b-74da-a01f-3c5e7dd31dab,0,1,7257,3628,cde8fd6a687a0ad9a2a1ad57947e4bd94f3f0443f986bf3a977081a2d572448c,958b7d412bdea3e0c0b22d90a4820643e08340fbaed418c39184c96fc9ddeb2c
jm1,019d7368-7f0b-74da-a01f-3c5e7dd31dab,0,2,7257,3628,43036fdb1f15277acbc2397e4f9176fbc1e3feaf7f8c5732ee7b568d98e4e665,8f263af476f831ae3f54597c4466ce3cad108f7aba9821175af31c9e08293df3
jm1,019d7368-7f0b-74da-a01f-3c5e7dd31dab,1,0,7256,3629,6e24c2fc69bf3535f718da7f86f2aaed102c6a8966373420c933e602631ad7eb,821999b03ec928bf087a01d477fce04f6e9eb6234e062ddab1fef522434a0c61
jm1,019d7368-7f0b-74da-a01f-3c5e7dd31dab,1,1,7257,3628,d8bd65bfa1f9f860018ec674f42bfb8714c762c5c93266ec1d6c292eb7f736e8,ab37003a5a9a347403de55c9a45510fe85b10d746e7b556c0c2baa98a0d0bf1e
jm1,019d7368-7f0b-74da-a01f-3c5e7dd31dab,1,2,7257,3628,e6e6b5b2b5e0f135a93ad36f88d5dec34e6a342258e9ed4b67c20a9719f0d0c4,b8224594d8db37809b46095d002551f7fe796f20c00d578fa022d320ee13c6de
jm1,019d7368-7f0b-74da-a01f-3c5e7dd31dab,2,0,7256,3629,0766ecf8bdfcbeada8266cec7ded61d2f032b00060305212e51200c3de81942b,4d5bac9b7483f1bf66c88212923f48944c180f587022b8cddc386e0cb57f5db6
jm1,019d7368-7f0b-74da-a01f-3c5e7dd31dab,2,1,7257,3628,e8c9a19e995968008e4cd7284ac5a52e9fb9d52a3aeed8e7962f3c3b020b52d9,7b3afc45ea971ff426cf154ce17f6b31169dbcf229a19fe2beb3f9fd26a7b66b
jm1,019d7368-7f0b-74da-a01f-3c5e7dd31dab,2,2,7257,3628,d36c1d3e82341f7fd372453e9316d9eded30c68494d0c6fd25db421cf72ea5ff,be19972fbb4ac27f025a313302af07a7896630a5bbba7d721d1fd09284a109f9
ljubljana_breast_cancer,019d736e-6ea7-7889-b0ff-20fbdd628b8a,0,0,190,96,40437294d0c452758f5de60e1f1295a0152ef946b348bc49ed7f6aecb2d5fc7b,3c6e5aa96abd8c43020d2b469bc96cee3e571e115129a3b758096cc2d9023514
ljubljana_breast_cancer,019d736e-6ea7-7889-b0ff-20fbdd628b8a,0,1,191,95,9f102125a70d9d064e2ac5378681c0963e8e86e818d6db7073c658fc665b62aa,19831aabb0f66fc0f2d264c7a41c5f39b84912a43ac85dd27cb7d1b72d7338cb
ljubljana_breast_cancer,019d736e-6ea7-7889-b0ff-20fbdd628b8a,0,2,191,95,a9179b6c886d5ea84003dc9044856bd5e93e9a52868231956cd788e3fada2bf8,e1aab000b38b6d8c5e8d3fa0a1f62e440dfd160525d0a1b6a48606ce970faae8
ljubljana_breast_cancer,019d736e-6ea7-7889-b0ff-20fbdd628b8a,1,0,190,96,fa76a01a1028841b3967623b9bbe97cfa4439d78bed35d950d39c4630cf58622,9774f0d36d9d67472412d092ae875213862f5b2896fe5e90a98988cd6de5361a
ljubljana_breast_cancer,019d736e-6ea7-7889-b0ff-20fbdd628b8a,1,1,191,95,9cbff53a8f9703eab0ce1db576c22ee332787c7a8306169e5b6f1a0ff641133b,1783ad0f83dad5be5bb19f4dc01c8bf607de2e228ece3aee9017a2f49140a718
ljubljana_breast_cancer,019d736e-6ea7-7889-b0ff-20fbdd628b8a,1,2,191,95,84030b8ad38f3be2f5fea90b5d1787efe01a8f62f34195ed55fe42e2d7c9bc0b,c06cce9f9f4ff9ff7ebe03a3e71b9f5ef23b5ae96c422f08e220dfbb3af7a285
ljubljana_breast_cancer,019d736e-6ea7-7889-b0ff-20fbdd628b8a,2,0,190,96,0b047d82614d0d7defb31b61d18497f4dc9b41fac2b37b876741182a6d4c7677,b9617ea0cb3166b18b5660c086604e8dd66052ba77b83e6d671d5006c2fb90ac
ljubljana_breast_cancer,019d736e-6ea7-7889-b0ff-20fbdd628b8a,2,1,191,95,fb3cfd0a3cae6b039559d0971985cab27906131d062af229f776bcc0ecdb0889,f99ac9e7811b3feecf1f14a9b3fed1d5d4e9e128f1054b319eab43bbdd9193c6
ljubljana_breast_cancer,019d736e-6ea7-7889-b0ff-20fbdd628b8a,2,2,191,95,eebc960ec95c9a91ae9e4139bab82dff41f2372be1769cb0dce6faebd18ceecf,3b59cd6772f5117e627195773aa6b89f9d1f6a115d234a8b9fce5959ef920aba
ljubljana_breast_cancer,019d736e-6ea7-7889-b0ff-20fbdd628b8a,3,0,190,96,daddc65a79b8c861a96c4a23503f23c8c276c45833b3dc1e758980eb28d222d9,154937e13f5452c4d2d00ad3491e50ac7f938be89d12bf53b6121b467121f19e
ljubljana_breast_cancer,019d736e-6ea7-7889-b0ff-20fbdd628b8a,3,1,191,95,83f5508a3b64cf1212faccbc7002aa08b3028f1e8123e83551037666ea4ab46d,fae786d629bc7029017f55d2691281eff143a0227298d4535941f047fd95e022
ljubljana_breast_cancer,019d736e-6ea7-7889-b0ff-20fbdd628b8a,3,2,191,95,b4646c7abcca725caaebed8156203d14f8143985a7e245a167aee04b1d338f61,2e78198374348d223d8afc7d7e90ae7baeed8252ceebe7509cb6c20264cee5a7
ljubljana_breast_cancer,019d736e-6ea7-7889-b0ff-20fbdd628b8a,4,0,190,96,1b37f86baf8515c85aa120b21c33b0e3bc4aac49a08b0dccf765da9f6c77246f,23a4484ac983020c0463096801647888b1245555805cb399a49c66b939835214
ljubljana_breast_cancer,019d736e-6ea7-7889-b0ff-20fbdd628b8a,4,1,191,95,64c3aab4ecb1d697bfcc2a605b9e89ee6cf91926f3df70bbe4fcaec2829b99f8,fc5320a1ff1396503512c8a33b8a5087d332ba07c8297e8a06ff8c9cd757ad27
ljubljana_breast_cancer,019d736e-6ea7-7889-b0ff-20fbdd628b8a,4,2,191,95,5f869582962424a80f8fdeb3bcd8c5c5e7eda358c0e3f4805d6203693f7aa0ef,1b7806c2ef4deab5884017b2350c03af208007ed977bea9f48cea61a06e05fea
ljubljana_breast_cancer,019d736e-6ea7-7889-b0ff-20fbdd628b8a,5,0,190,96,32c3fe1b846f192445a31f2091f7a9fead80273e63d8c6c4005ad75b3bed2aad,4c34fa147152643d8fe80951411493f7b409e5f11074922c4608d8252f724104
ljubljana_breast_cancer,019d736e-6ea7-7889-b0ff-20fbdd628b8a,5,1,191,95,42e056f25ba88e23b23b4868c88db78a5b01f421bf357ddebbb35f228d7db047,2949d1bf5bd6b31d523dbaaaf8496fbf13c61fcbfccc51a12562c6be92f9e56f
ljubljana_breast_cancer,019d736e-6ea7-7889-b0ff-20fbdd628b8a,5,2,191,95,2fe98ca7da8092114c4a8c3482849fe98bbccb242c0697932996b2e525e6f0fd,577b2217d8c5fe52c4dbc41f0eb82b01c8ffd84ff1c5824effcb624014c9cf7a
ljubljana_breast_cancer,019d736e-6ea7-7889-b0ff-20fbdd628b8a,6,0,190,96,09cfe48d96ad4acee76a837b0505d7e159b2ce1dacf8b05a480ac72142c82000,3e2a42d4720617f2dc46b41136418cc614dcaca5a8d151f77b92663b2ee6c09a
ljubljana_breast_cancer,019d736e-6ea7-7889-b0ff-20fbdd628b8a,6,1,191,95,e7aad1b88083d57a2f0ba38ab982cda19eb64234fa5a307f1613c792f3154205,b6ade8e566aa4675566c6e0bfa5ff28602562c14c3ca962f442c0e2cbcec99c6
ljubljana_breast_cancer,019d736e-6ea7-7889-b0ff-20fbdd628b8a,6,2,191,95,db60e3dcef924c07f7647ee77a4cbac2dfb8f4a09d5e9434f3f40f3e332c5031,12e0ab186830a51f92eb5212db2c4499e36dceefb5a62077192c057227aa152f
ljubljana_breast_cancer,019d736e-6ea7-7889-b0ff-20fbdd628b8a,7,0,190,96,0dacc75a8e15ef3aaeeee66ef610b87032fc84a813fa161fa79e793ab73d1c31,644f5d9ac5419106cd651c83ba7a1f81414a554707ac0f95084f9dce791c9858
ljubljana_breast_cancer,019d736e-6ea7-7889-b0ff-20fbdd628b8a,7,1,191,95,f6449d6c4b532575df5e8b2290834cb1a0ddc1ddc955edd51aa56c6112b0501d,63eb693ef42de81cdff43038fcec7f500150076582f1357068975bbf0eb0aa5e
ljubljana_breast_cancer,019d736e-6ea7-7889-b0ff-20fbdd628b8a,7,2,191,95,ff0ee867fe17d24bfc800bdde09afc9b012a84fcd49bb2db96a582aa5203a1e2,ef495c0c65f41717c3fbcd4b22ad4890fa238ed699b4c6d85fa6a4eab93b1f3f
ljubljana_breast_cancer,019d736e-6ea7-7889-b0ff-20fbdd628b8a,8,0,190,96,bfa8bc6cc6d2a91d4035f72c5941f782721e2d5a1ddeb11cd143e8ca22add33d,3c244a4c55816616de308999ca614162d749ab1d294faf4414d64bf92fcd4216
ljubljana_breast_cancer,019d736e-6ea7-7889-b0ff-20fbdd628b8a,8,1,191,95,af10d3a079d36cf5bb120c0400357b132005f58d7d6701effd25082ae64fdf3c,caa55d6a8ee2ef12f5573454d29a9a92608aec62907e919121de373d1b207708
ljubljana_breast_cancer,019d736e-6ea7-7889-b0ff-20fbdd628b8a,8,2,191,95,76693c6c27bc7a43e984e25d63c403603e00ff3509a713766ae26cbc7839ebc3,463bcadf1c9d10772703d64e7d6d1d946106c0a65921a9fa5d3e392d63dc6430
ljubljana_breast_cancer,019d736e-6ea7-7889-b0ff-20fbdd628b8a,9,0,190,96,e5d61f6b2a43f009b8b4b1f6a0e74be624521e960d8e06a797e8770b0a054ba7,5975b7bf3487d5bac9db97f681dae4261879e8c8eb2bdf3816995a1af04c91d0
ljubljana_breast_cancer,019d736e-6ea7-7889-b0ff-20fbdd628b8a,9,1,191,95,01a40c2f1008d0b58e86516a8f3ff943ebf4a1a3a30d2bed47c1fbb5c44bb868,baee9a67624954ef53f6b76b2017d2a7caedf62ee3980a0e2f363476b9d598bb
ljubljana_breast_cancer,019d736e-6ea7-7889-b0ff-20fbdd628b8a,9,2,191,95,b0bbb20c4601a5e53bc693ac7a1a8bf49ff318a11e55aec6656be076a67ce30a,2d9fa07927158aaad3c953e62e5013c120fa48129c6ee2388e2df2db5328660f
ljubljana_breast_cancer,019d736e-6ea7-7889-b0ff-20fbdd628b8a,10,0,190,96,267564066d0ed69feab18e3c619a1570298e7ce5f93b538aa1773c8f69aa447b,85babadb81df8f65c3fb211b660e2cff106831a35caabd17b758268a1a64c4e0
ljubljana_breast_cancer,019d736e-6ea7-7889-b0ff-20fbdd628b8a,10,1,191,95,4ed0a2934672b2412a86544fdc2a7e98e09c27388c062d0b7795cf2aca9224c8,2d32320e27ffeb6b6e0f523f5d8b59be15d95b3eea531037f0e11c874ef8e3f6
ljubljana_breast_cancer,019d736e-6ea7-7889-b0ff-20fbdd628b8a,10,2,191,95,2181132ad1bc475ab9361d52c0f8fbdece321f8e81b2e59a8a1a30a42dd079be,5522a32cb5b1b5f5aa9b1aa715d6e333d46a91e7ab26985c1d9ae196d1d76f2b
ljubljana_breast_cancer,019d736e-6ea7-7889-b0ff-20fbdd628b8a,11,0,190,96,f27d2026214c4ad17a57cdaf14237bce2ac6e373600da6ea9404ff5a2d53d142,a2e9adfc383b3f6ed7b62a8c1acc4411a832cc30316b2557ba97db8e2289d8ed
ljubljana_breast_cancer,019d736e-6ea7-7889-b0ff-20fbdd628b8a,11,1,191,95,2fd324cf9f1c2f750189a71e8324ee58b8eed960c65d053ce5f3d2a2c472a6fa,c245b2ceb87dd21a955687d9e4782b0925480504d4799f4b464116c57739ef08
ljubljana_breast_cancer,019d736e-6ea7-7889-b0ff-20fbdd628b8a,11,2,191,95,6c5e09ad230d9f7a6873d70324c12724189f996250079910da4b2de527e9fda3,143497da0049e6f23ac8589cce9d186384f7f4958add42af37ced12d138c2faa
ljubljana_breast_cancer,019d736e-6ea7-7889-b0ff-20fbdd628b8a,12,0,190,96,34ac8f83dbfa4a24d551c7148e95f4a6d9a6eb7fcef252a14e6ac69faa127ace,270a0304636c192b7902755abee5f00403a73cd72d989e83f1d2dd7f98822406
ljubljana_breast_cancer,019d736e-6ea7-7889-b0ff-20fbdd628b8a,12,1,191,95,6dbc0621929d38e5c8b14dbef5a3c56a0890483ef627bdf7417e31aab800e000,27a4edcadbdaba31a5a0acb4e5a2476859514154c3c19f9471c0bee724d0f9e1
ljubljana_breast_cancer,019d736e-6ea7-7889-b0ff-20fbdd628b8a,12,2,191,95,48f639e51b926e4a875716a6e6c2f24c009324d8b6859a6b577bd5d4d5029b85,0009aedcee22fdd13215d9cd600ba820e478ff0712e0cb6d23327f8e2b645e2e
ljubljana_breast_cancer,019d736e-6ea7-7889-b0ff-20fbdd628b8a,13,0,190,96,89905fd5ad1e0dc355fb60be6cdc514c91bae6cec0eccacbcf181a44c83337a8,b46cf5f0a5c4a0af8b735e985f0489d4391f505df78fde09d5e9d9ff4ed700ad
ljubljana_breast_cancer,019d736e-6ea7-7889-b0ff-20fbdd628b8a,13,1,191,95,f3b94fd9aa1f3db2939829c6be46d1f233fc92fa7a5b28255867f57e46d5341a,6cade7f87b5bddeca955a6c8dd1ebf0edef8062f8ac9129c87538edbed9fb296
ljubljana_breast_cancer,019d736e-6ea7-7889-b0ff-20fbdd628b8a,13,2,191,95,ba6e481e9201156fe0e0cfdcd60f1b335edf9fe05662c9489bab7b1bf6225c58,a1a5632036c4920cb1456d8601d1b3350dad1a78cfe6bc129f87796849fd8578
ljubljana_breast_cancer,019d736e-6ea7-7889-b0ff-20fbdd628b8a,14,0,190,96,a49635438cccbbee0895e9f63d7a0828f8b2ed8d014a7d3fa862b8efe886faac,12443eca111bf622343d8bf256fcb8e084c390d0b31674089d538f3ac502d38b
ljubljana_breast_cancer,019d736e-6ea7-7889-b0ff-20fbdd628b8a,14,1,191,95,ea92270207858c839ebd00d5109b4e74054985da65e6b2d5071df35342fa3e96,ceeacfcc6067b01ae67fc72511e17f077036520bfaf4320f5439891192c92c13
ljubljana_breast_cancer,019d736e-6ea7-7889-b0ff-20fbdd628b8a,14,2,191,95,4904a91a53cc8f0f43108f154935af478ef125a5d0fe334937919d72fd91bbc0,2df28ceba5c95242d29040186e3aed5cad9a13815441c6157333c6d0ade232e7
ljubljana_breast_cancer,019d736e-6ea7-7889-b0ff-20fbdd628b8a,15,0,190,96,24762cc9957eee34fc4471eb9b8b5a20a57322892cc3d66dca0dd2e778977893,daf7b160db762de30e515518e5126f0b972191b4fa803aaa357feb20fd233586
ljubljana_breast_cancer,019d736e-6ea7-7889-b0ff-20fbdd628b8a,15,1,191,95,f276f6f8b5dc2c8dd067418acfe240e197e27c66012ad3f46f13fb7761295a21,b0d1d1abe972818fb9abd8f5ad979336b691560b9ffaeb9b4702fdabe62f2c39
ljubljana_breast_cancer,019d736e-6ea7-7889-b0ff-20fbdd628b8a,15,2,191,95,6bc46549e34a4ccd3f468dc9dd48fe3397224e6111ed8548dcae48ea6b76812d,61b1c876846a5940715da59b18ccf9be0ed9c5facd41b329e026c18681172874
ljubljana_breast_cancer,019d736e-6ea7-7889-b0ff-20fbdd628b8a,16,0,190,96,1ba9641b3db10ad3ba0b19ee2ae9a663daee71262c6bf5e2bf5f7e7306f62a8e,e0deedacfd1b330dbec10a74010e84219d9e859c9858346c1a7db8341cb64792
ljubljana_breast_cancer,019d736e-6ea7-7889-b0ff-20fbdd628b8a,16,1,191,95,28b203aa995643148e26b211fe0b15c209a2dd593ea1645902b19c88bc47f994,f46aae05c1e1a560a7f60b83c3bc6cd9b8b6fc78c0da53fe99084688b8c023dc
ljubljana_breast_cancer,019d736e-6ea7-7889-b0ff-20fbdd628b8a,16,2,191,95,9db2778351e134507fc1ab5232f360c186abe5f6ca5ca0befb58502078765b2f,cdd176ed03aaf9ce4308d08e8122ae72326bc9506a7c5f696bb7e028a538cc8f
ljubljana_breast_cancer,019d736e-6ea7-7889-b0ff-20fbdd628b8a,17,0,190,96,ae5a98fd90492f454e60b78f2b578aaea889d1350e8751700b2254c7e3d5cd37,bb2f572c61ecd138c94e1d93f7e204b781fc4d42dc27f263adb39f6292eede2d
ljubljana_breast_cancer,019d736e-6ea7-7889-b0ff-20fbdd628b8a,17,1,191,95,4a37e5e234bdf1e20f0ae8d7fea73b3beb27a1f27f4130c4981b52837a344aac,4f7a07003a629e3859d2469a40801c256aff220f87e8e8723b29434e4d97bed5
ljubljana_breast_cancer,019d736e-6ea7-7889-b0ff-20fbdd628b8a,17,2,191,95,a9e8239b9be2b1d815c8789dfcdf4afe49ffb2aef36387d30620a666dba01eaa,4c087367046552de167140a094501b8c71c73e10eb44f6e8f6e36bafdda861ed
ljubljana_breast_cancer,019d736e-6ea7-7889-b0ff-20fbdd628b8a,18,0,190,96,2ea1611f19298980dc4eed6bf672139ed7a7a79535c11a8d47a328979d4b5303,dda13f1227f635d23df466e21d034064d4f23d0c99669cab8bba89d20e42fbcc
ljubljana_breast_cancer,019d736e-6ea7-7889-b0ff-20fbdd628b8a,18,1,191,95,51f82866a6149d70160681f78f226ae6a9d66441fe472fa2e3c55c8655837fe2,a1020fcb972766d5ca25692d48bcd08a273d570ff7d3a6aeb55d46d3db208248
ljubljana_breast_cancer,019d736e-6ea7-7889-b0ff-20fbdd628b8a,18,2,191,95,74f0c3857c2d2167130ca9644e18778b92d17af06dbd9cd27561e0aad946bf43,291435b5ceb02cae31e769036b47775c4db96131469983915f159dd83f943229
ljubljana_breast_cancer,019d736e-6ea7-7889-b0ff-20fbdd628b8a,19,0,190,96,99c4a2c81c9bc12c5fdc7e9efcc5b6ab74154d6d4c9104b0978b64f479da7bf1,a8f46b7fe5fa7f3caf1212ada7266f3b5b54bf1e57f03440b680e4dc38891438
ljubljana_breast_cancer,019d736e-6ea7-7889-b0ff-20fbdd628b8a,19,1,191,95,cfc2716b82d9b1e0ac703d5a694d568626906a7ffac3cae8424cb18b36a67d16,2bb74397cf206adaa5a617ac26b72882ec6879bb8bf1d32504fa64d72a323d01
ljubljana_breast_cancer,019d736e-6ea7-7889-b0ff-20fbdd628b8a,19,2,191,95,74ec84a317fb56d03a79799e14c35a4b62c1c79bbda7bf2ede371fc6320a8a1b,8f36a9ff55cfc5dc3da7a6e1f2f1badcf68302aea735dd7f0eb8b9617460e4cd
marketing_campaign,019d7441-e83d-7bb2-bed5-7eb8a1ad36f6,0,0,1493,747,82962f495cd9d55ffa20c414f59a8eb9a676a8275283427fd4bd4a9058e53264,53f7aecf91226a2ca4292b1216c649891554e803803de6fa9dd6ffb365102986
marketing_campaign,019d7441-e83d-7bb2-bed5-7eb8a1ad36f6,0,1,1493,747,476b27f33f780765491ec2a2fcf9ff91f8561fdd172fa6b0b396faa20383b13b,5d3acbb2f5be5232b3ed4a55a8567225a62e3618e6c75e4059342857ab27af3d
marketing_campaign,019d7441-e83d-7bb2-bed5-7eb8a1ad36f6,0,2,1494,746,1254f046787b7a0f721b759ba8dfbe4b67370fb2a73d862bb03108393dd470ab,b8debeb1a81bd54c3520565f39205260c98f0eb38fbb1c8bc2b7318f35c8a624
marketing_campaign,019d7441-e83d-7bb2-bed5-7eb8a1ad36f6,1,0,1493,747,3cc57628286dd947ad27a3a732549d6683358b59705eef0680100ea65f623843,92a2174c6a2e5eaeb77db3258cb7bd1e9d4252dcb9fc2ff407364999830ef66d
marketing_campaign,019d7441-e83d-7bb2-bed5-7eb8a1ad36f6,1,1,1493,747,f13d3513b8a0e75935b24efdac860f2787447f91d1e4d90efa4f46589b1d46d2,7d777dacc35fccbf8fd6fbeedf7a683b411feb88a11e02961a62905a9ae92fc6
marketing_campaign,019d7441-e83d-7bb2-bed5-7eb8a1ad36f6,1,2,1494,746,d6e9c42675edc5bba3a75de1e8c0dd0b164538770bf4620e1213c629492f6cf3,90296acfcfefabd4e7cd36fbdf86c5d2d029976412c4c709285a6792cc60cbce
marketing_campaign,019d7441-e83d-7bb2-bed5-7eb8a1ad36f6,2,0,1493,747,e38a6dc6319bbef9566b5a23c2e58cbe6511262bb9f82e91d0eb54666d5a7fff,a3ff2e2a055417050d0f0fa60b4950cedb783ab5379101dcbd761d4c2972f8f7
marketing_campaign,019d7441-e83d-7bb2-bed5-7eb8a1ad36f6,2,1,1493,747,2b2606a6a865cec488fa1b66414cca7d39c62e52a64b375027bffa00fca5f491,c6b27c57a16d072f4bf964f725ed0dc2a3ee748e5d1090540830eb1785177419
marketing_campaign,019d7441-e83d-7bb2-bed5-7eb8a1ad36f6,2,2,1494,746,695fb6b2ef38999beaf602e7657cd06d2883b922ee5671acaa458f4e953d7e29,34af4e732780142bb6ca5970241d452af256e7dffe24ea4d538d24e6c3ede5b4
marketing_campaign,019d7441-e83d-7bb2-bed5-7eb8a1ad36f6,3,0,1493,747,32a6df674decc6e7b4b11c856c93f4f33b1f631f78bd2b83de74ee48acd328ce,d520b3ee634aadefd7ba0ed452eeaacafda56d6e9be5073d70d36cbbefdf8a3e
marketing_campaign,019d7441-e83d-7bb2-bed5-7eb8a1ad36f6,3,1,1493,747,c4ffae0ca57495bab7a5d5875e2662a4543bb171823a31ae9534b1679bdd3324,4da7c1416e7ab3cba974e0f100a28b7694e1cbbca40850fb5fe506e45cd28b02
marketing_campaign,019d7441-e83d-7bb2-bed5-7eb8a1ad36f6,3,2,1494,746,2f48b3f8c1f3a8a82804d8792298b661d0cf42eb16006df8317634e3c610861a,e6ad5ed4b0ecae568ba2568681ce1e4a9f4b3339266d454141e964ef220a29e2
marketing_campaign,019d7441-e83d-7bb2-bed5-7eb8a1ad36f6,4,0,1493,747,eb4dbeaeec58e1571d533179eabb64f88e54bdbfa8b4bfc5f747ad80d2485e52,77bf7996b3b905ec383d2680a36c7ac80eceacd9315da19d2189df2648b4b108
marketing_campaign,019d7441-e83d-7bb2-bed5-7eb8a1ad36f6,4,1,1493,747,420c40293b273ac050a70284cdb172f6fb01db60b363da6fe34d7b55825b76dd,1b3b64abca769105216cfa334743af313083c864b9af65523af475c8811c5f81
marketing_campaign,019d7441-e83d-7bb2-bed5-7eb8a1ad36f6,4,2,1494,746,c36732e97b9e78c1fbb615f93632a01f2b401048523d5696c6d6690698a22e6b,2afde7a40a87352e8836cb1eb8526a4e0713d766204ad0f6c031ce5110f09e53
marketing_campaign,019d7441-e83d-7bb2-bed5-7eb8a1ad36f6,5,0,1493,747,d2458e405b8659c504be64fd9acb0fb7b75ae54fcb1d761b21b1c79e73405182,f8cf27df75484ca2a53b54c6c38cb2dc42fdf673283b4f0ba79212f7fb885689
marketing_campaign,019d7441-e83d-7bb2-bed5-7eb8a1ad36f6,5,1,1493,747,241517221f7eb1d12990f9a8003b7ce16276012fb015dd810f25018b1dc9d8ce,cd212e7764599cfb5911f17ec8c0d456092232f63bb66f14db29fe364cc9eca2
marketing_campaign,019d7441-e83d-7bb2-bed5-7eb8a1ad36f6,5,2,1494,746,24c7d758914b4818b3cf0ff221d89e259545190c466ff58707fcdca475f64a6d,3b35f297792ebbfa2965015cae6372a7f4104864d922998eb937603359673ccd
marketing_campaign,019d7441-e83d-7bb2-bed5-7eb8a1ad36f6,6,0,1493,747,009aa474178c5c7fde76c61845403293adac20986b4b2e90885b5d49142c1783,09794ca0c6d7808fdadf8a916d8e40a161b269935a478848a9d20aee8a6aa9ab
marketing_campaign,019d7441-e83d-7bb2-bed5-7eb8a1ad36f6,6,1,1493,747,09bb2e86b504eb7b2a439b5a6a73f54d5765e296dc60a763929ac4077266f0db,40f4565557d77227ea7699f33097bb4ab13442a23f1be4312ea67a04491cce56
marketing_campaign,019d7441-e83d-7bb2-bed5-7eb8a1ad36f6,6,2,1494,746,f65bc05e54cef783c8f71d03117058ea715734809bef80b85b8fcefcac12b5e1,5a82220491d880c205d3e74a5a84f043293844f073ca59abe8f042eed8090f23
marketing_campaign,019d7441-e83d-7bb2-bed5-7eb8a1ad36f6,7,0,1493,747,fc3ffc417ea393c6d34732cf012e41ea6da779766e6d40b61aee47694d656287,3893e50b3a69d94dee50541d30ef459a286c126562fbe69810c89ec12bb2af1f
marketing_campaign,019d7441-e83d-7bb2-bed5-7eb8a1ad36f6,7,1,1493,747,4dc873c17a20178adfb21dd2a4439c62f2362ea0261973eb214ad72a2b7f1a62,aee3630f04fbd4063636d32702d997216e15bc6e0e07278d88492022c050aa28
marketing_campaign,019d7441-e83d-7bb2-bed5-7eb8a1ad36f6,7,2,1494,746,538bb13944edf4269a0d0bea49d68116357fc09cc19690f54f42cff28d3b105e,2d529cd53b3cb6d97510a0bdf0b7830de81913f5ed5fe262ff4bceb96de4482a
marketing_campaign,019d7441-e83d-7bb2-bed5-7eb8a1ad36f6,8,0,1493,747,f0ecbde1fcd96035f9673d5599da6ec914d3bbe501d46070e2b47523c588597d,d0db00246e06b2ce3bad62a26bf9a1bb08e34527450644138cb29d54123b320f
marketing_campaign,019d7441-e83d-7bb2-bed5-7eb8a1ad36f6,8,1,1493,747,7fba2cccb0348da746fb5351b2ee8149338955c5341d08557f144b99c2ebd62e,cffeb3c972d31803074b410b9b4aa944a0940697f1434f30f10fe33facf9fb1f
marketing_campaign,019d7441-e83d-7bb2-bed5-7eb8a1ad36f6,8,2,1494,746,9ff520612ed831910532ee3fa7c1375ea6a5692c6a1a05e6c5bcaf47f1a4df04,dfdc2b4f30efbe2d5495b722b6f301bfbb1af9f3669c9f757228dde40f69e8b2
marketing_campaign,019d7441-e83d-7bb2-bed5-7eb8a1ad36f6,9,0,1493,747,ec889254e674cc409e7b8ec5cab6e1bbc36d1db0e6fb45c9b58ca63e43a55e15,431af484a7bc956c94d111b2a5d8baa73e706dabcb2858007f0a56ef67563688
marketing_campaign,019d7441-e83d-7bb2-bed5-7eb8a1ad36f6,9,1,1493,747,73350518c100620dcd5e5fe88ffec18230718ad524e60f27e7226b240a7275a8,858857f65e0887e3188e71f52c57307977440c87088d6a12b22ebf0f053d7bb4
marketing_campaign,019d7441-e83d-7bb2-bed5-7eb8a1ad36f6,9,2,1494,746,1a4bc1e7843116265e8784bd21ffb7dd6ebae35902025a427a2c3ddf5a324bfc,53907590561140b7f2eb8cea6ce12522e64cc84875c272514411b5483202e4b6
seismic_bumps,019d7369-a6b4-7060-a145-dc996b59cf1b,0,0,1722,862,13d304410627b4cac39a6e81e8774c8da2e7ed2a64704a0609a0c10eaeab6db1,425027089212e340f323d3ad6420ed0b2ddfb96a21a13753c87cd430d40bcfc9
seismic_bumps,019d7369-a6b4-7060-a145-dc996b59cf1b,0,1,1723,861,7cdf6f5a6d4d3e5c74fd1d5ae803d99b7126184b2682be7cda441f23d02ab6d6,dcfff5b52c337e03aad4cdaee8edbd35c1e20e22507de510d62c9291a36ac312
seismic_bumps,019d7369-a6b4-7060-a145-dc996b59cf1b,0,2,1723,861,7b704da2850e54f2cdcee91c9645a820e9e01acb1d9da970cb99e34dbeb983a9,7d0c19761d538498fc348fe7964aa01f003d2ece7fc74a780c0f2303aa4222e6
seismic_bumps,019d7369-a6b4-7060-a145-dc996b59cf1b,1,0,1722,862,de37deef29f258a6cb09e686f7eeaef27cb81ab67923a1a07fc0dee50903fec6,cd04ee95051602300fac1915b6d40c5779cc52c8d616647b856c2dd74c21746b
seismic_bumps,019d7369-a6b4-7060-a145-dc996b59cf1b,1,1,1723,861,06075fa96a3f51e95ca516aec22c917ea9b669e325533577f5d5cc473b40d21d,cfd06ff6ae3e27d9415966b8410f96130eac00bb2f992689e0e4bcc420df1a38
seismic_bumps,019d7369-a6b4-7060-a145-dc996b59cf1b,1,2,1723,861,2045935e80d4c902babfdd3a480c1cbdd693f671b2306c472a19bb74bc13dd39,8eae33f90e327b7a0d37ca13ef010ce04c005f4444342adde10616f979d0f9bf
seismic_bumps,019d7369-a6b4-7060-a145-dc996b59cf1b,2,0,1722,862,b7cd6e4e298fbfdac422d060e75d9017a98926bbbc039be265f88a164daed325,07977d38e6eab1bc07dc40f5a67f214d59e2c6c3e041c960524fd1e3a0f3cd04
seismic_bumps,019d7369-a6b4-7060-a145-dc996b59cf1b,2,1,1723,861,8fd58fe42a6d2c5af29b2a1969684d0534dd658505a4381c0578e47d162fcd63,f731a1fafef54e75ee5bd364c545a2dd38d45f60e7f7a429d45ac61e86fc0d10
seismic_bumps,019d7369-a6b4-7060-a145-dc996b59cf1b,2,2,1723,861,e6d9068ba1c670dd159f6c3ac21ebece3bdf5b8b2f44b324cad57e439598ff06,2fcb79561da2251b43944cdd896f49b468d9a4d1350fdbc7ced46bd4505a8573
seismic_bumps,019d7369-a6b4-7060-a145-dc996b59cf1b,3,0,1722,862,64574f2f3394c290dcf703c3457dc31392085e334e9cd103650e51c42ed8514a,7c85809d18a1ebbea0d4872c673ee77bbdefdd8a22cee8e1ab079141c8cff8b0
seismic_bumps,019d7369-a6b4-7060-a145-dc996b59cf1b,3,1,1723,861,46390221e89d5e6019478a015b20407fbdadbd726070b13173e33c06d198ca6c,d62eabf069fc196b8d18ae5ed6a64bfbf97da2ddda22c0d70d72aa745c230124
seismic_bumps,019d7369-a6b4-7060-a145-dc996b59cf1b,3,2,1723,861,f9ddf5f8114b60123b83f6bf1639a54b9ca12403fd9aadb869bfddf4ec6876a3,caad92a94be65aa78dc339fcda3a303981bb2548a6d7b55816783594f8dfa77d
seismic_bumps,019d7369-a6b4-7060-a145-dc996b59cf1b,4,0,1722,862,8bc3b5d1ed638be878819b8c8ee5188275e32000597ddc2ee8ee1c5e854e12c1,04472e42bfc892ce2e3e40f057574ad4978d117e62f35247db1b2192a36cba56
seismic_bumps,019d7369-a6b4-7060-a145-dc996b59cf1b,4,1,1723,861,61a26e94a69eb70e4b241cd47e196d50fd4f88c72f7a54fb608197054b3e5ffd,8b88bf73747aff2759507304d47a75fcb604200f770f1084849a743d4e17cae1
seismic_bumps,019d7369-a6b4-7060-a145-dc996b59cf1b,4,2,1723,861,78c476ae486e57e86edc4bcbaf38da0a975d2907d213952f0bc0fc574fe74bb4,54ae490b9e87ffc4d017cf3b92777d458761dbb6810ec62213a8dc6004d09bd8
seismic_bumps,019d7369-a6b4-7060-a145-dc996b59cf1b,5,0,1722,862,2ea34ad96fb755daa4dcbf6a4a06f016d99f7410536fe9438d215221af7dcdd1,9ee19b61b210bf82bf468dc79870b9cbe444376baa8821a7057bbef6a10bd68e
seismic_bumps,019d7369-a6b4-7060-a145-dc996b59cf1b,5,1,1723,861,fb13904b77228ac08f82267c557a14acc8a820e834ee86f86aeda550b4b5527f,4798ef2231aca683bc098ba11335b186c0bd5e15f96f2a8e550ace5c442506ef
seismic_bumps,019d7369-a6b4-7060-a145-dc996b59cf1b,5,2,1723,861,1b863858a948c5fa5d1342ff74718d0be70efd65c422f69b3e57026e8d9a5549,ef09041545ecb4aeb94053f7bef0fe78ea71138fe9ba415b388014a074e6f923
seismic_bumps,019d7369-a6b4-7060-a145-dc996b59cf1b,6,0,1722,862,5fe7df53df5c149993a91d3342f7edb1680aee79d6b2ed90edf04f6417174883,b249605757777315ae4a8c04a046568d791557160e7ba8b7617c62e50e796a07
seismic_bumps,019d7369-a6b4-7060-a145-dc996b59cf1b,6,1,1723,861,7d271f4952b53a1fd53235efa5fd40595a5fe6fe646f5cb91bc5e749d65d4ce5,fb101b74de1038c113c727d5620e538fe30350ba0574eadd1dddabe92fa263dc
seismic_bumps,019d7369-a6b4-7060-a145-dc996b59cf1b,6,2,1723,861,aa40ec50cefe05f7efce193d399da727dc748e32cb2c13a8f3063d8a6da60fcd,87c47e992216703e30de9b4afd660257c53ddf0dd950ea7d6f7ca47e15f5b6f3
seismic_bumps,019d7369-a6b4-7060-a145-dc996b59cf1b,7,0,1722,862,4ca66a04af8c4bd6f36a5eaa58bc507300e50de5d68ed22833bfc1db2490e286,c5f0462a3d653282c62d20bf2754bb28f60814d4ca87bddc57031a056622a6d1
seismic_bumps,019d7369-a6b4-7060-a145-dc996b59cf1b,7,1,1723,861,8fd4985b95a2376443e30cd031f0e55a2ee20610df88cfc3e3d4dafeb8a7f87c,d142cadd8763c132bca67d0364b5d619f738b79ab53d4fcef9036f45d9190cc0
seismic_bumps,019d7369-a6b4-7060-a145-dc996b59cf1b,7,2,1723,861,f462e28b8d1c0084cee27e09eea1bab78b9ff1d6d2e712d6cafc8f9fdfdac86c,97c16f1a173335e79b3c60a273d1dfbddadfeb5c6f28a0e102b74096b38a01b2
seismic_bumps,019d7369-a6b4-7060-a145-dc996b59cf1b,8,0,1722,862,e0193255231cbd0679b39d53636178affd835e22f2ba83081229331d0aaaf101,48f93653b433bd62d82e5075b5f3376e2efa03deeafad381bd657a6646340b97
seismic_bumps,019d7369-a6b4-7060-a145-dc996b59cf1b,8,1,1723,861,fe5b5e1c42b97abf8093fe32e479af2522953ef8d55e5c0196500912cb54e9f8,708b3b93681a031b711a0248b3d981d3760fb2566266feadc86fe436bafa12c1
seismic_bumps,019d7369-a6b4-7060-a145-dc996b59cf1b,8,2,1723,861,60682e557be66915490468801b9f229527bb0a7ab559e24100016beae2c8355e,e4e37428b5a31cd2ca73feede5241ac6aebd8184c4080b3c17ffe6a40ee669f4
seismic_bumps,019d7369-a6b4-7060-a145-dc996b59cf1b,9,0,1722,862,fb96df4e0dc108427bbe2e08c40e7958e48eed9c408a019819374e4a92ad212e,e1bd9be3b86e4539d8eec11fb3ebd057bbe1d56fd519f47039745f6830345ee7
seismic_bumps,019d7369-a6b4-7060-a145-dc996b59cf1b,9,1,1723,861,b436b63c1c6bfd854822616aad585d7990cb803f556f565e17f0feea10559f74,5fe729dc32c6bf395881d4879bc33dba381693f0971345431dcd65627df99e3c
seismic_bumps,019d7369-a6b4-7060-a145-dc996b59cf1b,9,2,1723,861,dfd2aee0ee7905afd0e410a5fd78e5a6ccabc842f6be06582824edce5474dc16,07d64e37ffc8f50b9ab3469bd353923400d674e7d1ddac7fd808ea29f23909c9
south_africa_coronary_heart_disease,019d7373-f750-7ecd-8cda-f16d5d36be62,0,0,308,154,736f00ecc4f6a902d2aa83816a46168297efd243f30d8907c4a3a32016e1858b,7f9d39850d4fc30efa19620be5730491003853363a4a766e468c3bd27e52bc83
south_africa_coronary_heart_disease,019d7373-f750-7ecd-8cda-f16d5d36be62,0,1,308,154,6da8ac24ab540901f2cd6d4bbf7b377ed25754e46e0ebdc54df25671a5396191,6f96a00e027ef1ec1bb5313920c816b7d3204a1e30c651a843b1c50706026bfb
south_africa_coronary_heart_disease,019d7373-f750-7ecd-8cda-f16d5d36be62,0,2,308,154,da6f515346c0be3a13c75abbc6dfcc89d270628143ebf3b55caaf501d85d7a33,18a7dad8edd9c26bb3e2a709acf2400d0ea0bdaf9e584b5d0b37078e8dd423dd
south_africa_coronary_heart_disease,019d7373-f750-7ecd-8cda-f16d5d36be62,1,0,308,154,96211ee85a740fb44ff2d7761eb10cbd05c49c5c18358c1a1e8d693ebca8e28a,f6d790df8c7dc7c271111db5d2b0998aaadf8e7333ef2a818b5152acb64b4f5d
south_africa_coronary_heart_disease,019d7373-f750-7ecd-8cda-f16d5d36be62,1,1,308,154,4add58dfce969fe88aa7a2540bd7e481d21b6e12d4b95048d913afe702e9aad2,1506b8b6b71d65d810996118547f1534a5cc1d108f05de396bd1815be8a31268
south_africa_coronary_heart_disease,019d7373-f750-7ecd-8cda-f16d5d36be62,1,2,308,154,fd3d3c08e4937a66f1a5e3230abb0a4f9bb9d486b7507b94693284f9347d259b,7c952eea0b58c188c6b65be0d9816223121910de46407f09e38ea8533b3b7d7f
south_africa_coronary_heart_disease,019d7373-f750-7ecd-8cda-f16d5d36be62,2,0,308,154,451352ba6159d308e982e912b40e1422008d5dea7c82ee364dd6ed4c2dfa779b,602c72f095e0720e7e04d1cc843f39c1b0f026e76131e48dfbf3596dccba5372
south_africa_coronary_heart_disease,019d7373-f750-7ecd-8cda-f16d5d36be62,2,1,308,154,be47dd45d8ce1e98e746e86ee0d44b26234f5544d35581f1593905d11991015c,d6d2d217e885752a8dffff1154cbe8c0867d80ce2970f6374363f255519e13d9
south_africa_coronary_heart_disease,019d7373-f750-7ecd-8cda-f16d5d36be62,2,2,308,154,ae5e80334795925449bc6afc2b4fc810c2ada2ecc9f1e81a5b8a6360271a06f0,0f27c2cfb65da17832f388d8979242683ad21cb4e292a380f90fbc9a2f96cf5f
south_africa_coronary_heart_disease,019d7373-f750-7ecd-8cda-f16d5d36be62,3,0,308,154,321ac067afea2acb9f2770325fd5ac39eb123f5705f2cda1d9c29d69a738cbf3,1b635a10a062f21f3affdfa0ac0ded6b6c443e5cdcf67f0938903ae8d01fb26d
south_africa_coronary_heart_disease,019d7373-f750-7ecd-8cda-f16d5d36be62,3,1,308,154,c62f31467c9835166aec1a6837b090801c96941517f1a405edd2f9f936857acd,9fe90b83f56f6d6143b7671a9862973a43d76169899829c4ced7def5e04a012d
south_africa_coronary_heart_disease,019d7373-f750-7ecd-8cda-f16d5d36be62,3,2,308,154,ec710e25ff3138721b46a11f1ddfc0f931573b9d8310f79163224c88a3b17781,fc3f29d1679c6c81d84c1dfc15a2a1f9dfa135b4dfc5667976db2aedafbf2987
south_africa_coronary_heart_disease,019d7373-f750-7ecd-8cda-f16d5d36be62,4,0,308,154,49975c4fceae4f78e1e9dbf3b9902c29e57764cdc7be3eb865e7a7a5c9dbcec7,c46b05505019ff93d673b6b665ff9319ed7f3033abb984c483a6db48cf0b0f99
south_africa_coronary_heart_disease,019d7373-f750-7ecd-8cda-f16d5d36be62,4,1,308,154,2fe95cb5d3b8206e62c80dfe2927d02dd0a377f58c7dcfa36252f69bc62202cb,cb8b879914254545117981a48577d6a2035b5ef50183e933f088d90bc9cca222
south_africa_coronary_heart_disease,019d7373-f750-7ecd-8cda-f16d5d36be62,4,2,308,154,99452e5ad158f6119a1d033f9c93d10ce12ae911010a51670ca4eb678b7f3263,b676cd8aa5a3e0dd1f812d137764889f67a4149cda2ca0ddb53e6dbd993a7fee
south_africa_coronary_heart_disease,019d7373-f750-7ecd-8cda-f16d5d36be62,5,0,308,154,82a1f182b8128790e4f39ec975f4311ce22337191c0e54fd533e3ab9c86f32aa,77bb7aff365005f52c79cb25ca334ebba14d2711301cce84508db755f63d0243
south_africa_coronary_heart_disease,019d7373-f750-7ecd-8cda-f16d5d36be62,5,1,308,154,1da61e81b8aca02918e401bf519264a9340193cc6eebddb6fba6d9416e895f82,231ebe083d393275ea7c0ba9257378159a3c2d827fbcd277e76e8d4dc5a45d72
south_africa_coronary_heart_disease,019d7373-f750-7ecd-8cda-f16d5d36be62,5,2,308,154,4aebb5a1d76cfb0badbced24bef2c166342c29b7ddb7d7c3f589a97fd52cd0e3,66ffe38001d27da833135daa753d1c888c89d8241604c7e7d93e082fc935a24d
south_africa_coronary_heart_disease,019d7373-f750-7ecd-8cda-f16d5d36be62,6,0,308,154,dd95fba822d2b0759f963eefde44ebd30f5e61213837be9a33bf547691a1ebcc,4eeaebf2b927e9f08ff87dda3133c5927f422f9835fbf1dfadb565793f7669f8
south_africa_coronary_heart_disease,019d7373-f750-7ecd-8cda-f16d5d36be62,6,1,308,154,a48c979c4f03eea7528636a4d6982959c5700e23110554357d452e7502952fd5,5adc31b9aa9b7355a71f066db7feacb44435c86d7f182497f5420da3f94c9505
south_africa_coronary_heart_disease,019d7373-f750-7ecd-8cda-f16d5d36be62,6,2,308,154,62f976725f0825cfacba4789269f6f15562b1a3e4b944c9cb16a0afcf048f465,c3cc2bc6d9a138f68f442a2d67c9c91806a5c1f6a48b363ced5900732b0ea063
south_africa_coronary_heart_disease,019d7373-f750-7ecd-8cda-f16d5d36be62,7,0,308,154,ba1e07b29f0c441ec9a153d45efe4feb99fb4a16f1b1efa76077841dc5e006ef,43472974dd86c3d466b88ca8e0fb9457025baa761c607ca733049928736a9abd
south_africa_coronary_heart_disease,019d7373-f750-7ecd-8cda-f16d5d36be62,7,1,308,154,9977b123b83a92258e225ce99821e0b532ae652cbb36b0d687c44bbc939a4720,6a81c317722c02fde21c27d03fabd5c19693a10dc8279827cec2eb6d27a9988b
south_africa_coronary_heart_disease,019d7373-f750-7ecd-8cda-f16d5d36be62,7,2,308,154,3c2edb1fff6f513115204062f3244f33f2c6ab2b6a9069fa43a0c50e99c5a163,2358297bedd50ba6d1c6d4487c78066fd7b35a8b112e3f432c88f98fb251a970
south_africa_coronary_heart_disease,019d7373-f750-7ecd-8cda-f16d5d36be62,8,0,308,154,2bd26d2945b56a7d09f93a57d7b0e4ac25234267132f5954b7680bc9c8cf6988,03a5d6a1f795f0726aa0d383ee7977972c71b7dfe6217cb4d4429c60591dacb8
south_africa_coronary_heart_disease,019d7373-f750-7ecd-8cda-f16d5d36be62,8,1,308,154,3a77155b59f6234e9fc9f074d9a5853abc34414b64e6bd082361a75d15895afc,48a0e68192a9bbb7919cee9bbb81eea06abfe9d4bc7778d39023af8a78a18a56
south_africa_coronary_heart_disease,019d7373-f750-7ecd-8cda-f16d5d36be62,8,2,308,154,d4d9039fce2d8a53bf72e11c92c4eded55e2f8118f81bff181fcf52e029b329f,59339ec60eca723db842e9d88a2b6949a0743b9105c05866703bba563d6c3254
south_africa_coronary_heart_disease,019d7373-f750-7ecd-8cda-f16d5d36be62,9,0,308,154,45128b0360bc96b98453e705dc9b62a75979c58cfbd98f5ac577bd56f7915424,7fe54981e9153bd22c8f1f423b49d4cca74854a77fc79b11e389a3e1b976ecba
south_africa_coronary_heart_disease,019d7373-f750-7ecd-8cda-f16d5d36be62,9,1,308,154,5892931a970522cf77b88d201f202a14833769d7bb0b665e796ee4c528e821be,fc35765e3c2c5827494251a409258fef8ca9b2455033b3f8405aed8423f23c76
south_africa_coronary_heart_disease,019d7373-f750-7ecd-8cda-f16d5d36be62,9,2,308,154,e4cc964fc56720b59805c99facda9a4acf366ad6d8fd8a745e3256741b9c5dba,7fdff0244033d8801f5eb35355ae45adfc49e2c11909d00ffc904698d75a89ee
south_africa_coronary_heart_disease,019d7373-f750-7ecd-8cda-f16d5d36be62,10,0,308,154,1ca5da0494a55da2a3f698558465f8364d27710afda73d695e7a3b33c40d1093,ed56d422ccfcb8cc11c119e2ab6f9176f262af35ed7dcfc7a8d75147811a8e82
south_africa_coronary_heart_disease,019d7373-f750-7ecd-8cda-f16d5d36be62,10,1,308,154,8c73d3c1949eef3ab75c0cc84c90542d51a6ff10cde73ac1afc95e16a04247e3,f6b3536308cf03a1702bac88dcfc458e75dba94c2beb060a5e6262e342ef5264
south_africa_coronary_heart_disease,019d7373-f750-7ecd-8cda-f16d5d36be62,10,2,308,154,ce5220735e85d78fcf4e5eb90c86f1b91a51a8acb50f2af1863c6e8c4e6b8eef,06a6cbc497f8cf950f283df66537e6be4d0ef1ef17997a9b92f009872d84b605
south_africa_coronary_heart_disease,019d7373-f750-7ecd-8cda-f16d5d36be62,11,0,308,154,9cd45941ae8b7daea429c67c5f5d5718336bdec81a16c66301f751fd681dc1c1,2f035b829ad9b31055f0cb1df3f9001b066ce208a8c8d4151eb9a929b027b0e2
south_africa_coronary_heart_disease,019d7373-f750-7ecd-8cda-f16d5d36be62,11,1,308,154,40af5093b72922d6688d230f7f87044376748eb5146c36b638c1d4c97155206c,56b4d81c51bdcedfde1c8b747e9adbe5d2eafbad674762cc8b034efc3eb454b6
south_africa_coronary_heart_disease,019d7373-f750-7ecd-8cda-f16d5d36be62,11,2,308,154,b6c72ff03b3e2d1260060eb559f88407444c185fdebf2007077b854abf000d6b,5dffa76a449a4c1fc727667d97e61d99e70774c7a6564f978402da77d8b2304c
south_africa_coronary_heart_disease,019d7373-f750-7ecd-8cda-f16d5d36be62,12,0,308,154,c7141969cf954d635dce842452217d7edd46de7dacaeb646cdf368772e110457,0cbd1d1942cf5b9870939531fa803ee22d507335d2197b030dbba73fc95684c3
south_africa_coronary_heart_disease,019d7373-f750-7ecd-8cda-f16d5d36be62,12,1,308,154,38326eead9a9758f6e2de1690d21111a9d323207cad75c558dabde49613cdf2f,9fd070ba8fb5bd28e4a5181391e5d9f6f1d0eb2994d05b1e69c654e818e4c602
south_africa_coronary_heart_disease,019d7373-f750-7ecd-8cda-f16d5d36be62,12,2,308,154,6d013d637b7845c8a7f993b5f2460f3758476f567caa3a35b3a07abc678fea14,cb278681120fd6618bce3ab97eccad257e4dedd3945634c5414c5c9dbcf4026c
south_africa_coronary_heart_disease,019d7373-f750-7ecd-8cda-f16d5d36be62,13,0,308,154,9b1c64e763326a858a81527c1dbcad20a48c9f362842107ffd91af8efc800df7,e84eea24419199541bbe3f5e1364e228afef5a9eed531660006bd123b55a82cf
south_africa_coronary_heart_disease,019d7373-f750-7ecd-8cda-f16d5d36be62,13,1,308,154,b3b9ef752823041455ace0bc0e10acbdcb98418ca7aced7a8ffcaf73ed5d4cdc,15514130cc613c53a8959b780f5e42be8b8271440b76ed63f982959a00dbe841
south_africa_coronary_heart_disease,019d7373-f750-7ecd-8cda-f16d5d36be62,13,2,308,154,c0afa4dade0ebd4d59ed4f965006160aeeb8aa7a2eb9f3fdfdc5760f14ed6d50,40a6cd091bcdd20620044fa2067def6a684aa11f47e286bcbafc393aa772c1b5
south_africa_coronary_heart_disease,019d7373-f750-7ecd-8cda-f16d5d36be62,14,0,308,154,641c7fe97f8a6d505ebc4847393c0f62cfa0b222ad98a634f75c036ac012950e,2325c0032bb71a8a0a8235399cc43fcb1f14ac810aaf8499546adbeea5093ecc
south_africa_coronary_heart_disease,019d7373-f750-7ecd-8cda-f16d5d36be62,14,1,308,154,798cb93965c500a2d15973abffe79b8ccc45c2d59af91adf73f08fed7ef0681f,734d5ccbe36243e445eccbe7bc5d7346ab170cdf04f9b2263715fee007680f17
south_africa_coronary_heart_disease,019d7373-f750-7ecd-8cda-f16d5d36be62,14,2,308,154,421cfe0e54876407acc45095af382dc33ec7135f4de8adc87a39d96afa8065bd,62e04e37af19fef81ca151d8a898e696a8aa9b904cdc11298344bb8157c9d15c
south_africa_coronary_heart_disease,019d7373-f750-7ecd-8cda-f16d5d36be62,15,0,308,154,b13f28fe1df5295fa29cd0bdfeed3f0fc0a91d27ac19fe64cd7258121e6c372f,17a88c9e0a48151bac11a6e27c317b6171446417bd42f024c3a4c2afbea18871
south_africa_coronary_heart_disease,019d7373-f750-7ecd-8cda-f16d5d36be62,15,1,308,154,d75cf9a5f8310804e91fcd8b2c1afef02ff63fec787ec9ea854b3e9948c00238,d1252f92411e135057e83bf778c88343cc87048e2234851a7ed4eea92d74ddc7
south_africa_coronary_heart_disease,019d7373-f750-7ecd-8cda-f16d5d36be62,15,2,308,154,17d9427f087ed990bb3be25d0a4617506090cbf9f872c77a64d8719fd12a10e1,9bb3defdc1c0afbb40dbcd8aebf3518c819db76f47bc0df6cf47cc9841777d85
south_africa_coronary_heart_disease,019d7373-f750-7ecd-8cda-f16d5d36be62,16,0,308,154,154d4d3118cdace48e0c92dc34425951d00f899c922bb7fd9e40f967f56f97a8,a2cf725ec4639312c90edb345fb63f537eb3529cc8ac9624e349c9fb0813d45a
south_africa_coronary_heart_disease,019d7373-f750-7ecd-8cda-f16d5d36be62,16,1,308,154,c705605abd361fc8ca4ffa13adeaf9e78b69e105f5b06b627edd2f54da81d422,531e1f0b6a32eb171e8888b191df64693e864b5c6931c403672f0f715bd2a3fe
south_africa_coronary_heart_disease,019d7373-f750-7ecd-8cda-f16d5d36be62,16,2,308,154,b694445f40a45fe9417ba17d181ea62ef5469f6a7e42941beac921c4f8209c77,1f19101e2c53c34a0dc38e275bedec083b04a918419cf6e1d965a74fe31e1f67
south_africa_coronary_heart_disease,019d7373-f750-7ecd-8cda-f16d5d36be62,17,0,308,154,33cb0eef2bc62700830c943579309082094fdaf2ef9403b4fe5d4ef2b91e5fab,01c3ff27c76286de49e04367401b277f144a5229fb6b8a642f71cab27dfd07b9
south_africa_coronary_heart_disease,019d7373-f750-7ecd-8cda-f16d5d36be62,17,1,308,154,3fdf3fb5d32aa7ddc7e64d3f7247d5ed0fafc9e8e6becb6f424b2e09d14a3630,a57a99477d30d69a399bb879677d4e9e72e9df288b0061e6251d63a80cc82b86
south_africa_coronary_heart_disease,019d7373-f750-7ecd-8cda-f16d5d36be62,17,2,308,154,4f59f909b7be5a805960661f8d79c08bd16ff203d4c7dbb6a39d55b54ecf78e2,07638700ab64b73c3a37b32dca03761cf1243d5d123eb9190d698ba45aca46a3
south_africa_coronary_heart_disease,019d7373-f750-7ecd-8cda-f16d5d36be62,18,0,308,154,3669a84c2872cf133045e763e4c585eb0e1a9d0b7e62cd6e32036c0f12788606,dbc092b68207b8d6db8e94a3647fca078056a32ce16959c551eb1df576263744
south_africa_coronary_heart_disease,019d7373-f750-7ecd-8cda-f16d5d36be62,18,1,308,154,c8ff8e9c33ac81b6a2811f54979aa15a3bb91625f3d7ebb9e7b9e26c8a8d5968,a789aa322cc8d15af60dd6ef5712aecb6e49fc59b2ddfba6ea25a18bf0ff2a88
south_africa_coronary_heart_disease,019d7373-f750-7ecd-8cda-f16d5d36be62,18,2,308,154,7575fc6dfd4892e100877a0584fa3c0a7aded5b25ae88786bc7df72766427da8,81f8c6a726f28ee0f850102c80ba45ad6d6c7ca203eefc030c28d24cf32b0574
south_africa_coronary_heart_disease,019d7373-f750-7ecd-8cda-f16d5d36be62,19,0,308,154,91dbddf9a9964e6fbce2e7a9e0c2d55a226b286039db71ac4cd7ac5fa19125df,b4423e2a44d69d07d9ecadf4e1c0f8aea6bafd34864a1b512f6c24ede274dea0
south_africa_coronary_heart_disease,019d7373-f750-7ecd-8cda-f16d5d36be62,19,1,308,154,1d1f8c38f45f07f65a4a9195e53f116decae2e9776beb25e902ffe5c6c5a5522,38f25e2630395977ad39d36b64828e176c17b672b49ef72015e8db39fb32eec1
south_africa_coronary_heart_disease,019d7373-f750-7ecd-8cda-f16d5d36be62,19,2,308,154,ff2de1a550bf6bcd2a8c713314d7dcdc907b7056f184a5fa273c2884c55a426f,35ef2aba4be0be55aae423c309dee4b045c52dafd422f4a3bcc20e7f77b23f88
thyroid_discordant,019d7374-1c19-79e6-986d-2afd2c16101e,0,0,2474,1237,801a326f84af82a2c5dab8750e05b8ec3ab0c26a821e033f2913a742d011b972,dd00d99b88cdb36bcdb22822ea97651f65018e07e2c9d214dbe0d937384cbfa8
thyroid_discordant,019d7374-1c19-79e6-986d-2afd2c16101e,0,1,2474,1237,8c5a9546c43964b8bbbeb24903273d3c741d56107e5534118189c48ecda178cb,e02f977cf997df08777d0e4ebcff603705c7bb7f075cab5d57c1be2450120352
thyroid_discordant,019d7374-1c19-79e6-986d-2afd2c16101e,0,2,2474,1237,6a2e1c828a5941818b1ed99c982c98e33e81b696b178c0dff9d50207bce9d9aa,c7b6eeb4f490a86d8d77d74ffa2c221733cca7b6184afabcd725d0c7e357ab39
thyroid_discordant,019d7374-1c19-79e6-986d-2afd2c16101e,1,0,2474,1237,b3a074eb64063a1381aab4001c36a01bcc2546e21dc3e551d3bb153db05793ea,cf431c016750adc9db01a08c8d88232ea59be124298f1d730661bd4121786539
thyroid_discordant,019d7374-1c19-79e6-986d-2afd2c16101e,1,1,2474,1237,84bf9755ca35514eef693f68232191c62695e8cbf584617a6ab9352651c78695,df84edafe2598759cd89f0c78cd30331c8045fe8115047e58f1cc69afae92d11
thyroid_discordant,019d7374-1c19-79e6-986d-2afd2c16101e,1,2,2474,1237,01cf6fb3325819ee12460c6cbb955844b5219386826fef53d33de79cc160fa81,e4d05489965c20575a6f6409acbad83e11dfdf3391d3abf89ec3abb6396c5bfe
thyroid_discordant,019d7374-1c19-79e6-986d-2afd2c16101e,2,0,2474,1237,0cac25a9e235451ae9de506b7e685da7e2792945310c3215e2b7cc48c4049ad9,6f67d368d21dde6e655f6357889044ae2e6b13f49c603f0bcf9aaf1721c3f7bd
thyroid_discordant,019d7374-1c19-79e6-986d-2afd2c16101e,2,1,2474,1237,295c9b166c9361bc0c61077d8907d40011e9e72596a9f2d14293c36cddbb7252,b70fe9d919437ffbb65c4846076d02dd3e3982d59e874d4277dc38574682de45
thyroid_discordant,019d7374-1c19-79e6-986d-2afd2c16101e,2,2,2474,1237,5710f4e386b08bf29fb3984a81ef37146dad2a63688e5f58f108a0832aaeadb6,95070bf13987dde479e78d1ec21953b398a59770178ec0b5a463234dac0e69bb
thyroid_discordant,019d7374-1c19-79e6-986d-2afd2c16101e,3,0,2474,1237,7382eeae4610dcbb294a07c55444098808d4b370b2636aa9e22714f06da97a4e,54e9e1ac1b53b7b355e2731e9c725eb6904767ab6314a35ffb60973b1d3c0db2
thyroid_discordant,019d7374-1c19-79e6-986d-2afd2c16101e,3,1,2474,1237,a6163aa2ded9d052bef5e3918a18af773e609c53f18e169d33e8e7934e728f51,dbf60e397fe03fc6b84f2a53d52e05399376f3276d8accbb6e27e4ae8fa69121
thyroid_discordant,019d7374-1c19-79e6-986d-2afd2c16101e,3,2,2474,1237,b6621a0cb7813c027863d700af6ae2aebc2c9bbb5dd1894757ff3e50c8255259,1d35bcf191f5a0e3883085b850cfc39ee8776d631dc2ba516d321a9323e461c5
thyroid_discordant,019d7374-1c19-79e6-986d-2afd2c16101e,4,0,2474,1237,10d8593dbe6f3ed25fccc2e0f4e54b30cba324fe4c4e4e523ab28766880d0658,e331b97c9fae5852857ef4e8ebfcfbb2f6ababf0b1a844dfa198e96ee0213e96
thyroid_discordant,019d7374-1c19-79e6-986d-2afd2c16101e,4,1,2474,1237,f5adc0f7c7c890db48baa787e3511ce22ee03385c060fdd4e98e513d99d6226a,331818a977eb2eceda13589133d8159c22ea4bdb2b8468faad2f5529771c0175
thyroid_discordant,019d7374-1c19-79e6-986d-2afd2c16101e,4,2,2474,1237,d7b9112f482f605bd1402df69546af1681ed47be5be89b764a8c3d7614a29bc8,6469c8842437616d615c672021c66414f7a7486afbbc46f57a8f85d19e3e4b54
thyroid_discordant,019d7374-1c19-79e6-986d-2afd2c16101e,5,0,2474,1237,427c7b1460e87c03cf14bd96caecaa01b9aa06f067d5f137f2af2cace02bc1ec,61ca87ebdf189464e9101dbd4d47e0a225e727405abc759e5d4a13d87b53e3e1
thyroid_discordant,019d7374-1c19-79e6-986d-2afd2c16101e,5,1,2474,1237,73a1d761dc0a10f0b9ce246ff8b7ddba7fc1574fc6a94d6ffeaa1862134666a5,6ed31c8b77c1c8c5752aa29766c6c8d99de9ac4ffb5b0a83babf2b6149c1aa4d
thyroid_discordant,019d7374-1c19-79e6-986d-2afd2c16101e,5,2,2474,1237,e8d07f9dae653b92fdc47d7a0bf2f681703d0c8a3365c6848a78167bdec223b2,80c402e5b707215e06c7e6ca0099142406664ff0324a3d4f56064ae10aede019
thyroid_discordant,019d7374-1c19-79e6-986d-2afd2c16101e,6,0,2474,1237,ba4c4db3202dd1ee69c2bc4ff4ec5efba4e7689bf9ecaca9b992a04c2c65b2bd,aa4ca499609372da27e726ca672559c09ff3fc027cba3b49934ca8bf3c4df36b
thyroid_discordant,019d7374-1c19-79e6-986d-2afd2c16101e,6,1,2474,1237,7742f172aa5461352e9cabc1b01bb023b8616bd3b99ddbe76635f0767e0461a1,0c6d2d95ac396d69ce0605a28097073bbb649101e35902e222a893e6bce0f9a3
thyroid_discordant,019d7374-1c19-79e6-986d-2afd2c16101e,6,2,2474,1237,ddb0c8524bdcc96fdf8eea37025a26fa9c35868c56e7949662a33634ff8e6829,9ff0adca4ab02dfce39572ad724c094253592394389fec6de91dd055eb31d0f2
thyroid_discordant,019d7374-1c19-79e6-986d-2afd2c16101e,7,0,2474,1237,ff19c8f0592c2289426e8ff643022f1a55950f9f8994bb2af3830ce1b3af216b,df1afda32c4341c50bed03e011d1791c2247f2f38595c6e32868940c4b692d65
thyroid_discordant,019d7374-1c19-79e6-986d-2afd2c16101e,7,1,2474,1237,d1a694cbe6705970cec453b035fc4fbfa260defcedaa2fa10ea0772a89ae8ab1,92b1f71d72cd409999aeaa619ff11160402c03209e455750a4d9eb31e7557afc
thyroid_discordant,019d7374-1c19-79e6-986d-2afd2c16101e,7,2,2474,1237,5b74a68f259f662731c4d56437c27d9c3c858ba414f620a0514c4547ca2aed9f,05e5c972c7df3c55f6ee2c0d4247f2488aa066d382e79a145190e0b1c8739b3c
thyroid_discordant,019d7374-1c19-79e6-986d-2afd2c16101e,8,0,2474,1237,219088cf9d2e34bbc9f4b5a5cac8014f2795076fd1d58733b0fa75681609bb40,74834b926ac1dcf2c39a03b608959e2a44ca47272983fd8ba214a2bfcf32f379
thyroid_discordant,019d7374-1c19-79e6-986d-2afd2c16101e,8,1,2474,1237,e4fcf82dfd1f50588794ae90de3138d73bc9401a196cc07da1ddcd5a18d519a1,7029a73f9ee27fb51ef656d32e850dc384a2680972d379c1e6c571f696b39b62
thyroid_discordant,019d7374-1c19-79e6-986d-2afd2c16101e,8,2,2474,1237,362eedd63eb25587267cb5fbca7c379531613fea78dc7eb9b7c8bea034ac456c,c551567e389e7e8e7e00295909a608e715d3192274cb2c28940b3e163e08a363
thyroid_discordant,019d7374-1c19-79e6-986d-2afd2c16101e,9,0,2474,1237,3d0ba46e20c8f099b92230a3a9595bab52c7a566892e631f6150226143e60bd0,a06f471db74ff3efac1adc109d45e78e42791c8e17c90817a89f773da385f3f4
thyroid_discordant,019d7374-1c19-79e6-986d-2afd2c16101e,9,1,2474,1237,a19ea0da4ac3ca2e896d6b53bd9b4f48e61bdcc4c83f759630fa173dcfc82680,e2573d5fadc4ec9687831429924e36da119567e1bd7bbefbdf42770e473636d2
thyroid_discordant,019d7374-1c19-79e6-986d-2afd2c16101e,9,2,2474,1237,fd398f5d3f8e423cea0458a7e481bbb57418255365d4ec7d2d1c49f41645cce5,105be90f84613d95fa766bbfbccd72e0b8fa6fd5ad1359a1bb9a37d5acb1b7d8
tour_travels_churn,019d7374-2df2-7b85-94a6-3ec9d1796737,0,0,636,318,bef9281f6c4b893bb17e4b5b362016d427f6a8e4ae2d76844afa12a94826d5c2,326c6ce2dff170ac9d7ae41d7fb662ec0546539133826483cd3dc4eca3349fee
tour_travels_churn,019d7374-2df2-7b85-94a6-3ec9d1796737,0,1,636,318,e949eb88fa335cbca72ad12a3ce4366eccb0eb3d68329e58441a4e7d65d579ac,620d7023c644d55108d0c75fdaad9028899cd5c5adc3d6ae9c710c9ab5f341e3
tour_travels_churn,019d7374-2df2-7b85-94a6-3ec9d1796737,0,2,636,318,deb638a4a8e38fa38966526d3b5fac92961c93499e288e832b0d69022923eb07,fdeaef893d6ebf04b0bd1af9b0921d8af434647c09adb28a6ca7549a31f22848
tour_travels_churn,019d7374-2df2-7b85-94a6-3ec9d1796737,1,0,636,318,77a095af9a7f14bc1880065513e8ed5f30cf9b01a6de9da3108f965fdcc28f88,5d4f15f28c01923f8599b01dafe6235f0ec4c85a441c933a55cec64fa5b1fdf0
tour_travels_churn,019d7374-2df2-7b85-94a6-3ec9d1796737,1,1,636,318,0893a8a47825357552ec9095a61c5ac6c40e19bdb9a82650fcc281b21601ba28,9e800af4c80549ebcd400da4323e12052326f7ef3101ec15c388820819e72784
tour_travels_churn,019d7374-2df2-7b85-94a6-3ec9d1796737,1,2,636,318,02d145ea43505316f2e6470726d5488643d1631977f984f1fa037965b4a14fe3,66a518d6dee931ce82bdae2cfcfe3ca722f4ef46482c016d71f8a0bc927e4d3f
tour_travels_churn,019d7374-2df2-7b85-94a6-3ec9d1796737,2,0,636,318,58c1ac12a0d8759fcd40a145a671c00f4c6f8a8c0e8dcd0dfffd390af5541e60,b24c1be79c7157ed078e71db6303e33bf65d7774d3a6844dbf7449b6a7e3309e
tour_travels_churn,019d7374-2df2-7b85-94a6-3ec9d1796737,2,1,636,318,fe3de133c9d343d0383a10818356532085446f3c7eafbec3f4546ff49807594f,4936776b6cd773dd8f318438619f44dfade80dbecd54290c63088ae49be1ba69
tour_travels_churn,019d7374-2df2-7b85-94a6-3ec9d1796737,2,2,636,318,5600d68a3608cbfb902e50ab37a956fc59f2e811a80c643861db24e87551486a,8681249e8e7ecec23404090eaa28440c5c1591415e09dd58fcf3e0bc7b40502e
tour_travels_churn,019d7374-2df2-7b85-94a6-3ec9d1796737,3,0,636,318,1ccf9a1962a529ba9dba528166fc7182f5277b380bac2ecccd860acc94d9c11e,3450a748f7cd2c9c7cf5983472d95efe4a3884b57059dda481253b0f75727d71
tour_travels_churn,019d7374-2df2-7b85-94a6-3ec9d1796737,3,1,636,318,6461367ac7c2f82ad2c724504e4257adea43fc7ff877881a33b50be009bddeee,a2aacb375079c6a2866c7ce9fe4fe3ed1bb6aae2bc48857ca0f190752b5ee2c6
tour_travels_churn,019d7374-2df2-7b85-94a6-3ec9d1796737,3,2,636,318,7f54a1100e5bb67760f2e533a127ff78814081e23048441c6492d31cebd2f09e,e7edd0a11c2b7479c7895b36da7e14bf151a4809d1604f5149d142ec65386f94
tour_travels_churn,019d7374-2df2-7b85-94a6-3ec9d1796737,4,0,636,318,306f69ab26b021b168df125f2959a81af5cd6908934b7848aa349d3a719ac4d0,25f606687d490dc5b9a631cec43f3a3bd95a222df5ca4b1229bb72cbc970455c
tour_travels_churn,019d7374-2df2-7b85-94a6-3ec9d1796737,4,1,636,318,f3bf210b8ac9d5535dc6c612f03b60564512a8a62406f2b02a5d169919840f50,2fd6aaf03f8513c050ebda7fa90c3dce71580bf5193942d404d0f3dd7ae845d0
tour_travels_churn,019d7374-2df2-7b85-94a6-3ec9d1796737,4,2,636,318,cd148d72e798093ed51d8dd1026a52ca46a671d845b8bf3423d8f96a0494bf4e,12fa5d2718856c142402c4805d98994041b4a76519d80271ff40ce3f748a9b44
tour_travels_churn,019d7374-2df2-7b85-94a6-3ec9d1796737,5,0,636,318,308f747d89600d3446e04d818c6f36739086e95f7b84f8dbba93b50782862cd8,9362bc33192560c1e0d378a382fff7389a16c56d2ee60f894b7d04a0ba4ac6bb
tour_travels_churn,019d7374-2df2-7b85-94a6-3ec9d1796737,5,1,636,318,c5977ced201e0b0232e711bca246747c6cae02a62c2d7152edddb2e7aed350c4,9f28ad8ebb210258082282be90f86cfb219e58cce761e577f4cf580edb289f0a
tour_travels_churn,019d7374-2df2-7b85-94a6-3ec9d1796737,5,2,636,318,d729a215e1d3346998fc160560f4dde762e3f0375929ea1c5460c2b59161705f,bae37f825b55b4e14f1368ed00527b5f4fa8b92e490e6104847f81891cf80590
tour_travels_churn,019d7374-2df2-7b85-94a6-3ec9d1796737,6,0,636,318,811bebf616f643ccfdda6028432d993075ddf216cd39b3558486cffa71315af4,d9a2c997c59249888f99d2bd36244b40eac28ba011fa133ddb8c9e0751cfe197
tour_travels_churn,019d7374-2df2-7b85-94a6-3ec9d1796737,6,1,636,318,a8c2fea3915f43fc6906ccbcf6c3b53dad4675dda0c12f25f18ace2836258449,2f459fac037822164b285319a41a7ffff93312ab60cea7486a92f6e1e7101c09
tour_travels_churn,019d7374-2df2-7b85-94a6-3ec9d1796737,6,2,636,318,4d1d52279ccd58be9b02276ca74ee63738ba3a2b0669876d87b9fd40d4ce196d,3bde90e8ed7b9fbe1af28067d5db8e0fadd6f87d0e798662e675a3f93028eb88
tour_travels_churn,019d7374-2df2-7b85-94a6-3ec9d1796737,7,0,636,318,1789f9f8d5b7b49e9ad3213cbeacfa8115984f8d833c3142d9ccc8361649e852,aa4d0b207940f942e898d5fb51d85d099550b98f370e4d0a78042c99a2ba6347
tour_travels_churn,019d7374-2df2-7b85-94a6-3ec9d1796737,7,1,636,318,217010db95729cea3d49a0e7d5762e6c15cc575aea5a01cdd7f75b3a351978ae,91a2c7d3a3e69aaba098fcc59c11502739c11b05829e72051eb9ef42285a9276
tour_travels_churn,019d7374-2df2-7b85-94a6-3ec9d1796737,7,2,636,318,a33d2265837f03ea568eaf8fd3fee989515fadccb62df4c217bf47e19c55252f,d2531892d4ddb327bc92bca69e70639e87e19c53fa142ac4d56e23a967d5f88b
tour_travels_churn,019d7374-2df2-7b85-94a6-3ec9d1796737,8,0,636,318,78c04d0f5754b0ef9d07ed17b4619b00c63fc20e8bbe630a5cfecb066786d324,a43ce660a9f04dd818740d8aa8045240e87db68a6b86c5eaff2e98ef3f74c500
tour_travels_churn,019d7374-2df2-7b85-94a6-3ec9d1796737,8,1,636,318,858bf5a7bd4388fcd1426c587575476ff07bc647caec48174434f3835f86e424,4ccfd787931d7fcf563b0eb298711f1ca13018fd409f33cb320b286beac1e187
tour_travels_churn,019d7374-2df2-7b85-94a6-3ec9d1796737,8,2,636,318,5cb82476cb6eed6adfb1903f083b54409b72a1f461b24809be1e0092d27fa06b,734ee30327faf550ad399a6a5157be67e7393857eddcd99f809d3b8a55e8db92
tour_travels_churn,019d7374-2df2-7b85-94a6-3ec9d1796737,9,0,636,318,c3262c6405dbfc578437981edc0ee8563ace81bc0f872afdab51eee8324e04f4,a8a6b6aeaa6a8fad2481667d78afcbc432a9be29e260d58b342a115129ead919
tour_travels_churn,019d7374-2df2-7b85-94a6-3ec9d1796737,9,1,636,318,a635617366eb424291c6b46fe849e0abbc9b26e895986756c15566937793ec73,8730ed164aa86cc84abb6a8483d513f0b6318d4386be8a08d7053e22978f9009
tour_travels_churn,019d7374-2df2-7b85-94a6-3ec9d1796737,9,2,636,318,99586e53c3edd4f4b7de9430621394de45902677a8e2912131ecf9bb25dd6aba,8b0b6d08ccc2300d0714e45c885a06e17104e06712ed493f41cbaf6916f73f3b
parkinsons_biomedical_voice_measurements,019d738d-db39-7b5b-83dc-664e66da1854,0,0,127,68,a2fe1fdb178edaf0175cdc5d061ab79cfcf8cde535846c300ca9d1c644ba9525,63c5984baef113d7cf7cb3d463fd1f10d7eaaf0defb33898cbb8a52e0ffc718b
parkinsons_biomedical_voice_measurements,019d738d-db39-7b5b-83dc-664e66da1854,0,1,128,67,cb51e146ed90698a65f0dfd7112f65c6c8554c2b2ea7225b152057c9e8e7ead8,8ee7a42cccd1c4cdcbc0fe1e017e25044aa008112a334950aeb86c0a856d0e27
parkinsons_biomedical_voice_measurements,019d738d-db39-7b5b-83dc-664e66da1854,0,2,135,60,589299afe7ac133d79f8641a32b889a0942aa954bc8a909cc0db38e2461f7467,1770e2f622323e87bf6944733cff696350e24960b1737e66fd41c1444c957dcf
parkinsons_biomedical_voice_measurements,019d738d-db39-7b5b-83dc-664e66da1854,1,0,129,66,9d08ec09b4020e8f9eb70501ac675bd23d5317737dc353103379ecac6c339670,02b938073270ad3e226df3f1132696259f3d18f6bed176df87e9d657392adce9
parkinsons_biomedical_voice_measurements,019d738d-db39-7b5b-83dc-664e66da1854,1,1,128,67,77e7928d6f0dc152e9aaf40320fb5a455604fa301578baf05d26611db14e2c72,719b13230325c2b214501098290381a4dbc55f90b0c5161c101242d2c1553cfc
parkinsons_biomedical_voice_measurements,019d738d-db39-7b5b-83dc-664e66da1854,1,2,133,62,16b424ac973ec740ab55c777f1ea668eaaff6eec43395205025e6ec297532e23,69705f4ec88ee2941cc5eff64e5153624f1c2d9bb9c6ec85d577afca57641652
parkinsons_biomedical_voice_measurements,019d738d-db39-7b5b-83dc-664e66da1854,2,0,129,66,8e8c9c6809db74acd742bbb5654d7d78f0138684137f639709f012582754e096,e3a79a97c646685cd9fb69f3d675417ea8598739a128777470d392ca2824caff
parkinsons_biomedical_voice_measurements,019d738d-db39-7b5b-83dc-664e66da1854,2,1,128,67,b6d84767c0446746c349d08e8637d6dd654fd906453125234a475ea29be833a0,df961a16358a3cfca172eb5aeb87f4555305352960f02d89b5d1362d4d9f13c4
parkinsons_biomedical_voice_measurements,019d738d-db39-7b5b-83dc-664e66da1854,2,2,133,62,0beb9498e3e1cd105c143e03c2fde7af6d71dc3a07445ecaa88cd257804a90b0,2640156ed386179dd4f9693520913e2328652768e0864ea3aa99940a09448fd2
parkinsons_biomedical_voice_measurements,019d738d-db39-7b5b-83dc-664e66da1854,3,0,127,68,86719d28e9a3082c56e707adab93800cb740734a86e8b54b851c1f31cd8fcd3a,a72a6fcd541dae4d131b350f1e3be1411c12c887972ec90f283af479a3432fab
parkinsons_biomedical_voice_measurements,019d738d-db39-7b5b-83dc-664e66da1854,3,1,128,67,db6faf519c6f5582a171892ce0c4ca22c614a5dfa14de2b2f0056c0ea3fa32de,cd0f50a81d73d2497154331b845ed835069ceaa38f0f39daaeabe2f7c2609011
parkinsons_biomedical_voice_measurements,019d738d-db39-7b5b-83dc-664e66da1854,3,2,135,60,95b929cd47ab0d4cecd881a8e60b5cd7662af64e956bc0cd38ac45d166afd932,aa4c6f5bc2bfdd8dc57a22bbe112d523c6d34132e30b00855c6db456a7c08214
parkinsons_biomedical_voice_measurements,019d738d-db39-7b5b-83dc-664e66da1854,4,0,128,67,f3eb57b6ae9bf511baf634a0bc637927644b394cd35c623b8834bf2c380dfa12,047ce468a8ea17e155226d90afad4fa08dc7a6cc205a5576e772d2fcdc9de29c
parkinsons_biomedical_voice_measurements,019d738d-db39-7b5b-83dc-664e66da1854,4,1,129,66,23927b2206db48cdc296c1171a5d1fc449532994aa749521d4e1c2dd01b8cd20,642e3104aa422ec017dbb7c490964fb55cc444d4ddfd2551b107dc0bdd235d19
parkinsons_biomedical_voice_measurements,019d738d-db39-7b5b-83dc-664e66da1854,4,2,133,62,ab6d89a9c60ba5b8c3426a937a1134a9094042b2fc3b0b9cbb2e4673f79d0c4e,e464170648a0636fd1751fe857b638f55434ffabac57ab828484a805aae9d538
parkinsons_biomedical_voice_measurements,019d738d-db39-7b5b-83dc-664e66da1854,5,0,128,67,9975f5230906516c3c226662cf771420f32d10292630788e4851bf6a81b36243,0826e106ed69b638bb16fb4552891b037e7f72b9f05133f367723aac111f2a4c
parkinsons_biomedical_voice_measurements,019d738d-db39-7b5b-83dc-664e66da1854,5,1,128,67,a31eb2846afae51ffcee5d137fa64698cee68b77cfd02a06f77c0e7cf1f30673,d5e33cd227b1e4848282721dc742c1721c92a16c5b58246812670ef4350963f7
parkinsons_biomedical_voice_measurements,019d738d-db39-7b5b-83dc-664e66da1854,5,2,134,61,22b2138436f4bf5a25acae67d3d3d1ae36d2aa09961c3507f0910908d64fa2e9,082a55e1a4112a519b50560df0ff43cb22f78e95c3dbdcc0e101a50156658531
parkinsons_biomedical_voice_measurements,019d738d-db39-7b5b-83dc-664e66da1854,6,0,128,67,88136ee8ddad08bffa4f837d36e907988fc0912d97bf6f93b5251fa8cde5a983,e1cd8d052a8da1c8c8282b876823fd4845208a239c5033dc9e59bdbb1ffdfe74
parkinsons_biomedical_voice_measurements,019d738d-db39-7b5b-83dc-664e66da1854,6,1,128,67,70e2d64b7a221f1895ddd547252e7a3cf5b1ec5145959165be2e686573328f0f,785a2e2ae174a2be50d53f055874da3d82c9312f0751d8fe5d0c83b281dd40d1
parkinsons_biomedical_voice_measurements,019d738d-db39-7b5b-83dc-664e66da1854,6,2,134,61,706ad52fb600bc1b7e8a7dc9bb24662cfebba8f00ffb5e2f78a97384d720f715,d826bb41096e0ee6b4937c7d3fe24e0bcb7e2e93d36e84cb90f8fab0a5c8baed
parkinsons_biomedical_voice_measurements,019d738d-db39-7b5b-83dc-664e66da1854,7,0,128,67,d83809d3b3aa823a0bb61ae7d05cc7403faa654d3487318938fddfb84bfd933c,09edcaa3182b9332d39a82a93220853b6294046df20deb0f649631ab180f0106
parkinsons_biomedical_voice_measurements,019d738d-db39-7b5b-83dc-664e66da1854,7,1,127,68,2c4f8970fc459d7fdeb16c552881ccf73a7d74c2a309f88eddec50d0a062dea8,e436ef6b5c9055800884d588cab37b35aec095f64572cbbe244aa17cb661da0a
parkinsons_biomedical_voice_measurements,019d738d-db39-7b5b-83dc-664e66da1854,7,2,135,60,8717ccec13affc13f73f535a56d4b3062862d1e369d96db31d081cef3f003358,ba043585a9aa0478ef3e6021028ad1dce2fd61ebcd2ba126db508c05509f30ae
parkinsons_biomedical_voice_measurements,019d738d-db39-7b5b-83dc-664e66da1854,8,0,128,67,9fc6635b638ab86962f97b496e31d642165270acff47c02f626cfe9877ebf4b0,5b26eaa4f431b5529423dd3c2eccf90228ff348bff40fe71a964dd4ade59fb80
parkinsons_biomedical_voice_measurements,019d738d-db39-7b5b-83dc-664e66da1854,8,1,128,67,45dc8d7855384290936d08c34eed508fd3f3b910c23a2ea4ab0434e3ddeb3d2f,ac81e8d1524043d8166f4de98d740e6776c5bda7f2c5719043d3120ebefa8418
parkinsons_biomedical_voice_measurements,019d738d-db39-7b5b-83dc-664e66da1854,8,2,134,61,87f62b1ec7d077b8d6f9aa808f4a39fd742efb876aa86f4fa1646016988e457b,580f42692df35e1a6e81c8f2fa3efedd5e7144d95d770613037f5430523708fb
parkinsons_biomedical_voice_measurements,019d738d-db39-7b5b-83dc-664e66da1854,9,0,128,67,505c6d97ff1822a3406b94430d7afd231e785afa9a3abeb200185b4aa8429fac,c0e7be9387f4af02e82d3bd76a24fe942cf3730d67c3c214c15ab6a5587228ce
parkinsons_biomedical_voice_measurements,019d738d-db39-7b5b-83dc-664e66da1854,9,1,128,67,53a44b92f4150dc5948bcea59c390f912a3e6486a9a66c3390a8e0bd6ea7e99d,9091c3b016fcd8a97540016552987ef0a1170a84c9c73bfc7086f2362fd12ec6
parkinsons_biomedical_voice_measurements,019d738d-db39-7b5b-83dc-664e66da1854,9,2,134,61,23ade35bb411d3219b6f3c635f7cf7030a0337fdca625b98ec707c34581fbb09,103c6ff915f2b7074ec57160cbbc8185e71dc4cad087d81937bd8154eac590e1
parkinsons_biomedical_voice_measurements,019d738d-db39-7b5b-83dc-664e66da1854,10,0,127,68,a5423253b6ee3a68a1cd240ce8f578808b401ea37bdd2e17398da950e2df3909,e151728cb8ed9b5ce2bca15046daa409fb2cf8aa01960856631af8bfbf3b622d
parkinsons_biomedical_voice_measurements,019d738d-db39-7b5b-83dc-664e66da1854,10,1,129,66,b05f1176d8c9feeea83fab34c9866980e17a6aa1be13cc71b5e650e07535e253,54b134aecbc37fba0598aa71d6175ae8bd8b252ef1d7f19b64c74ec5f05636a8
parkinsons_biomedical_voice_measurements,019d738d-db39-7b5b-83dc-664e66da1854,10,2,134,61,4ceca53f1b33211482ea4e7350d50e0e9e7ab3932c74d05b076f5d9528d3d0ca,01b4141a780051e1c6c634a464644559a17cea51f30bddbd2417e04787b74a4a
parkinsons_biomedical_voice_measurements,019d738d-db39-7b5b-83dc-664e66da1854,11,0,128,67,681220b062eea5c8d5de931f0dc8a86fbcee79dece882707c07f38a3ccb391db,1bb233089803fbe629eef68f800ae739341bfc953dfb3845a7af9b48b524ae3f
parkinsons_biomedical_voice_measurements,019d738d-db39-7b5b-83dc-664e66da1854,11,1,128,67,3d437947ef71532617b4117a6972f748a4c1f4e869af0fcf51fbaa2271d8c1af,875806e825418f2e71141272507b1cf3710ee5720899a0f9f1c945b7c808f707
parkinsons_biomedical_voice_measurements,019d738d-db39-7b5b-83dc-664e66da1854,11,2,134,61,8f8da0ea4b2a12e414410162ae2c92e97ec7df706e43c15839f4d974dd9b0a50,1ba351606f3f4d085ec5d3a993bf833e27a0058d13e1a0cb2512bc91d47c314a
parkinsons_biomedical_voice_measurements,019d738d-db39-7b5b-83dc-664e66da1854,12,0,128,67,86a950c160c766366ad183f547ed078602421cfa9ea2dd5702fd69ced07476bb,e5cfda78e2358692d546df00f313570e486157a2b0d7d0ce5371ad7587514d6d
parkinsons_biomedical_voice_measurements,019d738d-db39-7b5b-83dc-664e66da1854,12,1,128,67,0565884a075673e8f34938b5d298803eac013900527a4be38be0af565923dfef,f642a2c4827917b2fc71215097f45208e146a7bc9f3683cdfb9254b8a93821b5
parkinsons_biomedical_voice_measurements,019d738d-db39-7b5b-83dc-664e66da1854,12,2,134,61,cd2e3179825b9d34af91641643ad335457c56b2b2cfacc28c4738a73540030a9,d303a429d53f11baa5a1ef24deaa4d6a2067983ef8245bc3025f327f11129748
parkinsons_biomedical_voice_measurements,019d738d-db39-7b5b-83dc-664e66da1854,13,0,129,66,22e3fa2100d4c0379eb9fe4f2e3236d5acd6909418152087d4ce629545199f9b,bb635eef885c7dfe360816897570aa87f9eb3e6876443181a8df1b5458b96a39
parkinsons_biomedical_voice_measurements,019d738d-db39-7b5b-83dc-664e66da1854,13,1,129,66,b6afe145c9e57be16b86a0d8a1f54ee62a6172ed7abd051c0459dc635693da22,0db370d9daa1505fff2a7826147259378b2761936e02641faf455fa49eb12040
parkinsons_biomedical_voice_measurements,019d738d-db39-7b5b-83dc-664e66da1854,13,2,132,63,ee31102a3f0947376d338578cfa723b545f9471603fb97a7280bb8ccbc90be56,711988f2378651e89ff6bcba60b915d19f60bf87e3055d8446d3490df91744fd
parkinsons_biomedical_voice_measurements,019d738d-db39-7b5b-83dc-664e66da1854,14,0,128,67,af35339bd9425bf21885ca1652414e50bfaf3ba81a8d03f370f33165feb87974,5c5f44e5df09d6c59f3e7d609e0dedf075cbe25cf25ab5cf177fc1a0595c6ff3
parkinsons_biomedical_voice_measurements,019d738d-db39-7b5b-83dc-664e66da1854,14,1,128,67,15580a9a1105528d10b5d57d260896fdfb7f578548d286300650d0bf0ab407e8,9986f5bb41d30ad87ec4696da050e1313c9823b74b816e0db3eb70c65e292809
parkinsons_biomedical_voice_measurements,019d738d-db39-7b5b-83dc-664e66da1854,14,2,134,61,07aeab0ab27bf7b14b0151e23ec2cfdb0229a73c4279949c8dafd98a2cd65282,9afb2bed8dbbcde1c2292097b0bf75b442a1aeeaef7ef7c5d4ac9a83a581ae77
parkinsons_biomedical_voice_measurements,019d738d-db39-7b5b-83dc-664e66da1854,15,0,127,68,88d6726796dad3165a0e82cc5ceede63dcc8739cc4d4903c2ad3f7b134deea54,38ea239ceb6a6e5e0e93113dc4076bc11ba778120d4c0d3a85aa9c9837e01d40
parkinsons_biomedical_voice_measurements,019d738d-db39-7b5b-83dc-664e66da1854,15,1,128,67,d525903997f0a6a76293beec6dafffbe7c9f4aa2856879ec54828a98b44b3a15,24e9a76ae1f2cf926185f7fb780e2f7eb6579975802df7e9dd59b160fc8bc4c3
parkinsons_biomedical_voice_measurements,019d738d-db39-7b5b-83dc-664e66da1854,15,2,135,60,7d101def575fda15b3dbe12ea5e179391cc069a643e02528af91fb7649176ee5,a32716b89fabdf1716ed408fbf92c3e28aa3a9bcccf5028242a6ecb8b334dc11
parkinsons_biomedical_voice_measurements,019d738d-db39-7b5b-83dc-664e66da1854,16,0,127,68,b4b9ffc096d26133172b2a0c0f68f92a1ee4604a27636397d3a60bb1ad189bb6,0b4554f1d6d0459d12a0a615f6d31f7e96b9f6277de9692e3cf7157799a8b41c
parkinsons_biomedical_voice_measurements,019d738d-db39-7b5b-83dc-664e66da1854,16,1,128,67,6bb2be621f348efadc70f339db1418f5c71b4eb191409c1919f19306eb217a23,019c97717ecee7c5245f30bf803f5fa5ffeac1032dddba450219f20a522db8f1
parkinsons_biomedical_voice_measurements,019d738d-db39-7b5b-83dc-664e66da1854,16,2,135,60,f4821caa75ddad75c7885c2493a721f648800701d54085b64492c1835bff8b58,f07cf227d8e3c06924615803cd041309a311a4ef5b4e745a7638483921d18936
parkinsons_biomedical_voice_measurements,019d738d-db39-7b5b-83dc-664e66da1854,17,0,128,67,b27be17895f685f2c9685fec0e54ddc5d62dcbdf537c59ea445c0c5bc1f15743,860a4d31ca4f0f138e2a9213deaa410535202bff0f8118805670869a1d96cdfd
parkinsons_biomedical_voice_measurements,019d738d-db39-7b5b-83dc-664e66da1854,17,1,128,67,c9d11c6aa09b2e8743a727728bc8bd57edc58b3cbce248fd2a0f4dd2356ffd79,719cc8d03c492a320122d315cf0ee72ba7067c86cda7bc7ddc68cee7567455ac
parkinsons_biomedical_voice_measurements,019d738d-db39-7b5b-83dc-664e66da1854,17,2,134,61,f0129eb078ed4deb40869576674390c84cecb0d593ab197d8423ce71563577da,90605b7e282879c7656752931fd9747237149ee26eb1245088ccf1123fa24455
parkinsons_biomedical_voice_measurements,019d738d-db39-7b5b-83dc-664e66da1854,18,0,128,67,90e0053baf13f7308826ffdfcb6b112fbbf3d50ad20390a788974de7bffa3729,397ccfbeabed5590a16c1e3fcfed57e136ff574196bb9e28014566cf7204772e
parkinsons_biomedical_voice_measurements,019d738d-db39-7b5b-83dc-664e66da1854,18,1,127,68,76be109c02eff1155672a15cb1ac0426c222a6c117bc48d0f69e9b44d271b327,d3750ea872ec80ca00fe370963e0bd82649e47b5f82201a4fa63bdcf8ad21826
parkinsons_biomedical_voice_measurements,019d738d-db39-7b5b-83dc-664e66da1854,18,2,135,60,b674f3794befbe4641ef8f8619412fe488fbce745aedbaf35676ae6ee6e5c741,6d67054e1e8b841f07e18f3b1094aed81e8af076fad11b84ca48ae2de664b63c
parkinsons_biomedical_voice_measurements,019d738d-db39-7b5b-83dc-664e66da1854,19,0,128,67,0fa0d6c4a2576727ffb46a88d4894909894f8d78882724e2ea7930a5ee872aa2,a9e95d59bed4c2a8e33abf6967bd6107f914345274f9ef7e4c7587258c93c2f2
parkinsons_biomedical_voice_measurements,019d738d-db39-7b5b-83dc-664e66da1854,19,1,128,67,71471efa2ba0295b1f92b6d65cb79992a59bfe0e7234d0186711f070562c2317,4e908212289d22908191615c321e5916bf67aa100e51d40a2b54e22132e0ba5c
parkinsons_biomedical_voice_measurements,019d738d-db39-7b5b-83dc-664e66da1854,19,2,134,61,362ea55ba3f5f5c733bb86181575797a35899d4626dc860e51b7664a1f3a5a3d,c3cd66f40d87575c4f1ac266a01c5db7b449457655385fba9eff8fb60fb2d604
biomechanical_orthopaedic_prediction,019d736a-4c2d-74b6-95a3-c63bd4b8fff7,0,0,206,104,be0f00546489aa1c472e978e7cddc9cbd951e70fc58eb14a716c458648e9f88e,7c2c0e206dd94975f0872deea014011183f5d36ea12bd282bb685b737b45e0f2
biomechanical_orthopaedic_prediction,019d736a-4c2d-74b6-95a3-c63bd4b8fff7,0,1,207,103,8183eb32c3d293f62fbcbe595a9b435f1945642d465074e29869ea983c83fe35,87c909711a877eab1e339b03ccfe6879e2d098b23b904b4bb03afe9ce768d27e
biomechanical_orthopaedic_prediction,019d736a-4c2d-74b6-95a3-c63bd4b8fff7,0,2,207,103,95966003e8da54e0c5245305032b94e19adce23a30fd06f28831e3983ee5deb1,59d5cae213df1b10f4e0ce8597714e99edfa8c3b0dd885e965dd5b8d1e6770fc
biomechanical_orthopaedic_prediction,019d736a-4c2d-74b6-95a3-c63bd4b8fff7,1,0,206,104,d8136d0bd6430f2a86242ea6e3087319b0932a1dcab8aa82ef6d1c57d8d8ef2c,5a492947870b81af1527c83bf1157c21fb3e8a71187cace03ff8f4dfd85fc917
biomechanical_orthopaedic_prediction,019d736a-4c2d-74b6-95a3-c63bd4b8fff7,1,1,207,103,7da917f35966a2aa37927966ec15da1c4b0821f17d81899fc5d1eed866748760,fe1b0e5ad7ef6ec41b28585013a00c2b5922b2ba61db8c385c08211a56b44ecd
biomechanical_orthopaedic_prediction,019d736a-4c2d-74b6-95a3-c63bd4b8fff7,1,2,207,103,395c10aafc74f8c329e750096b56bd902e9229a67bd36e096e7186007e3de889,88e2d140f5d9072d7dc25374ad376e16d2d753990f8bb59039172b6ce2071d0d
biomechanical_orthopaedic_prediction,019d736a-4c2d-74b6-95a3-c63bd4b8fff7,2,0,206,104,98848bd3563596059e63dfcf927d1d12448ba017cdf0744df0e017bbf117bc15,e43041d7decc24b77f773387797977de2f0d9e0f9f5a81d29fe5d959b591c874
biomechanical_orthopaedic_prediction,019d736a-4c2d-74b6-95a3-c63bd4b8fff7,2,1,207,103,59cef04a6879435a075883498adf01e501a47697c58e70f7d8141a75c715858b,1812a7d2bcc091198113f509f1e05a62e7c4718486a50d5257ee1d1a839f23f7
biomechanical_orthopaedic_prediction,019d736a-4c2d-74b6-95a3-c63bd4b8fff7,2,2,207,103,8969d8c6636332ef16bd59ebd481ca3d3dced6b1eb8734c810370f13400ba777,0f359386bda975d9ad4c98ab36f3c7e363e5eb340e4482da34da373dbb130584
biomechanical_orthopaedic_prediction,019d736a-4c2d-74b6-95a3-c63bd4b8fff7,3,0,206,104,cac368e23423a1ff6c3c1de83c0c53e13c84f88c28c917f9973c0ce10a2240f6,cf6075711848417179c74ece2399f9d1a0f5ba87025f1423ee4c8f07e144061c
biomechanical_orthopaedic_prediction,019d736a-4c2d-74b6-95a3-c63bd4b8fff7,3,1,207,103,d411be9448b3c87e71da51f8707571ee7f3d28fcea5c0aaee357222107c0fc0d,0087cf66f451600adbfd9c6761c12e4fd9ab4e520809eb2bdba6e4a178024531
biomechanical_orthopaedic_prediction,019d736a-4c2d-74b6-95a3-c63bd4b8fff7,3,2,207,103,0083fb18d84f56bba1798891dc62557c25a584531e42ca0f66d3bd85cdde1c5e,63abb3c3603ad4a046b345259cce5bd2f00ae634358d173b46130a029655dee4
biomechanical_orthopaedic_prediction,019d736a-4c2d-74b6-95a3-c63bd4b8fff7,4,0,206,104,d29ce548ec71836349af1ec16e71d84061b49d679899506bc56137ceb3726bc9,8f09625bf8ecc41cc5b5c11ec39478cfe3565b9645c1696fe24a4f32a37f0eea
biomechanical_orthopaedic_prediction,019d736a-4c2d-74b6-95a3-c63bd4b8fff7,4,1,207,103,8a7830add292d2f0127b4c1b685f55cc9ad092856ddaac4ca8d16098f179d143,fd22c92a0bd73b2375ccb13aa361f26cd2ca214801f100197fac36a5399b0179
biomechanical_orthopaedic_prediction,019d736a-4c2d-74b6-95a3-c63bd4b8fff7,4,2,207,103,bf0a5f5d459b5d1fae91e37d04690feee1e772ae2ed24b72c10aa301e0df4fad,8501c57a31365647e0c60c9cf0af847a3b6d867692649c4a589611129c22dc9b
biomechanical_orthopaedic_prediction,019d736a-4c2d-74b6-95a3-c63bd4b8fff7,5,0,206,104,08d19460a33ac0d9617e961d363cf75ba4373d5f01a3b78ff5d94fccbb3ef41f,0ed805ebfa1af567e9065274200b41e2e328b9b3c85d0f78076effe75804866d
biomechanical_orthopaedic_prediction,019d736a-4c2d-74b6-95a3-c63bd4b8fff7,5,1,207,103,e685acce65e612d7860e9e51f287a5020b334c32be217b4b0c82a0a46997addd,7e4faabd8154d0e141c972170a627711ca56418ecb853c974af79c3410802a35
biomechanical_orthopaedic_prediction,019d736a-4c2d-74b6-95a3-c63bd4b8fff7,5,2,207,103,b19f0265877739cedecb2406d8ba67d0b7a4759e8f0d51770e7012da18daebdd,e03874111dc349ec9f757d6cedb84d2990d4c9f28af87c394fb08800aa73b3c9
biomechanical_orthopaedic_prediction,019d736a-4c2d-74b6-95a3-c63bd4b8fff7,6,0,206,104,e6cfefc1b7aaa9132399c66059d95c31af6ea5eb378a742e2bb6f7d1099e27a4,6b367c9c2ce5165d9a1ec7d475c495e492187c6ead31096439c4a1cd3d0cd2d8
biomechanical_orthopaedic_prediction,019d736a-4c2d-74b6-95a3-c63bd4b8fff7,6,1,207,103,0410a14183d310875bc5df7637011c915ab73073bc7be20d51f6a9385cd8388a,87fa25b70d3ecb8576be588840da9d27ab7fdf68003beb05fbfe55dbe515fa73
biomechanical_orthopaedic_prediction,019d736a-4c2d-74b6-95a3-c63bd4b8fff7,6,2,207,103,83125cba988248c8427c833d2abce2b6e030e5ca7558852034a5585364b9273b,d62f658e59723650ce7c463009a29763eacdae0000eb5ff2020029be6b364220
biomechanical_orthopaedic_prediction,019d736a-4c2d-74b6-95a3-c63bd4b8fff7,7,0,206,104,c57831340004fbf0ee344656d99adefe883368c27d5542cf80b2ca28d625a15d,060e359fb2e274c47d8fdae40325d8452705b91787b93c475a0aa2fb306875bb
biomechanical_orthopaedic_prediction,019d736a-4c2d-74b6-95a3-c63bd4b8fff7,7,1,207,103,43b0beb92b2dfc9c116d0bbce60ae92f6afd90eb790ec6f7748a31d1bf54c41b,fb78e1a5affe49ec3a0638c68ec0231abac73014b5c0487065bf947bd0814572
biomechanical_orthopaedic_prediction,019d736a-4c2d-74b6-95a3-c63bd4b8fff7,7,2,207,103,ac17952715a4780ed5739f7c5dfda1e842dbf370d9a9e8b870026f1f2c2ef6b1,53183043d0379c7474e630f0c6d32f0fbd2bf980cc074485be614225e71ac6b5
biomechanical_orthopaedic_prediction,019d736a-4c2d-74b6-95a3-c63bd4b8fff7,8,0,206,104,9a6c1117b8fbcd419891a476631cd4376fe5aab8e1dddc246dadba5b70413c29,fa90448c0a3a78fc5e53d9b3bbe481a84de09218d7b00d7455e2a65957c4e9bf
biomechanical_orthopaedic_prediction,019d736a-4c2d-74b6-95a3-c63bd4b8fff7,8,1,207,103,2bb500a51217cca7ca3ef45559b3ac6ece028863b29f9c70ea2422c276cdb045,022cd551016e18550c29064a77ab53187bfc97cb1b04c16fdc1a07303055b529
biomechanical_orthopaedic_prediction,019d736a-4c2d-74b6-95a3-c63bd4b8fff7,8,2,207,103,6a2037b21a014321a02986bdbaffe290b08239c8649edff546a369bb93122227,176bebc20eeb4da6378b0c523f3afab0de240d34eb10fcbe005538d43095e177
biomechanical_orthopaedic_prediction,019d736a-4c2d-74b6-95a3-c63bd4b8fff7,9,0,206,104,53c87101b8d83ae6ec352ebbbf094dd5e9370136504a89c4f5673057f79f9f0e,5502c24f8b271e2c511be04f91202498127701d64dd234f005cd8af07ef4d6d2
biomechanical_orthopaedic_prediction,019d736a-4c2d-74b6-95a3-c63bd4b8fff7,9,1,207,103,13d30eb688756b3eba0d8d96e3e55b478df4b3c83750a7127412ddd86e6f4f54,c00f87ecf3dcc0a6fd66fb5c41d99beaccdff63a68f47360dc8d5bad1dfc084b
biomechanical_orthopaedic_prediction,019d736a-4c2d-74b6-95a3-c63bd4b8fff7,9,2,207,103,245c4e519e6b5a28733d1633e73980b509573489ca54863d16c1211420e3d7cf,be89fd6aedb425bdc229bd405c82f3c8ac8ea9b00ae665c1d981707d2ec4da6f
biomechanical_orthopaedic_prediction,019d736a-4c2d-74b6-95a3-c63bd4b8fff7,10,0,206,104,de7b53b1ed29f88882dfe143c15f7972f10b56443badb523b99120596e80a3dd,a1805b7aa1de204d0f463a25bc97c28d1b91eb4cf1b5dbc92b8c9ce5cc2ec660
biomechanical_orthopaedic_prediction,019d736a-4c2d-74b6-95a3-c63bd4b8fff7,10,1,207,103,df37cf9ee89bf9a3ce9f27b2135a61e300d199990856c5a6761dedaf9d954795,52ea3b2d39b9dcf25be888c33245464a2d53e20eba9d11ec419bf4d70c9f0dda
biomechanical_orthopaedic_prediction,019d736a-4c2d-74b6-95a3-c63bd4b8fff7,10,2,207,103,3fadb66e40c1606f6acebda752ff43c3d2ee725242b14ceeab45b9d1f6320ae8,cbd2f4c9fd21adcfb10a7333367ca56563823987380a1f2238a26974afa07ec6
biomechanical_orthopaedic_prediction,019d736a-4c2d-74b6-95a3-c63bd4b8fff7,11,0,206,104,f5b70e37e5d849311c28ec5660cf00bbbc2201d81ef05cda4decfeba3c5afbf7,1e7326ab12b0a58b14567caf2677d9c77e04a888b2004cb92df84d2710214119
biomechanical_orthopaedic_prediction,019d736a-4c2d-74b6-95a3-c63bd4b8fff7,11,1,207,103,da5c02807a2dd759b17bc3cd692cd2cc7a82e5766533894693ac16f61450a1db,5f3ef4fc358c937f23252d0b9e70b5633e485d66b8109002908c6524b2831c70
biomechanical_orthopaedic_prediction,019d736a-4c2d-74b6-95a3-c63bd4b8fff7,11,2,207,103,d24209288d10ad856afe264af80fb8519d8f12da606d028977a81d3d23e204c2,9d706143e0cfe7faa81cc63ef4cdf2535ae3767205133e5af6656414d5902798
biomechanical_orthopaedic_prediction,019d736a-4c2d-74b6-95a3-c63bd4b8fff7,12,0,206,104,6e735d2112500f80bcf19fbe371df16f490f145e4999b3a6bc0f4dd70fded763,3a9949e450f427a76c3bb85fa937708253135695bba9b3dae2864bd6c1d99eef
biomechanical_orthopaedic_prediction,019d736a-4c2d-74b6-95a3-c63bd4b8fff7,12,1,207,103,eb8db79ae984ae01cfa62cee900d7f43abd29641f3d7dd77e3426fa8ea61ba96,ce9a4e23de0d1be2a62570dfcc8ebcb55299792c06c6660bc91e3729151250c0
biomechanical_orthopaedic_prediction,019d736a-4c2d-74b6-95a3-c63bd4b8fff7,12,2,207,103,66e6788e82865e42fbb7eb1c9308be6b964fde36eb003e0a64a79c6cf1171be4,b65562d80327833e8e6aebb70892e2a614367603ecd7aeb64e34e975aebc03c2
biomechanical_orthopaedic_prediction,019d736a-4c2d-74b6-95a3-c63bd4b8fff7,13,0,206,104,8ea21f630c7c420db7a166402d1ad872f73b9f5506bda5b7a32ae8a396f0c573,8994059cd6314514a6f26cdb968106f9d1d2c86da696fbc6a42ebe548c327f34
biomechanical_orthopaedic_prediction,019d736a-4c2d-74b6-95a3-c63bd4b8fff7,13,1,207,103,11ec011f26bf83facb20863870848938ba79a8bb2a09ae883cd770b00468d187,ae3b14979a056c9ed3be050a6b2901e5876553e26a793c61c0a01a8187490b8f
biomechanical_orthopaedic_prediction,019d736a-4c2d-74b6-95a3-c63bd4b8fff7,13,2,207,103,3adba3ebdb7b08c41e6ed0ec50c653e5c16fbc23ed7fd18890409494913291ac,5d25369eea239b9db276e8408c752bf913541f98ba774f46754df9db71479e77
biomechanical_orthopaedic_prediction,019d736a-4c2d-74b6-95a3-c63bd4b8fff7,14,0,206,104,fba0d726ca5438e51f41c93453de9dc935ff6e026a5e8ed7b34159f2017a75f0,ba5f5385540afac13ecb235f1eb39188d3b750e4bd50fef311b39656e1ca06c0
biomechanical_orthopaedic_prediction,019d736a-4c2d-74b6-95a3-c63bd4b8fff7,14,1,207,103,2922baa32bbbb3e4f3b50a28b501528c94b828a88fc70f3200a62adfc26c3534,faf8c397b7147f0a1da06c502dcf9bd9db0cd0958369aa5c94973b3f47b33ba9
biomechanical_orthopaedic_prediction,019d736a-4c2d-74b6-95a3-c63bd4b8fff7,14,2,207,103,81f5d5ab1034d46205401e3e33189d4ad7a443ba63d247c38c99e4b603636af4,a5d62ae567097f7698d5c7a597ea48f490639869e693fe9260605c6b03d146c6
biomechanical_orthopaedic_prediction,019d736a-4c2d-74b6-95a3-c63bd4b8fff7,15,0,206,104,2b485f86d0812520ce3d5d35096b367b779e3aef719f394c802285bd946df28f,55b8417806604e37bd1f3e7adc27d1ed2e8b5c30a92007349bf54c366dfbb5d1
biomechanical_orthopaedic_prediction,019d736a-4c2d-74b6-95a3-c63bd4b8fff7,15,1,207,103,1477a9dfa2cb5e773799c032ee3e8b3eee462f815f4d1677106ef521bdd01278,370e0b6ae721977f13e1d4ff7579aa1cc74274b864c7234be08afd0fd7b8b463
biomechanical_orthopaedic_prediction,019d736a-4c2d-74b6-95a3-c63bd4b8fff7,15,2,207,103,a361a14a8bfd210ad949ba90f54ddce0caf15396306963018fd0253fd1c9b10d,be91eadae15182af0827e2d61f8468c873630589a25fee8caee7db4a513936cd
biomechanical_orthopaedic_prediction,019d736a-4c2d-74b6-95a3-c63bd4b8fff7,16,0,206,104,24ae9b6c026fbf5fb2873d06b675f1af90627f711ce35b200ef47b4d0058e1d5,e50ab7fb4b2ae1514b9487a2e7b61d6be37d3dc389ac7d2ef3cf895ba03abf70
biomechanical_orthopaedic_prediction,019d736a-4c2d-74b6-95a3-c63bd4b8fff7,16,1,207,103,7874dd94b300ae6fdc8b5070eda8da31307efb1f4a2887f83e327165a0f4de17,7706b6332fd01c7cadee20bed3e279a8d9fccd569b28c7d2a0e277b0b1064e3b
biomechanical_orthopaedic_prediction,019d736a-4c2d-74b6-95a3-c63bd4b8fff7,16,2,207,103,136c52be6f3cd4f17bef298abfa1a2e6a7129e24243b9f4fe62b087ab497bc57,442ec571f8629845b397f28ca21b4ea6699daa136bc9b9ed3da2b47d957ae063
biomechanical_orthopaedic_prediction,019d736a-4c2d-74b6-95a3-c63bd4b8fff7,17,0,206,104,56ea736a9526bb70434050d6911e574d39491d4fda3927c362a59c58a0d18531,0bacc717c458a961a073412c19ef286fc465ff9ad1af07cb57ea723d2b8fa998
biomechanical_orthopaedic_prediction,019d736a-4c2d-74b6-95a3-c63bd4b8fff7,17,1,207,103,fde799cb8b335e60514e8b9dfab2e262bb8efb9b67a53a8a8913520f7409d35b,a527bc3b158222e7d93b5c85fb91a2732b1ee607d347f8b4980271c1b6fba0b9
biomechanical_orthopaedic_prediction,019d736a-4c2d-74b6-95a3-c63bd4b8fff7,17,2,207,103,581637c7a0f31270be0a016edcd3aaf4eb2518c1495b43736c97737bcc5e507f,0c21a82a7d6d555a23089d5771f6b23cc7b7bb48f4c8d607148a70fb8e26f7e4
biomechanical_orthopaedic_prediction,019d736a-4c2d-74b6-95a3-c63bd4b8fff7,18,0,206,104,9e5d687a817c189b2942a07d0c44269a33ab0a17e1f114d78055a5230f653268,7dc781b00d9811408a2b0d6c8b073b355ef856a068a8edc50dffa2e7e2916a4e
biomechanical_orthopaedic_prediction,019d736a-4c2d-74b6-95a3-c63bd4b8fff7,18,1,207,103,c70fe4b15e4c7432a7caf40b2d11f8a2d477ce1bffe0799361475fb64de16bb3,285be5eecb54689a30d3413f919c8cf218dbff42f405f7c7a8e3604007f8a071
biomechanical_orthopaedic_prediction,019d736a-4c2d-74b6-95a3-c63bd4b8fff7,18,2,207,103,6aa23d0f138985fd4fdcaba59e1f87f249c7d47eb4149e17c06142b0a7bf2429,9ae020dc6a5454202c8ac5353092a39e288b9097aaf9c8898b003f8ac4f9045c
biomechanical_orthopaedic_prediction,019d736a-4c2d-74b6-95a3-c63bd4b8fff7,19,0,206,104,50db1a67d3903bc732f82021d9934b79e2923cedea352ae590d8067b4615833a,5fb86ecf30bab865d4cd1cafa570ecc35597df6b172d38724ff1d2b1bc517969
biomechanical_orthopaedic_prediction,019d736a-4c2d-74b6-95a3-c63bd4b8fff7,19,1,207,103,9e2f891e1d1430eee9b29b6f96bc7af48eaccacc6bf88ca5d84db2fda9b8627a,1b89a5a5c91368d763f9de9b7bc18b3e213d939b3330ce128ed65f97374b07e4
biomechanical_orthopaedic_prediction,019d736a-4c2d-74b6-95a3-c63bd4b8fff7,19,2,207,103,ddfdf8a1a863f5d2302a61c9497438cf89ecaa5b813a1ecd6004cdbcb9be8af5,a25ddeccd9b1125d90f7f5322c57eb84e611392812caca88211f3cbc45f18e72
ecoli_proteins,019d736a-d6d2-7e28-aeff-7da6b7126b9d,0,0,218,109,63a9bd89bbd70cd4ccedced23c6831355cdd6bcd671148993c4cb5e9736e62bf,ca313f795e304d3bc59173e7666ac05419b0c5f2b52d217e7cf7eda8bcbeb154
ecoli_proteins,019d736a-d6d2-7e28-aeff-7da6b7126b9d,0,1,218,109,fe740e1d227c108d7ce5b8cd65d533b92c7676fc062cc84fa709e49ff7e04e5f,44dd81af5c970039509c27a8b4af15ae7ea5913f17ddb070c8e34d3ebc7622e4
ecoli_proteins,019d736a-d6d2-7e28-aeff-7da6b7126b9d,0,2,218,109,b3abaf8ad56af2786022867240d81942ae6369df98097ad7cd64a69744467e2d,0af34ae6a505f60c13d9f354c95662156a27a0bb76e4a98f0791e16602248a7b
ecoli_proteins,019d736a-d6d2-7e28-aeff-7da6b7126b9d,1,0,218,109,579ffb759160253e0a56536a03752e4a255fcbd2fe81d3c9ff6e9c8176c926e6,6af1045b1c301c2631804862ae339067530e3bbc17495ef2e37934bf7a0a036c
ecoli_proteins,019d736a-d6d2-7e28-aeff-7da6b7126b9d,1,1,218,109,8f518ece29ee7f57ef7bb4c74ce334aaaa8a4852717575e5a104c91a35dbb679,2d7397efff24ca64bf916b775e83c7be26d9c2621a83a492526d2282e77c41a9
ecoli_proteins,019d736a-d6d2-7e28-aeff-7da6b7126b9d,1,2,218,109,2bf1e83e375b96195d0ace2da79213892809d5083b2a1848d20b472931d2324d,e1ac9c77e46bd6ccde7e5016753bc8019c611ed26a60276a53931f6521f7421e
ecoli_proteins,019d736a-d6d2-7e28-aeff-7da6b7126b9d,2,0,218,109,0783998b3ca611897d4c695b9a41fe1a93628dde75612e810dfc8bf29ec4fa18,2bb5ca5115d421fc5eb6ca5e2ee9b7636a6027cb4ee24139e8ff9d97d7598c59
ecoli_proteins,019d736a-d6d2-7e28-aeff-7da6b7126b9d,2,1,218,109,24e1b86958e1bfca7324c0375537a3873c8330fc7c02661fcaebcce38f02b8c6,fb382cc9791b2349ffa530da710dd499dc9d50ee7d70c77ff6b07f4e61d8b3ce
ecoli_proteins,019d736a-d6d2-7e28-aeff-7da6b7126b9d,2,2,218,109,5248eaa587bc6ac4119743fc8ad2279afbc71ab90dbb0777fd3f4ea3f7dbcde0,54f42e5248714d4cbe930b0b8108c3d3b30ee0c3d1a13192e6293775ab16fc17
ecoli_proteins,019d736a-d6d2-7e28-aeff-7da6b7126b9d,3,0,218,109,6a7eb5b0b208e0dd32b805f8e6bdb1f91000594f471fddf05194b50d20c806cc,8e118c1781c3af4ec24672f201ff0c7469c5fcdb96d755a34b9f33558d291209
ecoli_proteins,019d736a-d6d2-7e28-aeff-7da6b7126b9d,3,1,218,109,87900daed10c8a464b0fb44736e928f01a611ba13bca84fe7264cb4a7ee2486a,faadada67149e519a346c2941927ea9c4b29f9a1540b5842388c78f03fa5eafd
ecoli_proteins,019d736a-d6d2-7e28-aeff-7da6b7126b9d,3,2,218,109,3952f9cf37a12ef96e92ab110545de4dcc5a1b2068d1176fcf2653d193500fe5,ffcfa0ba93cd210f1bb91a9891b47354b53732459d03a6330cf8c85394f1fcfe
ecoli_proteins,019d736a-d6d2-7e28-aeff-7da6b7126b9d,4,0,218,109,bcacfbd5724ec0d53621788c20ef2fd50b8efdeca1e92775f0802272481f6f51,136eefb68604c8b6736ea84d31785dfe9ec5968a34d40b47d56dfcadba2968f6
ecoli_proteins,019d736a-d6d2-7e28-aeff-7da6b7126b9d,4,1,218,109,f0df8e78e517433e2dedbdf2be1f13a5d4d4572ed07678e96d376166d65f0364,85b8d0ac529aa4b2b0a141cc102264a0a7495f653f0357189cb2cd4372eb97aa
ecoli_proteins,019d736a-d6d2-7e28-aeff-7da6b7126b9d,4,2,218,109,a78a24e048f28f0fe3979c9a529c9f8918d962b3da9ec6b6ed4f08d382c19b2a,becaf2b17255bb908ca012eb4a00a1db7b85a855b4d02b7d81acb6bb0f2baa4c
ecoli_proteins,019d736a-d6d2-7e28-aeff-7da6b7126b9d,5,0,218,109,27f86de422e0afb63620c016d2aad7da37fd82ab5433fe51538c0b104397f15f,0b2ef462d20f404a10394e541a685152d6c482131e3c12569345967a4103acf0
ecoli_proteins,019d736a-d6d2-7e28-aeff-7da6b7126b9d,5,1,218,109,7843ddbe642ff72806744e0ff42f7f8df778f476388380fe7b093d0de7f24749,2c592b1d6fe282d03c1d884c87b08b9a81501dc97215942e37aa1c7af2734d92
ecoli_proteins,019d736a-d6d2-7e28-aeff-7da6b7126b9d,5,2,218,109,4b2b2969c47c223e9afa55ddd496bc9a3247f13a59b617a6d4a1df0c974237e4,ae32941725f473797bb74e90923713d35c39dad8c3b03bf7468103ba44619751
ecoli_proteins,019d736a-d6d2-7e28-aeff-7da6b7126b9d,6,0,218,109,0affb08e452aa9d15f7692777fa06a1278f5fd268fdc6b9674d0c5c3f083b621,8bf9cdebd7eea51fc00ca1073882437023153b2d79638226a9314e7b29a5b4ec
ecoli_proteins,019d736a-d6d2-7e28-aeff-7da6b7126b9d,6,1,218,109,2152339974798409daf641d54b334449e607dc6c3215cbdd1ed278ed5befb0f7,016c2cb63f2eb20eb5c71f12da43a106e2da11aa181f4349a258b2e77a2f6683
ecoli_proteins,019d736a-d6d2-7e28-aeff-7da6b7126b9d,6,2,218,109,b28b1c04e6c9063d432ada3e32e99082015bc9df894adc30a8eff42af4c8d9e2,7476e36cfab1a05d7c95755279467659cb3ef10acb736e4156cf6b168a31b4c7
ecoli_proteins,019d736a-d6d2-7e28-aeff-7da6b7126b9d,7,0,218,109,773b3074437affcdb7f77af0a0b905587b5a1439279e14a71e5935e60938462b,f31f3d8a5e95ea183a3b7f899ce3ce26e96a2037c8b7f3f111b37ad0b7783be5
ecoli_proteins,019d736a-d6d2-7e28-aeff-7da6b7126b9d,7,1,218,109,85d1f56f044811c2ae161ec4075eefbdab97183ee5a8f7dfb9024c69fa4add5a,ff10665a65917495ff9497f29d9c4b9dafec880f96a142e8f112872036726089
ecoli_proteins,019d736a-d6d2-7e28-aeff-7da6b7126b9d,7,2,218,109,c75048c677df44721166073fce7693743b410af3245837d0e541628f1baa947f,b2aa5d51e4c80d1a17ff53a81003d75b7f812a988b9a82d83e7dda0fca28155d
ecoli_proteins,019d736a-d6d2-7e28-aeff-7da6b7126b9d,8,0,218,109,80a9ff81ef1bd8860d5f338cea16b138d3e6ee9ce9a38b1c9da7249f2a319fab,6bdd6a50c41ee97df77bd479c22a3dff1abe31d213ed80a16606b6960e9e13f1
ecoli_proteins,019d736a-d6d2-7e28-aeff-7da6b7126b9d,8,1,218,109,929a126d4c6dba66c2d2ef4c47d23e6bb5d70e0f028b568190ce3eedadeebb7a,668c4918bbdc5f444c8e4e324fc08574cef25ef6475c1ef5207c2d621296c0f0
ecoli_proteins,019d736a-d6d2-7e28-aeff-7da6b7126b9d,8,2,218,109,a3d0419774b479400f4a8a87958879f61f7b944d7af250d96f979f75b5efb08d,be40d01e1dff8b00094360edb1f95089dd760c73739a8324967a5e8f9960bf8f
ecoli_proteins,019d736a-d6d2-7e28-aeff-7da6b7126b9d,9,0,218,109,af4f72ac183cb8fda6afcb29d2344bdbbd7985f0807a9d352fe20487834b52c9,aa76e7d46b1dab262b37f92ba5752ef91d8775b2ed5075ae0c7d36da600df47f
ecoli_proteins,019d736a-d6d2-7e28-aeff-7da6b7126b9d,9,1,218,109,25bb62e43d316f5b74fd1ec9283ad5916337938365aae48e50394b511ef3bd2f,dbf19e643b767865e02dd0408ebd6f6b0df761e05a1a7c2944258600af3ada02
ecoli_proteins,019d736a-d6d2-7e28-aeff-7da6b7126b9d,9,2,218,109,47f4bb08eebf002b0744111ab39bd7a7e748288f47109c26f168b68f9269e576,2be7af676cde449300185acacd75adb97122f66f7d76d320b2062d88ecc7b063
ecoli_proteins,019d736a-d6d2-7e28-aeff-7da6b7126b9d,10,0,218,109,be47385ab43a1bf77e0bfc0d59051bac7bdf7f178e7f297d53e3524a4abfafa2,7a33d3e06cd15b7e50109e25129ef687931f7ad7354214cae1706a7707dd3642
ecoli_proteins,019d736a-d6d2-7e28-aeff-7da6b7126b9d,10,1,218,109,3575a2f3db6abbec3572d07d886205e5b9f0d69da11118ba1e4f43f46a5068c4,7d297851fcab2ee992d615da65a1a29d50cc7d6fba2dcfa917b90a5ae1548900
ecoli_proteins,019d736a-d6d2-7e28-aeff-7da6b7126b9d,10,2,218,109,5187829437032917ae3fe890591c56110c9cd3c76635edda9e65206a41d38047,d37415765a058e68f602e0fddb26ef52e4e3759e8fa95fb18ffa7f3dd91286bb
ecoli_proteins,019d736a-d6d2-7e28-aeff-7da6b7126b9d,11,0,218,109,68d69eb655e4cbf3c9e0b0e84984b7a97520a03a4338735f94a33613f398a8f0,2e499f5ab3e7c5f1aad81bd43760061fe371ddb7c5ba582be2b755748e4b5a3f
ecoli_proteins,019d736a-d6d2-7e28-aeff-7da6b7126b9d,11,1,218,109,8c5e7e606c421c22f0ebcba7037f73c1ef7d3164e1522cbfaebeb95537eda151,823549a7b48e842abd87340c244927832f674a9bb998790e5b0d3d813cd90760
ecoli_proteins,019d736a-d6d2-7e28-aeff-7da6b7126b9d,11,2,218,109,21b58131c7ad09063771a907ef013f56f105d3e4064936bfc35724d64d9c5d79,d89a15ceac781a5551b4e8c8a318e09835e64d0967ce666bd23054367b11ad5d
ecoli_proteins,019d736a-d6d2-7e28-aeff-7da6b7126b9d,12,0,218,109,1532b836f94f9139e5ad5c92a80863af63df48ee98fb5b6946dd55969111e110,50f7324fb021ff3285a8429ee3bfd3b117f8075034e38daa848da48b7db5e54b
ecoli_proteins,019d736a-d6d2-7e28-aeff-7da6b7126b9d,12,1,218,109,f2e4596c7f33c14720a9656dcb71434151f9bae4db15b67dfa80e7e9a50b7420,b16ff9855844cf1bf2a8567097312faa9020116b532ddcf7e6623157b19bf95e
ecoli_proteins,019d736a-d6d2-7e28-aeff-7da6b7126b9d,12,2,218,109,73938240af7a86f1b8cf42c8f9afbcf474e0ac04beb88780bfa3203b977ef23d,072eeed2466eaaa91d1d45157d370a1a15964b4b82f14a57dbb230297dee436e
ecoli_proteins,019d736a-d6d2-7e28-aeff-7da6b7126b9d,13,0,218,109,6d182ba7595eb28360c90eb16374b2e0d9d1043b4a6bb1f96ac9456e4f6138c1,a3f25f2b077921622a0e04569e31d63939418003f0dc75cf18cb509c5eae65e6
ecoli_proteins,019d736a-d6d2-7e28-aeff-7da6b7126b9d,13,1,218,109,f63700e4ea4f3cff815aa825b6c482ab090be91737d5597dcee7ebc4bd631c10,3d5367703d94bcab1d44b3f0021e071447d729aa35de924bef437dcb3aced233
ecoli_proteins,019d736a-d6d2-7e28-aeff-7da6b7126b9d,13,2,218,109,e764a3a442f87d6700a2bcc38d416cc2c437104563c137ee521b1dcd8c645e07,64cb7788164dd60ab2b05a523d1dd79b62cacc03a50d115d80e02112e7fd313c
ecoli_proteins,019d736a-d6d2-7e28-aeff-7da6b7126b9d,14,0,218,109,5e37ad488a676ea9416387185acf5bda4d12a0050a8eeb50034eb759581804c4,fd264253f2aa12c139a8e08a6e26248a3c7cf1a55a76cb55e8f1d7e47c932998
ecoli_proteins,019d736a-d6d2-7e28-aeff-7da6b7126b9d,14,1,218,109,c70dc5462d7706da88067084c3c5119ed683800acdba2d046b81563f9deb76f1,afb5304b688ac3a81010adb99624e967e7daded867d7e661bcd295f4dde14302
ecoli_proteins,019d736a-d6d2-7e28-aeff-7da6b7126b9d,14,2,218,109,bf9e8c83c3b6f3beae6e28b4327bb91282c405bc32c3b9289941c4dbcda57d2e,474b4fb67c99c44592056bdce8b46ffea5a9cd37278e5c1962e36665db9af1de
ecoli_proteins,019d736a-d6d2-7e28-aeff-7da6b7126b9d,15,0,218,109,8e4762bd9bf8c899876f0341352b3740413e21717e15f068e87f3860ed164a5f,07ce0617c3537f860356c4ef84e8c390e4fb508127a09fb027f0255ef5da7653
ecoli_proteins,019d736a-d6d2-7e28-aeff-7da6b7126b9d,15,1,218,109,f16f9c484e842ed023ffaaae2cbe08a081cb5a698ff033cd5816073087932952,cd3f0fe47f661eb2ea2c8615606912df0a065e8b5b681bd39d6cb027366db156
ecoli_proteins,019d736a-d6d2-7e28-aeff-7da6b7126b9d,15,2,218,109,d3899aa8f5d73f1a5322708a7925b1b0bee2b4b52268ab16d2522bb21cc15840,5cde856aaedb083974003223528f7013c60c1c696751285cd4300a17616898b4
ecoli_proteins,019d736a-d6d2-7e28-aeff-7da6b7126b9d,16,0,218,109,f8b71b80fa053488d60acc6ea524dee732be5b44037c9338e1bd1d7c66dee1cb,a2c20417e7a22853a2a803a7fd013705a2ee5264bd218b85acb725761293dccc
ecoli_proteins,019d736a-d6d2-7e28-aeff-7da6b7126b9d,16,1,218,109,9f7a0fa214a3b4c4c0ee2b8f89e0b985fb61ff97d1191ae3951bbdda083804cf,82b2b7afb044077127b82189663251aeecd858c6ae0a02a4f264dd62e14aa191
ecoli_proteins,019d736a-d6d2-7e28-aeff-7da6b7126b9d,16,2,218,109,c64ccc1ce5197455bc170672a2e5e10c6eb366cec4d71c1546de5ca0fc23dccf,63121e22f308a2bbbd52e573b84e720274a772efa276227911d5fc2c1c37ae3b
ecoli_proteins,019d736a-d6d2-7e28-aeff-7da6b7126b9d,17,0,218,109,82c76f513562073821ea3cff208bf756ca097ef488f059f0471d1e515a85071f,198f1ba971bf22755c3c4d6c79627b5c053dc7fd93e483394c5dc1428871dd2a
ecoli_proteins,019d736a-d6d2-7e28-aeff-7da6b7126b9d,17,1,218,109,f36b5f0396b679abfaa45227efde93931cf33e167a5187d96fd6ffc0c49bf0a9,8958471561ab3461bee40ad0af5ca8bad67f727a84f5264414ba3a3c6cfe9022
ecoli_proteins,019d736a-d6d2-7e28-aeff-7da6b7126b9d,17,2,218,109,ce41fa5bc5192fb67af98497ea204683ea736bac65c2dd6c004d37ec424d76dc,ae07a8910f1e2535f86ea438d10173d301232d87290197a352429e61ce58bf70
ecoli_proteins,019d736a-d6d2-7e28-aeff-7da6b7126b9d,18,0,218,109,c1e5b10b042df8dcfbda8d175978e74d835c992a829a4d046512b8832b989904,02444193d85ceb150a272f969a360b924eecd6f16a5c6fa5abdbd5d2e3af131c
ecoli_proteins,019d736a-d6d2-7e28-aeff-7da6b7126b9d,18,1,218,109,2764e483292bd8d4038c1f5cc07738d2f01ecfda5df6bfc655c3a2e675a4ab6f,52b2dbb00bf98db985bffe0482e2f7da5b8a3cb26169ebb42c17500b8f81b646
ecoli_proteins,019d736a-d6d2-7e28-aeff-7da6b7126b9d,18,2,218,109,2f5d676a812ddbd9088c8a22131dc9c169a1bccd2e0ba98297f1d22618dd3fa9,58d2bfe578151d40918908eb23b75b6a63b12a9ab43af6038dcb1d8c124d1970
ecoli_proteins,019d736a-d6d2-7e28-aeff-7da6b7126b9d,19,0,218,109,bf6c536782e1779a2fb798fdc1a305db10592b69e0c9e2142dbaa1d7017653b7,a9ce803022c74d71af886612573c18e15fcc2b1849a72c74b2c40420ae860007
ecoli_proteins,019d736a-d6d2-7e28-aeff-7da6b7126b9d,19,1,218,109,c4df83b39125bc591f85b82ed27bcae166d4b8e30238db02bbddb17c70b0d213,81495dd2a2d8f33a18c3749f616c7e108f87d48be67ce5d77cb62c92d7677c84
ecoli_proteins,019d736a-d6d2-7e28-aeff-7da6b7126b9d,19,2,218,109,bf45fe57b286a9ef344da5e0c32b168815e22aabd763cf0f28385b4943df8339,126993e5ebacdb954c87704eaeffcf24dc0b5d1e5d3bd92e23c3882cd71cdcf1
hepatitis_c_prediction,019d736b-9eba-79b8-8c5a-78d95163e286,0,0,405,203,db991f50977ed3aec70d8c2b6585ef3b3d936a675ec4326b1a313e5417bfd155,c3c2b7f238637b01b5ae6e890594837a18393268c4005369ae6afca8108726db
hepatitis_c_prediction,019d736b-9eba-79b8-8c5a-78d95163e286,0,1,405,203,73e29df40557c89cd5b37fc9372cbfc10c5341cf70807e64d0999a0c396982cd,ade934e6aabbe13b4258124d6e831d2f2294c88d49c9bd4151c15d47052745f3
hepatitis_c_prediction,019d736b-9eba-79b8-8c5a-78d95163e286,0,2,406,202,c04032b9f0e4ec279b822b13b70e44bf44d581ec953aa55cfd2034a53aa8966d,9d2188fd6f38b894c60ba6139ee8b06984c87fa2171d405bc33dcb7894d157e3
hepatitis_c_prediction,019d736b-9eba-79b8-8c5a-78d95163e286,1,0,405,203,94653037404bd5a4564768e3c4fdafba469cbd3313326d09faf277ff07ca3f0b,3957b836cffe783889282f6360439e3e30ef91cf2fdaa11e1eeaeca2b9c90c05
hepatitis_c_prediction,019d736b-9eba-79b8-8c5a-78d95163e286,1,1,405,203,e3ff1cf608578a2dae531077c32a955a61bf1829fb41b1f449c79063b9ad82ae,4a4cb1ebae5dd7dc17c9b9157790051b443fc1ee1f2178eef86f25c58436ecd3
hepatitis_c_prediction,019d736b-9eba-79b8-8c5a-78d95163e286,1,2,406,202,80ff5899411fa501cc97dd92a579487669d28d859ff32f28b0408535149ebb84,88914982f4dba469cf6c4a3b0fe02d3477e8d137d2230e32db3bd7a7135c8e73
hepatitis_c_prediction,019d736b-9eba-79b8-8c5a-78d95163e286,2,0,405,203,e1dd9f8c99c0256af55b14f829d6804ae11519dc7c2987adcb92b1635d49945c,2a45579e4a492fcb2407f5a40afed9a503fbb0007fced0154f4b3d94ddc96ccb
hepatitis_c_prediction,019d736b-9eba-79b8-8c5a-78d95163e286,2,1,405,203,68cbe6bc921c70c19d1067a093e54b2b75879f76ba101f27d7ee2b8f1533b0d9,928d5af4f10854e4abdc9eeac6273c6d42ac25d57ae1b4119db8e1b8ce648dfb
hepatitis_c_prediction,019d736b-9eba-79b8-8c5a-78d95163e286,2,2,406,202,7f084ab98c00792f78d74e234768cd61b3408ebf8f1a121736063e155f1e8522,93518be7a854d3bdf76658c3511e20516005c2e596b8bc8d79c783fa436dd485
hepatitis_c_prediction,019d736b-9eba-79b8-8c5a-78d95163e286,3,0,405,203,ecd40d0a91df8b2baeceb761474d07c1a69090907f2261c4c9fc9596b96d7ffa,1aa7db6d670519174bee3a79be88a4d798b4c71988a2774d03f977c90423438c
hepatitis_c_prediction,019d736b-9eba-79b8-8c5a-78d95163e286,3,1,405,203,2e3ac28577cd871b323ef5600bb58832f6ed6711d763ec2e54938f0bb0317fbc,30833dc0307f0a6e3d43fa367244495797afa073acd122e3cbd2fc7a09f08b40
hepatitis_c_prediction,019d736b-9eba-79b8-8c5a-78d95163e286,3,2,406,202,a69af40aeeb8498b235893f1f377329cbba3a3381d80f28d272d558ada64dbf4,62b9f971561743b537c178a92124dda1c0cd6f08e31c10e8c07d780064b250bb
hepatitis_c_prediction,019d736b-9eba-79b8-8c5a-78d95163e286,4,0,405,203,a6838b0f9012a1068df5f38af63cbcc730bc3d0c13a019ebee03f97a14d9a4ac,2e12e8bfa8b321d7a6b8a6dba4e698b3f74c72346a99f1fd0fc652c163f47c30
hepatitis_c_prediction,019d736b-9eba-79b8-8c5a-78d95163e286,4,1,405,203,0da94393262297a16b740511396c0acc6d041365a63e5bee8116a9093ab56c3b,932f5d63eda4576f31872e73b418fd71a576223f21a4fabadcf4d3a50ff48f93
hepatitis_c_prediction,019d736b-9eba-79b8-8c5a-78d95163e286,4,2,406,202,b0141e68f6359e80c436bf0e8e941ada7ede2e8479a65cd7181144202b5ea37e,abc9f7cfcf820290693c8078dc6c32db809b8ed089cb810df0aff4679f49f199
hepatitis_c_prediction,019d736b-9eba-79b8-8c5a-78d95163e286,5,0,405,203,8e2ccec736790eabab4d59098ef12cf739507120664286540e5c75f675adbab0,b5bd4cc99466498ef8b4d84034d0f72e94e23fa8f1f67741356cc54af6985699
hepatitis_c_prediction,019d736b-9eba-79b8-8c5a-78d95163e286,5,1,405,203,d2f47178744584bb395d0ef0e10034907d4e9c5ba014fee8f513c05a2463fafa,1fcec7a740e6ef03002c8865e6edfb89c781ff21678100b4b698f8aa1643a43c
hepatitis_c_prediction,019d736b-9eba-79b8-8c5a-78d95163e286,5,2,406,202,f50cdfbd8ec5889f5d118ab3a230af794067f0cf2c75598c0620ba7beeab8ad0,4c3402e3b9c6af258465c87d3c7119e8c1785b7c1f84e6930dfb2d354590e286
hepatitis_c_prediction,019d736b-9eba-79b8-8c5a-78d95163e286,6,0,405,203,69be296bd70348c16248d1d139da074cb9653b086ceb84b5c77ee3361f73ce9e,fb66062316dd6d0049c6797dd0df9b98de97187263b915ae80cbedf85f41714b
hepatitis_c_prediction,019d736b-9eba-79b8-8c5a-78d95163e286,6,1,405,203,b265e4dc2ffc48628b1075dd86af5fdd0de0d7f9487a3c296c9c06b93b1a2bba,77ec615f5ee8b1b08aecd9a1814f28c5076468b5942688e05079ff6a58dd0d08
hepatitis_c_prediction,019d736b-9eba-79b8-8c5a-78d95163e286,6,2,406,202,64337657e5d6ffd87693f086a544fdf8d2c0c98b05d0cf8a5aa1fe67ac026c07,d14f979127be60a81ee914929c0895c366344a2261c51a5aa691d6dea8319c04
hepatitis_c_prediction,019d736b-9eba-79b8-8c5a-78d95163e286,7,0,405,203,73e87977009771bd37a960a983dfb67ee850e89c6223bfbbbb9433c6f55af542,ee99a69e2710558f0bbe67c14c4597f5252de380c539c08bfe4e383ac4307e7e
hepatitis_c_prediction,019d736b-9eba-79b8-8c5a-78d95163e286,7,1,405,203,bc12e96553d87d2e1f19d18b9c28ed5e536c03134bb6da71e4247cf0ac19ce29,174cb45a2b244bed0c6146f8f97107e2f0febe3a60e4f0bbf4196b2e9ede51fb
hepatitis_c_prediction,019d736b-9eba-79b8-8c5a-78d95163e286,7,2,406,202,39d57053cc64fae8a1f437d05a07947dc6133f6007dd6b30f25c7ddff0380221,faf51355805b6109b8564cd9db8a6522ce7e0ebe2e1753369c5e63ba0be90d14
hepatitis_c_prediction,019d736b-9eba-79b8-8c5a-78d95163e286,8,0,405,203,af82d78fbab46e99e4c7a502772d7ab225b728f49d6acf1d58ff99c25c37909a,44df0b69783c438ac16c6de6f1e2c13062847c9e85e8d5a93c5f7cc60a6c96a5
hepatitis_c_prediction,019d736b-9eba-79b8-8c5a-78d95163e286,8,1,405,203,b79d888acd75c018b2a40ec452d7f50472ae1760a6992462f045a20dedd072cb,3e31a5c6795e404dd2cd16e2444a93b3390856970facfd9e4547867209952120
hepatitis_c_prediction,019d736b-9eba-79b8-8c5a-78d95163e286,8,2,406,202,8afff6cc6d2495a4b4b26acbe49ed4fa8c13f7ee8d7f76776b0922ade302d63d,9824ad58663d7981f978238479b021c9aedef1c964fb05393ab0c3ebda529d72
hepatitis_c_prediction,019d736b-9eba-79b8-8c5a-78d95163e286,9,0,405,203,00262e4e4f00c8337bfb5995901c51eb8a754945a890d563629527b8da103e7e,61d637eb7bdd15e843061dff29698edcfe3a968643f0d9bba6bf5ddf86cf2c95
hepatitis_c_prediction,019d736b-9eba-79b8-8c5a-78d95163e286,9,1,405,203,f4d5e90551e5d07bbb88f337708ea0f9b11e3e5988fb0fa8594f8c1fdc5b2490,1df13b5387e915187a56a36ec35a1c0ed38a5054c0073db6717640921c72ed5c
hepatitis_c_prediction,019d736b-9eba-79b8-8c5a-78d95163e286,9,2,406,202,a1e3e60cc288e291a2be4572d7290b099d1c3a88f250b8c682b97bb3c2dec65b,d94bc737529ade37b36bb06c468e79f24725e9656432663c7e6f3af0f3ec3bb9
hepatitis_c_prediction,019d736b-9eba-79b8-8c5a-78d95163e286,10,0,405,203,53c69df4ac26aecc0ababc6015519f400d12e4521343628c13773887ad1e0414,3d8ce0dd83b4714285efb57d45b7e70db9ae6c404fa91e075e4e1eee29c10edc
hepatitis_c_prediction,019d736b-9eba-79b8-8c5a-78d95163e286,10,1,405,203,c61ede3c37e3e2e76af35c2535e3aeb58dc911a12b240597049051ad37968b55,f0dbd0e98deb11bb5a6ad9abf51035d33f838dbda396c7ad0b2d9cfb0d30ff5a
hepatitis_c_prediction,019d736b-9eba-79b8-8c5a-78d95163e286,10,2,406,202,f49510f9d33493e0e7a0c7e6367fe0887764c78b0250a871c80bb83840661f27,0161100252b9cac38ce1c44c74ff487f421a3899a7c02223f399b405725d0a16
hepatitis_c_prediction,019d736b-9eba-79b8-8c5a-78d95163e286,11,0,405,203,76229962c32002daae2e5782d694675e8cfd71d5d4faf2d29d58a03c2562cf21,adb9a2a436a33ad057f84282e4e012cc2fc5f5f9352b4af5edcee09f2c7b5775
hepatitis_c_prediction,019d736b-9eba-79b8-8c5a-78d95163e286,11,1,405,203,938e6d397a215c117bba96ddab351df4eef859238915580676406c80a4595e9a,1838e4ad96006e7c43c7f4e791fa46cc37946a840608d9a241951ed3a79d57f0
hepatitis_c_prediction,019d736b-9eba-79b8-8c5a-78d95163e286,11,2,406,202,07d08b94d7093eb23988db2f13d72ee887724edf6d6465bcc6e7b6357387af4b,f8bf50424ec8ab6d16fc3f65065586cdd650c060db1eebfc5a003a1d37dbcede
hepatitis_c_prediction,019d736b-9eba-79b8-8c5a-78d95163e286,12,0,405,203,5466d6628f5841118deec3cec5c318c09948eba4cb499228c93df38f01f98936,1ffa8b32578bf6dafb97970817830fc16d8d7dcbc47076abe07f4780a0d72831
hepatitis_c_prediction,019d736b-9eba-79b8-8c5a-78d95163e286,12,1,405,203,5fd7a97d9a98f9baa5166a52db112b1e67cf16e714b95a3339f7962648909cce,ceb50ea35df68885636c4524f04a0aa88ee36fa9683417d717e5f97318cecc10
hepatitis_c_prediction,019d736b-9eba-79b8-8c5a-78d95163e286,12,2,406,202,664ffc92779331ad38210add89e129d6c576c0e56609474e37a14bf3d20ecb0c,019fe801d64858dd4452669f26b39830043a2f1290e81d0206e1f715aebc8be7
hepatitis_c_prediction,019d736b-9eba-79b8-8c5a-78d95163e286,13,0,405,203,7134c672530fa62e4bef5b72a5a21d02254e09d52945da3bbbe05a54425209ef,e792ed7f4a17fba4ce50e72530648f97e30f0830440bcafdf9457fe6a1754a86
hepatitis_c_prediction,019d736b-9eba-79b8-8c5a-78d95163e286,13,1,405,203,91cfd679de19a5fc07a3519bbe25c9fe63b5c7e4f805a2af3be0fa7150da79ac,7ab772f090a8aa5759d10ce5936f8f05411d6bdff37b69eb1ab63bceb716a2ca
hepatitis_c_prediction,019d736b-9eba-79b8-8c5a-78d95163e286,13,2,406,202,4934bd480ee01885252127d936947abbb772bda56e4ec63fc8180e975bc6b551,b85d1d4b71d7948f29de604f30053575134e2df3bd21ceede4db31420ff386e4
hepatitis_c_prediction,019d736b-9eba-79b8-8c5a-78d95163e286,14,0,405,203,f87d99bc97fd5f2059b6e4634b20709f8a6876c23e5364c2fa1c0c110e1bded2,0781fa5c18acedd8c747cf1183ed7acc5101af3d4e2100c28a3d1885e5156bea
hepatitis_c_prediction,019d736b-9eba-79b8-8c5a-78d95163e286,14,1,405,203,571a2e1dac446826f3f375363b997072eeb44036b8019df8779fa31997eebcd2,fccf05e51f738eb2e7b598c0049baa065c6f4e0c12e72ce62afc2d44b15688bc
hepatitis_c_prediction,019d736b-9eba-79b8-8c5a-78d95163e286,14,2,406,202,1877cf97a7555eaf3a3489f87c4c32bbc983ac05508e0be26d077df708a21b78,97ba267c42f7bfd1810465fa80896f4e011b91b184aa466b5e9981e07a7ad395
hepatitis_c_prediction,019d736b-9eba-79b8-8c5a-78d95163e286,15,0,405,203,83fc06361b107b60467ecd4f5fe06e553b04f36c3fee1f4437682e2ca24f0eea,99173b78f29cf4a4f53d09bc4ac321c8328fcbdc0f3867d7b6107c822eca1009
hepatitis_c_prediction,019d736b-9eba-79b8-8c5a-78d95163e286,15,1,405,203,9af2962e1208cc4c64a392e561fc8e31ba6590cb3c6fe18ba5c25fd4adbee9a4,f4603fe5d6d22c8a9b4421f1417f6b099a12004d7e56b630cc3470e1514cbdba
hepatitis_c_prediction,019d736b-9eba-79b8-8c5a-78d95163e286,15,2,406,202,79699966eb0ea47ad9b988f84fec36b28c5d5da258835d57de8bc6df2499be8e,9f2f367cee082a5e52addf2c504ebc671556c5d599a8c7edc59e9dc97a1a07a9
hepatitis_c_prediction,019d736b-9eba-79b8-8c5a-78d95163e286,16,0,405,203,fb0193b97cfda2fd31568aca5dac2c4d8a6b7ca8962cdbbec4f54ac89a5186fb,5f5b27fb409a9ec05169930377fc8a19a1e1a52419b1bc4099caa12b716bc6b0
hepatitis_c_prediction,019d736b-9eba-79b8-8c5a-78d95163e286,16,1,405,203,9ddec84ede2610309ebe2e80686058820da24d8c09d8fa56f92d3df2cd57e8cc,6a4ce8f0d54c7945a555628ae573f785214b0fa1a2dcb65939344215fc72007f
hepatitis_c_prediction,019d736b-9eba-79b8-8c5a-78d95163e286,16,2,406,202,57db303b9cd7f48e10b4fd277ec07bacf67f20c63e2d9968f5fad492b084bc06,ccc3d927a747e1e6550afb35d9f8019c27fe1a2a8f4ae91c72881c1583683f3e
hepatitis_c_prediction,019d736b-9eba-79b8-8c5a-78d95163e286,17,0,405,203,7d55e5ef61ae0a09c50ce9a24826d5f9867bdc0ade769a1ac419c54050d1e863,e16f45c085c0a066561a2ebf5180219e455706f9f4306b286ff66c491b36a75b
hepatitis_c_prediction,019d736b-9eba-79b8-8c5a-78d95163e286,17,1,405,203,773c699c2ea427836f39d6c5dce44d81900b97f098c2e25c96c6bc6bac5c91d1,93febf45cff547706111bc65a4a2254c8b84ba6aa1f7e3c934e20cd448fac898
hepatitis_c_prediction,019d736b-9eba-79b8-8c5a-78d95163e286,17,2,406,202,abfc1b9513ad0ff3684b4558d017c95783f94dffdfbda64693f1810003833f5d,3d6d1c06a43b216ecf810c988ba8554bad9f279eb9d679bfb6b22199b85a2529
hepatitis_c_prediction,019d736b-9eba-79b8-8c5a-78d95163e286,18,0,405,203,9c63a2537041edafa04e416c002b463cfa99ec00b37b0317aaba09cf0a109cfd,b518396b9f3475b125226c7562606708ab6e3e59a4ba61b704d64f7f96b43fb5
hepatitis_c_prediction,019d736b-9eba-79b8-8c5a-78d95163e286,18,1,405,203,8459b6d3f2a79276eed1e2efdccb45ffd414844c0bcc6bdcab104c5966490187,578f0f4f1dc4dd0cbc1efcbceb4d85af5a907c10b8948b3e83848659fd6987e5
hepatitis_c_prediction,019d736b-9eba-79b8-8c5a-78d95163e286,18,2,406,202,adf7347cecda26281b4a69eed1f1cdaebbc363abd78986ec96ad2d30a9e726b6,5f7ba63164d3303dc0776d8e2a115eeeeee378b827b387c43f83875ca6b05951
hepatitis_c_prediction,019d736b-9eba-79b8-8c5a-78d95163e286,19,0,405,203,b9a4bbd0efda398524b5d512d1bd9a37458626637af0c14f5977a5ac7aa36c7c,8d2a975ee52f537d95a1b7970758c6996cd7aa85ff786a87fe513e982b535c55
hepatitis_c_prediction,019d736b-9eba-79b8-8c5a-78d95163e286,19,1,405,203,0f11c656deefcf40efb862d3a016f3fecdf39f1c69c8e7473505d857e6b7abbd,1ff0c3782f4dce646bc2242eb05f7e2b0b9aab277379b37c60800d05d28bd062
hepatitis_c_prediction,019d736b-9eba-79b8-8c5a-78d95163e286,19,2,406,202,1d64810ba1bb91d698558a231ace768e986c6f74485391adf84d3fb1c94c6a00,a6f6022c55c010ac4fb77a6bc6967d2724de507fa54f87e0b954fad416507ccd
horse_colic_survival,019d736d-db15-7ad1-b407-b937aa958bd9,0,0,229,115,4a70805420361c184b431c786f68c8719758564865c0a3bfb3101099a1d1b0d2,7bf73e00319c65c66a139a576026ced56818563d183c99c811f417cc17241109
horse_colic_survival,019d736d-db15-7ad1-b407-b937aa958bd9,0,1,229,115,0287379d7529b2bfef17d3179c74503d7f5a3be76b9563bf3b58e977c600b7ef,64e711e9e54169f1d2a166a110b4b896b82981cf0359fef2157e56f2fa7751ac
horse_colic_survival,019d736d-db15-7ad1-b407-b937aa958bd9,0,2,230,114,a817b553c208e81f04a3f19ba7a85aea8d970cd746bac6515452f630ad91bfdd,d03c5c8772e5fd2531d7480b45ea2dd77f36df03330ffcf4c4da492c996e1a2b
horse_colic_survival,019d736d-db15-7ad1-b407-b937aa958bd9,1,0,229,115,fd7a8262b97babc67887397fc382c2ebfcf2427e11e0055bb6be26edd46dad11,5ee0c1cb30bfda815b67bccf688a5f35f158b8796aabed993b1d8ed270f75cc3
horse_colic_survival,019d736d-db15-7ad1-b407-b937aa958bd9,1,1,229,115,8650df1c0af10f20b32a57178a4ba855a1dad49dbff22d6639b469c4985ff0c6,f92b4e7fdc996e7571f1a867f6ef24bc69be9f10d9b640cec64ecb435ddacb29
horse_colic_survival,019d736d-db15-7ad1-b407-b937aa958bd9,1,2,230,114,7d145e9afa14af6c5233037a0d2d3e08d27b86e8fb26cf832392564bb474a350,b6b8155df4ba8f4a93ee755fb7baa779b5e38a19398d807987fcbc1c54e5a226
horse_colic_survival,019d736d-db15-7ad1-b407-b937aa958bd9,2,0,229,115,61c359eaa89ea32a3c076bbc0d7acecd03bbf894d92fc35c2ae1f365fdc3e34b,efff64b69fa01311c1b64ebc405af89acbf82f2ade2fb9abd93a0a5dfc038685
horse_colic_survival,019d736d-db15-7ad1-b407-b937aa958bd9,2,1,229,115,32c2fa5c8472eb9df1f45199178f49e27eccad59e040439ead476747b4e09a10,34a080247754423fedf3d542605da22af0962bc5378ae71f6401ee319de2cf2a
horse_colic_survival,019d736d-db15-7ad1-b407-b937aa958bd9,2,2,230,114,b84df12a88f386fdf91767f2affce953fd54806d169538441490100ea8f55c6d,0e8e2d418ab4b53befaa4c71ea97123c1940d51fd29b8acaf6b9bbfc8e610445
horse_colic_survival,019d736d-db15-7ad1-b407-b937aa958bd9,3,0,229,115,e05980478cbbb9013693dcd37dc8e9afc3e142a1205b84ee9c39de64e450d2a9,3446e8d17be8b12367a92ffd340ffcafedb4449f9caa76464d3dcc855c4684a8
horse_colic_survival,019d736d-db15-7ad1-b407-b937aa958bd9,3,1,229,115,c9b003c15ac9cb68bdcfcf082554b03e0a2d9dfa888381c2733a60ad80b4a745,a8ae1290a9f5c2a42b16304eb99552397b3b8cb5b8c26182586fe6a5e595c0ea
horse_colic_survival,019d736d-db15-7ad1-b407-b937aa958bd9,3,2,230,114,ae9adf41023cd7e207d9dd50f456e8175b586559a0d97894f150e2b7b7a23977,b2c6ee4bf91bb9973f341751ee87c9d0a2f0c6515e6258417b12d36c6c17ae36
horse_colic_survival,019d736d-db15-7ad1-b407-b937aa958bd9,4,0,229,115,b83d73ded1328e4186d8f6f9b85c57ace8ed1c318554486d4fed89c9e1661a1a,f09ddfa908368f1761d2902152213d18003150e2d53c7cc902b6ecc9f88d0692
horse_colic_survival,019d736d-db15-7ad1-b407-b937aa958bd9,4,1,229,115,dd269dcd99ab3f4fa09d7dbe45a7b7d0126296ef1517880d2b2cfa7190301911,9de4b68531d868ec1f036462b04c10165ff3c752ead845543384f199c2e5f344
horse_colic_survival,019d736d-db15-7ad1-b407-b937aa958bd9,4,2,230,114,e12cb7e80a35c4379af8ed7ea738b8e388bfe37e52f38baa22a28d7a61c89a37,628b1ceb935db3feee990ebcb5119c0a5c32bb9eff8056e6879bf87d1fb6cf15
horse_colic_survival,019d736d-db15-7ad1-b407-b937aa958bd9,5,0,229,115,1173fa57e677d0829f13a9a4db2d7c2297102acf29d3fabf8eaafaf4a946991b,ca7d50c5a6d46eae3e5211ce98a7f6fb7cc953c7cd38912ef90d3b98930469ac
horse_colic_survival,019d736d-db15-7ad1-b407-b937aa958bd9,5,1,229,115,d49471cf947bbf9fbd4b19a3ca78f1fb0e8d3a9c2d4f3cc2251292e14f111610,0337958f2f6b13795fd1600cc1d692e2ba40b152dcc0c3c57c47adc28a98da4b
horse_colic_survival,019d736d-db15-7ad1-b407-b937aa958bd9,5,2,230,114,d7fa6d887e2e997bbe4881a21894d6c1a98ddc2d6df1a07dafc646332c3e79bf,62ca6ba856f99e8e8784b658848a14ab4bbbb99d3011de70c49ffea49099d4c5
horse_colic_survival,019d736d-db15-7ad1-b407-b937aa958bd9,6,0,229,115,098bea7aee5b02f9fcd3899b2248731537749b9fb8e218498142077f3927f06b,434d580c9d94041c91956bc6c4c1abd8beb3d60341b1ba77ffc96e3d16a2e339
horse_colic_survival,019d736d-db15-7ad1-b407-b937aa958bd9,6,1,229,115,160b18276c76b2b2c4a095811a652f34522211a0a93d2dd9e407d0f3067e8072,aef428f567944bff2fd4bc4c37b20cfb85028467fb74a3a9034b5fc90b07177f
horse_colic_survival,019d736d-db15-7ad1-b407-b937aa958bd9,6,2,230,114,86282702ba85f6c285a852bc4219b1b070db78eaefe1e3c755666be99dc5932e,c89c30f0a66c5d3677534f8e25aa1a9c23439a121e7b45bf728b3e1a4b3de713
horse_colic_survival,019d736d-db15-7ad1-b407-b937aa958bd9,7,0,229,115,1bc95cc994b8e600fcc2fc765e7dc43576ddb9c42f3c8e80839d498f38a2536a,508f4729aa9723b70b0acba3eca4a42f348622c4e590cad3be771340735e804a
horse_colic_survival,019d736d-db15-7ad1-b407-b937aa958bd9,7,1,229,115,c13ec6fe2e90810c39e2fc8c0ca45cb221913d38eb2d1fb9e25c257b07d6e5b6,62a33503a108a0b6821eea2d968ed98d59d25549e66d5f46fe9ec1365843b944
horse_colic_survival,019d736d-db15-7ad1-b407-b937aa958bd9,7,2,230,114,616d726864be84fd21faf7c13e0babe96c1984a4ce66a86946360d5d89079ea1,3f31086851e3b7a283b0e4c7aba8715f568e447fb8d8d95fcb151fe8f87db0d1
horse_colic_survival,019d736d-db15-7ad1-b407-b937aa958bd9,8,0,229,115,7674774f301631b280c9c2c77220aa1578425bf947627eb7a00137c47a36e958,1329fcdbcfe2bb4bb1f3a2b585dadbe005b07f80eeeb7800b87bc1f261f35933
horse_colic_survival,019d736d-db15-7ad1-b407-b937aa958bd9,8,1,229,115,b34acb7ef36a7280d0ed1660b3f8715605b08f4994723195809310aefe97212c,62ac4227ffd501e21bb586bea21da6071f55f5a484a5dcb49d8be1e92a1dd86f
horse_colic_survival,019d736d-db15-7ad1-b407-b937aa958bd9,8,2,230,114,d94cc5b92f022a63e833c306a5af952d14e64c792ea2bde05c0eeb73c4efe1fd,6464bfe698733e86387dfd9b17007402efece7db6fc82af9ce65d35b38251747
horse_colic_survival,019d736d-db15-7ad1-b407-b937aa958bd9,9,0,229,115,21bd0a4e31eec8701898bedc765b45870fc1f9058ec81edbf30b1caada853b9f,a95b91373f74a8486f59b155634a8ccefdab7999a99b581b512992e06f969b65
horse_colic_survival,019d736d-db15-7ad1-b407-b937aa958bd9,9,1,229,115,3af21e3f64c0cbf94f64673078f1b85c8af270d5a642facde7ef2a7a5ced6cc2,32256fbcfd420eca7277833b59c6abfe85cf1dc15939d23340624fb2b54e1aba
horse_colic_survival,019d736d-db15-7ad1-b407-b937aa958bd9,9,2,230,114,4f5957e9f46643ad974a9f5a353ceeec507dab6077ee94fc4962db5188ced900,54a189ed240a9a07f3e3132013b240bd1eda8fd56579686fa858749e23bfe50f
horse_colic_survival,019d736d-db15-7ad1-b407-b937aa958bd9,10,0,229,115,d8be6e6814a9a3da067699971491e6c3d43645bd650800775044bd3419330450,e526fc4dd50173456602fc920842dc1d463a5c7124f726dd6aab57b3df4efb3b
horse_colic_survival,019d736d-db15-7ad1-b407-b937aa958bd9,10,1,229,115,2b8f16e5778248cdcd5b427f56f44d6d4df9d9682f56ab1c4cb745604552a964,b09be1c62cfb1e2f67ebbb80aba479f5695e14f8aefb02044729671176c31f43
horse_colic_survival,019d736d-db15-7ad1-b407-b937aa958bd9,10,2,230,114,1169f7acba114ea2748f72fd84d64b7d01182c404f7bfe0a198346bbd9d13697,4949c3dd7542142e607854f5ad7e1767daefb21f002bc510ff7d5b238e88e2cc
horse_colic_survival,019d736d-db15-7ad1-b407-b937aa958bd9,11,0,229,115,2e07dfeace9bb016745aea991443787be7da23a2b934d798ba991c2c5eae51d4,ef80d9df22b8b4bd120e10cb6836def3cd005403ead8da6f8a26c5d18ec6ce8b
horse_colic_survival,019d736d-db15-7ad1-b407-b937aa958bd9,11,1,229,115,b43f7f7342d09b7fb241dde9bf7647bf5e8f9aabfd20ad74c953e1a78cb8e3b9,4f60f39afbdd0c80977e92303ed3444d3351c5dae2a3b94fce1b4f420c632429
horse_colic_survival,019d736d-db15-7ad1-b407-b937aa958bd9,11,2,230,114,7a8641cf053787631c672544b08235dc44c6f40d33b56b47cc14c564089e5eff,03c349139121035e4594d5baf69786012ab3cc06ef322ff0b7ca4a1e4745a3a7
horse_colic_survival,019d736d-db15-7ad1-b407-b937aa958bd9,12,0,229,115,45d3355b2c1d8c83a8e46a60e0c60bb7862db15673d5b1021befe5a89200364d,c84bd8b367323285493b3c409e51f7425409bd43836c19ec88d9ad63b5a6f252
horse_colic_survival,019d736d-db15-7ad1-b407-b937aa958bd9,12,1,229,115,b38d7c3676d261e05ceeb4181b85e959946b28c04cc42f352b2bb0c8dacef8b1,3e2f58d2aa3ef7b1790badc55fc5ab0562e5478b2b74902fcef11c2f144cd431
horse_colic_survival,019d736d-db15-7ad1-b407-b937aa958bd9,12,2,230,114,f3d5aa13eba746948ff2f4c3b6bfb12a89980f9e1ae1c713c56fadc1e060052f,077c173f12d93278cb033c8c9bd7b284684249926b7e43c5acbbc81c2cb73566
horse_colic_survival,019d736d-db15-7ad1-b407-b937aa958bd9,13,0,229,115,f15d1e7f7319740c361f0e49957932538e8915f6219590b4099ce5fc603bad11,162e1fa0a5769ada9eb3f8cd2209c55be6a6a2050fe56206cdf2a26d6fe8402f
horse_colic_survival,019d736d-db15-7ad1-b407-b937aa958bd9,13,1,229,115,bd050d7bcbe8aed00951c9000990715facf7877911858000dacdaa5360255b59,08bf6751c8b2a422c09548655b59a9d385b1b372f21c421c3dfb818fb2549138
horse_colic_survival,019d736d-db15-7ad1-b407-b937aa958bd9,13,2,230,114,70ea134983d3341ddb1c3653df7b6352b8a392bec5ebe2bf9f555b0fe71711eb,11da8d754deabc0ed306a12ba274c29e221547f6fe4769496e8b17eabcc895e4
horse_colic_survival,019d736d-db15-7ad1-b407-b937aa958bd9,14,0,229,115,d42e608a55fd9656f9cc93d51c77eed04794555bd32df42c469e4ebaeaea5d0e,8a95e74686bb82ed2c1a94af26098ed2ff6ca164fe6eded02c6b6b0289a2e793
horse_colic_survival,019d736d-db15-7ad1-b407-b937aa958bd9,14,1,229,115,275f8cfd0e379f9bb0b0244765e7395dcbcd8337ed2ad5e29330c507426c5280,6d5ff64a38c08eb5189a081c4e372f380be2556970a05ea7fe9c15a031c67f23
horse_colic_survival,019d736d-db15-7ad1-b407-b937aa958bd9,14,2,230,114,eda7f9267b46c8c3dd2965bcf841a8c2330801f4eb73000e38b305ed52ff24bc,d60d37b2461ec840383f307e9da608d04696ce13f2bb8cc8dbdd32c5710c124b
horse_colic_survival,019d736d-db15-7ad1-b407-b937aa958bd9,15,0,229,115,d8c3edbdb438a9ac1e46bb8314dd44a69403b86d18a1150e1ee605fcb3d5fe55,8483f3efe1593e6c831ff5a93f162515cbd11f4f37ee50cf3cf12cb8103b0ad3
horse_colic_survival,019d736d-db15-7ad1-b407-b937aa958bd9,15,1,229,115,f6a2f2cb2732b3466f80204138b960116976e494d0c888e9536d45eaa5ea039e,9bcbbd4c286a73465c65694890125a9861d35f1420bf6d09f02af79af32bc726
horse_colic_survival,019d736d-db15-7ad1-b407-b937aa958bd9,15,2,230,114,57a58998d79b6d71a33549ea4975025adbdd9d5965f01f7778076d477f584db4,730dea0e127917f8b07a23faaf371dec878fd6e8e657492e75d8c1418426c025
horse_colic_survival,019d736d-db15-7ad1-b407-b937aa958bd9,16,0,229,115,78668186d3c9d965550edf07630e3f8e0fa23c60a787a157e31f28bdc6fe16be,21935eb957864a5385fb117c7e551e4fd54e9498e83460897c1736230b0ba40c
horse_colic_survival,019d736d-db15-7ad1-b407-b937aa958bd9,16,1,229,115,140ede6372f1d915879ccdd81620285af958d3645d0c82065f8b8cdd8fc6ae0d,515bb36221ba34117c22ef46efb80d4d78b1993ae14dd678951b19b4d02700a4
horse_colic_survival,019d736d-db15-7ad1-b407-b937aa958bd9,16,2,230,114,e913253d7c992ceac5b7dcc25c55800641d41cbd7d7e2ea346203b6c1a995c76,2f3bc8a049fd71384301fd00128aad8774bee0c4baefba900342823032049eb2
horse_colic_survival,019d736d-db15-7ad1-b407-b937aa958bd9,17,0,229,115,18c1c5d39fdc77aae3707ad5d49a59a7232448ab2a69cdb892e492c59548dfd3,6ddfad0f53ac297326878da1daca9afde6588b640d598b5ec11312f8cfaf3ba7
horse_colic_survival,019d736d-db15-7ad1-b407-b937aa958bd9,17,1,229,115,0c2d990b88c3ee7242e91afd20970bab4668dd00234f07de369c9eb3a5cd13f5,4757927052b2c89cc96e648246a7d471a98f5e7b59ee0cf5ca0d4344acd03088
horse_colic_survival,019d736d-db15-7ad1-b407-b937aa958bd9,17,2,230,114,26cf72ed54176eb78a78cde54805a9c82266427594effb852c84dc366cdfa915,4ef4d85b81f9f612b24d2fb67be6eefa25d0371123bc64a6c0286e74f02c23e5
horse_colic_survival,019d736d-db15-7ad1-b407-b937aa958bd9,18,0,229,115,b4b194266dcda3f29e026732ed98242d8727f37f65d9ca304eeae054ba965534,c2f41dacc2e17b943c93d2ecab5005d41d40e2a790bbc50489efd9de0f233493
horse_colic_survival,019d736d-db15-7ad1-b407-b937aa958bd9,18,1,229,115,80f619f32a155fa3a631003afb930d1e366dc073741f5ef14ce6a610ccecffb0,94814057d94960da611dd26750e7c31b4f23b6c7918dff1881891d03ae51d4f9
horse_colic_survival,019d736d-db15-7ad1-b407-b937aa958bd9,18,2,230,114,1416467c888c376f6f5178a86ba8cf647a496588f83de663e1bd7e196666343f,1e3ab15c395943ac97be26c4700721b364fe5e73e706a7e898976c9b5629b3b4
horse_colic_survival,019d736d-db15-7ad1-b407-b937aa958bd9,19,0,229,115,64a00ca883a605f26eab82cba4114b3a3e5c5a618e366d6a8c14a62b5b0d9d36,2f078d3d595cf778ade23fb274926752419440bf65158e970676edfd23f8fb2a
horse_colic_survival,019d736d-db15-7ad1-b407-b937aa958bd9,19,1,229,115,4e3722770a966f9142dfb9b41b58dbeff6a6a5b79e8b83d37185714d0cb35b65,2e70246b5e972b1ab8d5b24764841870ba07743c283aaf85444c85ec7e3347e1
horse_colic_survival,019d736d-db15-7ad1-b407-b937aa958bd9,19,2,230,114,784bde71c3970f8e3915d6e0677f3b0391e81d4dc702b91d65895e986a76ca91,a22760697d3dd1378d7883deebada333f5719d82288a8eb0235fae28bac33fd2
maternal_health_risk,019d7368-bc0d-723e-a4f9-abfd36e085e9,0,0,676,338,e692abdd1890f7f6d30e44263625ae9b55cfd86a703c4031aeb9248072b98dee,d026ffd96f815cc54a3c7094607c8d8566296d7c71f337de879a77833a49f221
maternal_health_risk,019d7368-bc0d-723e-a4f9-abfd36e085e9,0,1,676,338,4c5be43f9ac5ed4f270c0656ac32535e0a30d256420c3286bb37c4fd0d0f0e03,8e86e6cdbd64a6b76a25ebdacb92f90c66c91b5390d02bca7dc2963e08fc56fd
maternal_health_risk,019d7368-bc0d-723e-a4f9-abfd36e085e9,0,2,676,338,65d802a218daabe58e533923cb0de04f2ba05e859467932a17fc6f389b91a900,38be0596435f8d5ddb4faf0f2f8c6483436885be5d24cf64e81cf922a17a3eef
maternal_health_risk,019d7368-bc0d-723e-a4f9-abfd36e085e9,1,0,676,338,24c4ec574ed5f692d33100a3b8624c1149fa14c70f65d9b2e816914d9fa9db64,e00b00f96b2c59e7a42f665e4d566fc81a3d524124f67e800f61ab3ddb4d6d87
maternal_health_risk,019d7368-bc0d-723e-a4f9-abfd36e085e9,1,1,676,338,5239d17129b58e56c3e751294913c95c70206dea2e989478db7298bfb9258a9f,aef735e10d9e45e32c5e3fa5b0fca0fa237dbdb578b656e0e8c68e4abcd333c2
maternal_health_risk,019d7368-bc0d-723e-a4f9-abfd36e085e9,1,2,676,338,fbaa27904ac2c3d81a2826cacc67a48db2b39d0f1c1147db5082b70dcf0ee5a8,34eebd1955df616ceba8352734d6fb43851ef6460b0d4da4fc6a50710a30bc3c
maternal_health_risk,019d7368-bc0d-723e-a4f9-abfd36e085e9,2,0,676,338,cf61fbcce089d91c28121bd976efbbb385c6f24e8f6b54f653bc4321e0dcd6a3,2531abc40cf20fe70f8415745c7c0b048a03cdc4832a94749446e573f2ccb3db
maternal_health_risk,019d7368-bc0d-723e-a4f9-abfd36e085e9,2,1,676,338,76975a9c61344183cf25de3d8f5f229cdf97aee7ab2b1292fe7d307e6f12f5f3,cdf16d062f37ac35eb19ae777eec70f7f19489ad35704723ef3df31b0f8be173
maternal_health_risk,019d7368-bc0d-723e-a4f9-abfd36e085e9,2,2,676,338,e54c37291abfb8c6de4c04862979a45ff55431d428166c13415195edf3d5c591,a07f1e199d1227f21f8d254b3978f417e2c1407e4ae1312633ad178fe0c18e68
maternal_health_risk,019d7368-bc0d-723e-a4f9-abfd36e085e9,3,0,676,338,e8fa877d7338e7459a51184e74c6f3a56937ed7571dc7040fa7649adb91461a1,4b6fe568509160bd7ee37dbef1134fbacf9a511daa83e52e00ad46fefa70b408
maternal_health_risk,019d7368-bc0d-723e-a4f9-abfd36e085e9,3,1,676,338,5b07bf2f99d376279fda81521dbf91e6473a5342546b01b1ca520acf624b02bb,db392b9b600934ea881cd56ebc8cc841ce4e2026fd15b647d9e77faf476b94c1
maternal_health_risk,019d7368-bc0d-723e-a4f9-abfd36e085e9,3,2,676,338,c519e027d4f755ef1aae8a73a9a09818e69f9c48d56dfa30263253182d912773,5f9d8d6ef2cac8ad23bd33ae0494efdb770aa1ce19ab1cb9181cde66b5913a48
maternal_health_risk,019d7368-bc0d-723e-a4f9-abfd36e085e9,4,0,676,338,021ceb4baedf8d76e66712ac449bfe7ba3de9479ee93bce73bdd916eb0c6aa65,dbcd8e978c43acbd0c8e335485081f95f3527f17e3f93bddcdbefa61161998c9
maternal_health_risk,019d7368-bc0d-723e-a4f9-abfd36e085e9,4,1,676,338,f78bb42269819b36d1bdd81c4e284918599f51d7d9f497ba5682d55b9dc7be2d,985c9d75cd7fd86d22ef1b3b3ae33394ec3b1722e7c77a4e389b89ad9ff9f7e0
maternal_health_risk,019d7368-bc0d-723e-a4f9-abfd36e085e9,4,2,676,338,38cd8b71886c7697a8363d11878d9a81857d861d3e6d15a1c887a3e49d63ce60,5bbf6e242fe0c3c5406624f94261b041325330a02608c784e6099ef5df2db78a
maternal_health_risk,019d7368-bc0d-723e-a4f9-abfd36e085e9,5,0,676,338,e7d67c74d6d2323dc52dcafcb6e15b8543916da222ff09e281a6e790cf225d37,259e0d917eac2ea9375a3db2aaec9c6664abd5c0c87099d5debf51db390e20d9
maternal_health_risk,019d7368-bc0d-723e-a4f9-abfd36e085e9,5,1,676,338,40ff74f78d5ab1f0ce2a38f0337837da4e815a279bca612cd8f9a7ba35f674f9,ba5d0df5a2093bede2d20d7998bbaca838f7e4267a515b47d24f2ed24e0b6457
maternal_health_risk,019d7368-bc0d-723e-a4f9-abfd36e085e9,5,2,676,338,0b8475cb280c18fdf93adadcee4a0bbfe79fe88528ac18d7aa12393a0f965274,8fe17468b73c73fbd21ce1b7d3dc3174681831942194d30f4a4834ec39d3e532
maternal_health_risk,019d7368-bc0d-723e-a4f9-abfd36e085e9,6,0,676,338,d5f5e0aee0fd356d8d1dd973e82acbca953f00cf884174aa02865f988fff3b68,d1cbd746d736f8519221e45622e6afe09e407185731a9cb5643bd8a4fac4e2c5
maternal_health_risk,019d7368-bc0d-723e-a4f9-abfd36e085e9,6,1,676,338,fd055d3ec154f6f28c46a8475531d97074a7c1d5b144d5cd7143f8d4a8e4bbdc,f69ab61606b10cbaef1276dfb00786613757828399c1e4009fcb766c41f742dc
maternal_health_risk,019d7368-bc0d-723e-a4f9-abfd36e085e9,6,2,676,338,6f168bf8259b8377072f2f5062004548f39f569047035e6399d14e4c18f70478,4fde728a250bb1e7ecdb08bed735e3681b51285ac72c85442ad4c28cb6eecc2d
maternal_health_risk,019d7368-bc0d-723e-a4f9-abfd36e085e9,7,0,676,338,e8f0180b73405364abe5c5a4cc1225ad186c2af9db3cf23ebacae31767b834dc,b147875c14e79468aa4fd0eb9cdf54f8dbdc5b6891615c9768d2205dbe9a9ced
maternal_health_risk,019d7368-bc0d-723e-a4f9-abfd36e085e9,7,1,676,338,562e273b562cba706fe9c9bdab38e004c64bb60e73456caa2a06279729fbe884,591020f565682ffdbead147ec1983fe0a7501e28d3466faf52c9e3b37adf9512
maternal_health_risk,019d7368-bc0d-723e-a4f9-abfd36e085e9,7,2,676,338,92c03cdf94d43b1d352247841a973c9d8071dac9c8f11f76f0b151ceb8a91626,ce4ec9dc68a09d3bd305e7c804486f84015d4cc7a8a4ffb7ff9ccff32ee84fcd
maternal_health_risk,019d7368-bc0d-723e-a4f9-abfd36e085e9,8,0,676,338,8a26e5e5f535fc6208b4fcfb5aff7db1c837cc85bef6b1c1493a028dfc6ad1ff,0923fe4ab0aee59a3d84574f8cd1f357b947ea27428dff91b10d29c4f5d892cc
maternal_health_risk,019d7368-bc0d-723e-a4f9-abfd36e085e9,8,1,676,338,a8c20243ca5527253df2dd2e7f0c860f86a46403498bfbd8150047e847cb3dc0,6aed5f7e98033b8118f7ad0c7bcd918ef917dde1f2960637372923ddb2a8c095
maternal_health_risk,019d7368-bc0d-723e-a4f9-abfd36e085e9,8,2,676,338,2d30e5299bed2674fec13819c8ed04ae1970c3941a7fd88ab6ecb19452970690,fc48004337974c573d7eabfc7bc83a6e8d3f721f67330c93cfdeed202516f84b
maternal_health_risk,019d7368-bc0d-723e-a4f9-abfd36e085e9,9,0,676,338,04fb7257e3267a8b25538e505255e720868ae09a7f2c5ff469d01129a2b0ce19,e19a61ef94864a37f6d0eeb864154e2b377ebe33f59893c22d3a57de48fa97d4
maternal_health_risk,019d7368-bc0d-723e-a4f9-abfd36e085e9,9,1,676,338,47f874f61ae40936c6e1ba3e83d8a9364fed6a1801de3aab3da10514dfbce6cd,3af4244350e9ec22e4ce53b15a0576dda78418b8a0b2793f642b485de46b2419
maternal_health_risk,019d7368-bc0d-723e-a4f9-abfd36e085e9,9,2,676,338,0cdf9698692f7a0160121dbbdf59a29339c1878c1d3aff882eb01008f12878d7,4b56ae6c97c2624d845afdf8bb1963ccbed0832e1ffa87e3c7972e3294bef023
website_phishing,019d7369-f10c-78e6-bd19-b8b0a72399fe,0,0,902,451,a2b5c6fcd2a92f973f7d073462e4c6ba90400219a98863869d4daa051b5fd9c8,464d7fb70eb6612ccea0ebf7070c7184497357b8f183a5e7baf13e582a49a515
website_phishing,019d7369-f10c-78e6-bd19-b8b0a72399fe,0,1,902,451,86557676150e8d224579386e400feeba0360494cb533ee1cdb381d0b2912a8a6,0d50a647e7aa5c59ef206ba89f7b6287a20ee8da41651b0a43c8528b48daa119
website_phishing,019d7369-f10c-78e6-bd19-b8b0a72399fe,0,2,902,451,b2926be50311f5f12a261f476411187fa0418483699062300e403831e524ed30,99c8b579b681db943bc02765a88f383f46811acbec784c02da02486a8ef6a956
website_phishing,019d7369-f10c-78e6-bd19-b8b0a72399fe,1,0,902,451,893ad70ae74938bc822ac5cb4ff0c9295500bd77c7343f54a68668ad31d158c5,73c30d2f9f35b0ff1a29321b3dce7520e3d8cedc9e87ed7536ab55e6ad20ad0d
website_phishing,019d7369-f10c-78e6-bd19-b8b0a72399fe,1,1,902,451,48c29f2ca8947306cd38966c24a5c3cd7c1f48025c4300287ca34f8718bd65fa,f0193925d55613a781b6d58dbedcaf6358eb60a62c22b94c7f03d9eda1589d46
website_phishing,019d7369-f10c-78e6-bd19-b8b0a72399fe,1,2,902,451,3dc5d98338b466f9bffa94596e30cc06d84cc319c3bd076ac258f268bc7745bd,5d931d42da6e2c9b9c47eaf913f6ec74747eeef3e32bfdcdae947b7e8747ff78
website_phishing,019d7369-f10c-78e6-bd19-b8b0a72399fe,2,0,902,451,abb82f3cf18587021f7c22b5997b45dcd71946996263bbe60d6b82fc5209d02d,ef1e36f011b6264867aa3e857d22e388f65b65cab93e35299685e89c55734604
website_phishing,019d7369-f10c-78e6-bd19-b8b0a72399fe,2,1,902,451,ea08970d7ebdb04b63aac49693c2794139adb64faae6fefeb38e4a7172c77d58,22395508a3696dab2459ba2be86538dae214dcb65cc5c56b5fea26f533127732
website_phishing,019d7369-f10c-78e6-bd19-b8b0a72399fe,2,2,902,451,549f4e5d823ef9d72a443aea3158b677a31d6df9a6ed367831cdd9ac0912e89b,24b6aaa65d38d94e004c2ac05df159575b5dc3d0ee4af39369c7cf45ebd9db40
website_phishing,019d7369-f10c-78e6-bd19-b8b0a72399fe,3,0,902,451,df12bef770314cc0bbe650f2622c36652e469a1a9586e08bfd8b8a3098f3cd38,1d6613ea8a3dc8fbdc0551722e4e2b15cb9e4643138bb57f2e7ab144455e7b62
website_phishing,019d7369-f10c-78e6-bd19-b8b0a72399fe,3,1,902,451,f12de959431df21a5a2d586829d955db747fce92b26e4e9ca8bd7c14e8961be0,23b8767dfae4c9a3586241295980070a078163d7e4ce1990993d395f8d8615ef
website_phishing,019d7369-f10c-78e6-bd19-b8b0a72399fe,3,2,902,451,e1d7e8ca1f093bc33331655a6db7f4321fad2e54d789f7ce49969c8a5d5be196,388108bbb00684f8eebf43ba7804b9e9d466f4c8987c1ee77b28c302fcf6b163
website_phishing,019d7369-f10c-78e6-bd19-b8b0a72399fe,4,0,902,451,69dd542f1af4d56411bcddebf42c3473bbcbc9dadefff1861478936e595e97cc,2a29deffc270baae70b3a3d78c7af5a16d155f82bda8589449db399fd7e58a6e
website_phishing,019d7369-f10c-78e6-bd19-b8b0a72399fe,4,1,902,451,b21621d64e46e05b531dd58f0a523f5cbd3be99a6c2ad45d3144d95dd074db3d,e413603c2a2a5c0beb5393091cd1d9d630ad694e5b6b5a0ad9541b90afa76917
website_phishing,019d7369-f10c-78e6-bd19-b8b0a72399fe,4,2,902,451,3c3c1ffca0b5a480a7054a2766e0e5bba7676581e06ec358f356052625d3c71f,8870364c91727c094cf108a1f267e2d8c292f2ec37c7408170b4139e090c5404
website_phishing,019d7369-f10c-78e6-bd19-b8b0a72399fe,5,0,902,451,8c17f02beac64668690153bb358bbed289c83fb610537787a75c3d8e877dd3ed,b08f530eb603e06203be79037457abb56448478c1cd552608a849d648a33324f
website_phishing,019d7369-f10c-78e6-bd19-b8b0a72399fe,5,1,902,451,bbee01bacb390b4b4f5b651d2e2baf99bb31ca23687ac2032f7b28d8d9f3a360,ac203d1f1c9c69dc87e77c53cbc66c32ea011ad3b0d4c949764d487964d68872
website_phishing,019d7369-f10c-78e6-bd19-b8b0a72399fe,5,2,902,451,3c8dc36a7a11f5926401d90b8ffaf5bc9a1b1b0e9b8f0d1121be8affd0bf67a7,b77e2fa32bec8af7603eb7047057ef63427554fc7c420cb1d7dbde868bace082
website_phishing,019d7369-f10c-78e6-bd19-b8b0a72399fe,6,0,902,451,c89034f71d066a63cc61099931b554dd6b3bdae6bb7742c526978fec2febb724,2dd19ad5e6a2e4f4c03683f7c57c2a9dcfb9bfe9218c5f265ffd65dc6a834ab9
website_phishing,019d7369-f10c-78e6-bd19-b8b0a72399fe,6,1,902,451,af7e55f3bc7223dba6229e4884fc3e4b746f24e0fa61618211cf1dac2db1d095,1fc3ff677d4591a4c30aebc7650a9796b3f9e7129ad36886d1ce804e95f9b9a5
website_phishing,019d7369-f10c-78e6-bd19-b8b0a72399fe,6,2,902,451,341ed537e0280876eeff274d96384446769138e727169aa2c18c62d80dc24e3b,c62b42f7fd8d8f0930f29fd5b2380ec4214a73fb8d727218474db1b4eb6cde40
website_phishing,019d7369-f10c-78e6-bd19-b8b0a72399fe,7,0,902,451,4d8e679224ecf6e3fda52cf0e0e5981c932feffe39b50c082975a528cc2395ec,49d5323df6dcde19b19d425062beae9dea2ed7916e2f39caf20103a5bddb242e
website_phishing,019d7369-f10c-78e6-bd19-b8b0a72399fe,7,1,902,451,8a7808bb136e5fc18120cae28a1b099c2b4e80a2b7bb7d3507f974055c9ecf45,64a13368c2751f29c9f6095f10770a4c30825f1d4b716702726e2ec8866fc968
website_phishing,019d7369-f10c-78e6-bd19-b8b0a72399fe,7,2,902,451,3ee8ecf73432774f4e6dcd4e4ba488251435fe727604d12e8914d53b8dc44fc9,3e06f5eecb195bfb80e6f4abaa41785cbd2de929f92226cc188ac6e405ac31fb
website_phishing,019d7369-f10c-78e6-bd19-b8b0a72399fe,8,0,902,451,f0c24fa801c1035bf19e32bca5ea5e00f2c9fc73a13b7c7c24861f0e3177a90c,26ad1d2fda6cab4506d483064da52b1ec99e7e8f3b212fb49b868dc070c071b3
website_phishing,019d7369-f10c-78e6-bd19-b8b0a72399fe,8,1,902,451,6b2934d3aff5116bcea44b4fb7dc62c05a77307632fced03e1dffb1b89c179b5,4563bd90bf0344157100e66748e079ecf2f58b9f2d8f74ca720003ec047472b3
website_phishing,019d7369-f10c-78e6-bd19-b8b0a72399fe,8,2,902,451,d7751694719b64ebe7e2c9321941db4aa9a9055aeef97cd933f945b35e4068b7,974d842d40ff07d7fd22f475d2dc2998bbe5a491124cbe93fc42df2d8b72ea6e
website_phishing,019d7369-f10c-78e6-bd19-b8b0a72399fe,9,0,902,451,109984b53e89bb77b517a74d10e872add09c336a9bdd479b40fcab6583a60e60,3c706cbfc331b5f4030e8c898ca72015b0282934fd27fc712ad3c70f61f2a9ab
website_phishing,019d7369-f10c-78e6-bd19-b8b0a72399fe,9,1,902,451,ef232fc1d55cee4d38eb3ad089d85938e615beaaba8c6fd0af7a316fba6dcaf3,89b625d95f69a45c4d7b6ce40eeec8946acff0671a600013dd74fc6f5e8f8af7
website_phishing,019d7369-f10c-78e6-bd19-b8b0a72399fe,9,2,902,451,578aa141b66c025045711213c68c0419464e11cc41fd1cc190e29e69ce3af3b5,f3c6a605a3035e1b51aea3b19d703932e6f9ce10d29e5cb4205bc188f42a42f1
cardiotocography,019d7392-12c2-7a87-991c-13a7246555d4,0,0,1254,872,1e069730e4b55e00b50bd9720f0cbb4c40390388120022a7e4a1a89cd280728c,779ae5c3e515396ced37981d8796824dfe6329f1b37a542decda541084fd9cf3
cardiotocography,019d7392-12c2-7a87-991c-13a7246555d4,0,1,1544,582,f016bfbcb69774e5179873096797d5afa9c7d838c54697909493ee4cfc39b944,17196127f618737d235326176ee7185cbd41bc1eaaad86de3e5fc47427386ef3
cardiotocography,019d7392-12c2-7a87-991c-13a7246555d4,0,2,1454,672,bd362c54db09f15a34ea8f44fe7e9a4ca85eabf347743abf499e7ff7f3d9d5ec,d960b321ff4fa26878bc92a158199667dbb883c165c87a8a16104e618d411694
cardiotocography,019d7392-12c2-7a87-991c-13a7246555d4,1,0,1448,678,2281295d31303d77e7ac3db12a77aa903f7ff3c4f6a62acee7404d6bf933368d,2b829c4b980881ef81db474c34d9be6f541b2bc1ce7d59f8899725b3387475ac
cardiotocography,019d7392-12c2-7a87-991c-13a7246555d4,1,1,1398,728,61fa5f18b7068b9b282cb40d26fd9d2535a3ea5cbd5987fac9bb763454216cce,706adebd138ab7d05ebbd87df77553c9536ce684b76bc413116024cf2dfaffd2
cardiotocography,019d7392-12c2-7a87-991c-13a7246555d4,1,2,1406,720,2c974310d0ccad1bb78c67bd29004517b158161b1cd2b7eb3700fa85d87e60a5,ea369ca8ba02fb78f03dd5353f7122b15cfc126dd3f403675bdc1cc58bd315cd
cardiotocography,019d7392-12c2-7a87-991c-13a7246555d4,2,0,1479,647,3f8b169fac3275261f4837f40018fbfc4bd9af248935d05542e058d694e13ca4,466ad8a74f4bbdb9f523ceafea48e28d450f0bc0c7bcfefabbd576de429be505
cardiotocography,019d7392-12c2-7a87-991c-13a7246555d4,2,1,1358,768,36a970ba77d55e30744215e7649baef174427b5f000061d49016da9f434ba020,51194c4fe696bd1d6529ddd78042c302ea13aec77698b95566e6a8273ac5379d
cardiotocography,019d7392-12c2-7a87-991c-13a7246555d4,2,2,1415,711,152370fbdfdb1c500b74a9192a469ff1678d4e5d3d3fef55d6f9d5e09a6274d7,fe14bf6153fd48bf6ae66f890706ce187cdf7e9202f2a71235add6ec77612b05
cardiotocography,019d7392-12c2-7a87-991c-13a7246555d4,3,0,1450,676,18ede0e71d5b12f61cfd23e46f706adc326c3f33952ca715a9895f867103c84c,30d2d5e80864e510b7e178af6099053e599964cf7153e6c553ae327be14922bf
cardiotocography,019d7392-12c2-7a87-991c-13a7246555d4,3,1,1507,619,77e2d0554530a66f122fbffe6dd128233d53c8117bb6857ac4f77cd9c21db220,f76127c39b2fec17539f292a027e4c346f64084aa082fa038ef8a6fc1b5b02de
cardiotocography,019d7392-12c2-7a87-991c-13a7246555d4,3,2,1295,831,120a64507e655771fc52376cd5d9a7183c12edc22afc7510c8e25b28d3427f71,aeb5cc9361ff5e738ed9e7a9a6245f66a0cebeb3b575f147147a7daaeed21851
cardiotocography,019d7392-12c2-7a87-991c-13a7246555d4,4,0,1285,841,37bd4d98b6465aeb063838c67c9ebf95d3d25ee8d669017e73243037252001e4,588aa6d35835fc88549040fdce4040efd3aa277e283aa8f6b18f59c6a879d55f
cardiotocography,019d7392-12c2-7a87-991c-13a7246555d4,4,1,1466,660,2d416d62a09112210732891b02f8a02b1e5185777b65a112c2ea9702831bfcf8,b14a34fa04abadd616b166ce9e1e331a79d1478d52ce7308e68e9686071b9d76
cardiotocography,019d7392-12c2-7a87-991c-13a7246555d4,4,2,1501,625,60af173c7a3ba9464160c1ffeb5fc868be7e0c4f0e7ebca4de1dfb5e94617bee,8bcd1466f8f920242857fe4306bc3f30e0b6018f3a30e2e7896d23c52def356e
cardiotocography,019d7392-12c2-7a87-991c-13a7246555d4,5,0,1426,700,d8730e86f880d864727cb9f00176decdccfd4ba7715d485a37467ae46e6a6051,8327d002a4e3848187b1890d71944b4e465e633d19e4d2c192f36ea5cc6ff0de
cardiotocography,019d7392-12c2-7a87-991c-13a7246555d4,5,1,1318,808,af72b101f83cfcb04b267020219701cf778fd2189a47699fbc93812b3a142a85,49bd42a8e90b521e1318dd80e27f8be3a333fccedacbc75314a936d33bbf92f9
cardiotocography,019d7392-12c2-7a87-991c-13a7246555d4,5,2,1508,618,f1906124a5bb57bf07770aa33877b01d932ed98e4c18b0f4d1497a9488357960,959a6ac4ca0dd06199ea4b3095587f115415ba05378b0abea65497bf1e15b6c1
cardiotocography,019d7392-12c2-7a87-991c-13a7246555d4,6,0,1568,558,488dd5665eb3099e2593d1eaeecb70b66608b604728b29ee6567cc677749888b,710624d06029eeca68361715b2a9278a63bca9334c052016f80f07f51393bce3
cardiotocography,019d7392-12c2-7a87-991c-13a7246555d4,6,1,1316,810,c6b3c1c3f43f0cfd58df7a69b47047c8ae6dd7f1486b552c9e3d5d2d86ea1409,9b1500a44e45baff52d719c16e9c44158c44db906a599711db380b1ef0938f82
cardiotocography,019d7392-12c2-7a87-991c-13a7246555d4,6,2,1368,758,38484528ef7dd0e1ab9adbedb54301709b39914de319ed65205f895fb1c37124,23c2a118422b48191637fdd3b4574bf83912bba6acb61ec2b2ae4967178b6504
cardiotocography,019d7392-12c2-7a87-991c-13a7246555d4,7,0,1450,676,9db3890ec1ab2342cb80932ea89a0d93808c4ff110b5c27243c7c2d34792f7ee,f19cc2096ae9a6d964a85300705e051c4aade573af7efd3f9842b43b9792939f
cardiotocography,019d7392-12c2-7a87-991c-13a7246555d4,7,1,1456,670,32d0feceaf3cd74aac28c51cdabf060a833c70e05d2c3af4cd4ca9627b25beb9,8613cf511305f5c4fcc3a4f25205a11143a189910f66ab0646fa9408fb9ebe80
cardiotocography,019d7392-12c2-7a87-991c-13a7246555d4,7,2,1346,780,6a99b4cb5b904ed77ec7277c8b3aa20037b59231d7927092a8717575289f3763,0878025984df56d96b2665fc205eee26a9b7d90541ed57ee83e4f18c054ffae9
cardiotocography,019d7392-12c2-7a87-991c-13a7246555d4,8,0,1434,692,8f86c5e532f255a454a99db6df07b07a8b78bca9904406a921c7357c88caab2d,e573ffa4d2d6954623dcba76f768d49f6c8ad3e260660b2bd5d6b1806957faa6
cardiotocography,019d7392-12c2-7a87-991c-13a7246555d4,8,1,1432,694,75758f9281a1e871cc0d2d45100cccc15d957127b03ac3c40c4a65d5023f2cf9,faeb125239b895bec7e9a2931b00ddea8ab681d26d9075c40ae49d80ac078a58
cardiotocography,019d7392-12c2-7a87-991c-13a7246555d4,8,2,1386,740,2281bf2d87d781738be622c5f116262ba641a9d8c907780920394efd9737d370,e1f6e828d33b4ee6cc9f67c51f81d37de5771013306923e2fbf5a733f85064f1
cardiotocography,019d7392-12c2-7a87-991c-13a7246555d4,9,0,1344,782,136476d2c1c5658b77336c74166a3210ca73d7d8c073f1e9b854ecf8ae3d3b70,ed3108644315d50c4bee1a8fdbe48c6d32a440b1b1daeeb91d104867d2ebb519
cardiotocography,019d7392-12c2-7a87-991c-13a7246555d4,9,1,1502,624,6980d0af7b1e642e0b6b0a8218449d23e873bcc05123fd231d0164846035c189,09dff7755f4b860be41813e2d9d4e9610235881864463978c42dd9aaf32fc506
cardiotocography,019d7392-12c2-7a87-991c-13a7246555d4,9,2,1406,720,229eecb3f0355300ec0cab4ee1f276e270d80a224cf14eb4c206388179ffb390,2bf97b612af2bb99af46581200604ad2d385086027eda8a2341ea92e629d3a09
dementia_prediction,019d7391-61e5-7cca-9a66-e85718233be9,0,0,250,120,9f9c9446add002f1d3a7517f11bca5a2be2b0b1be2e47055834f1a9922e9ab1c,d191c3ff046f20ece9c390ad534851b408bcfbbea17e91fc6b42f33c86a497c2
dementia_prediction,019d7391-61e5-7cca-9a66-e85718233be9,0,1,256,114,a7988f61af8491267a28d6cc65393608f8770484c8f9c60810d617714977e43c,dfbb31ff8ea18e8d2ba200dfbd5578c700a144aeb053fd1112be2bb2323d83d5
dementia_prediction,019d7391-61e5-7cca-9a66-e85718233be9,0,2,234,136,df9d21baf194958f90894c33055fc94a88c61621242036cd4c548aba18526920,3bfa3b1697e64621efdf90e890c5d9a0dda271fef0fb89756553f96394df4687
dementia_prediction,019d7391-61e5-7cca-9a66-e85718233be9,1,0,252,118,8e4e33af340f1f8ac544e4e5da636b3ca723d3b8c059185195777ac5192f6857,742e7b8494a4e5dadb86b2a1d44cf8566dcf8b589b2d5d733c1b169be6b3c4b9
dementia_prediction,019d7391-61e5-7cca-9a66-e85718233be9,1,1,240,130,9814ececade0903a1e2153d2859ba65da0d530a28902120c65904823e118d37e,36268c1f8ebc9b961669ba81147dca40571c5f1e115a1bcb62e1e8ccabba543b
dementia_prediction,019d7391-61e5-7cca-9a66-e85718233be9,1,2,248,122,36219270eaa3e218983f0b3ad1513f6313d9d3821c6a2154e8cb57c6caaca482,38cfc2857a609a248c6bce88102a36c4ef53b28210dfb0f96a0163f948633245
dementia_prediction,019d7391-61e5-7cca-9a66-e85718233be9,2,0,246,124,ef111e858f8e73b89df8a55e4331eea56e13507535d9f9c25b4f6c647dd34a06,e8d256a3376ea74484d2578a600838af894e793e2dd97fac32a317e4b2166d14
dementia_prediction,019d7391-61e5-7cca-9a66-e85718233be9,2,1,243,127,aaa926e07bc62a48dff66f89684dac3cbcfe6f7e0177e8a993a73015b799ad59,a7368d23677232c8a414f2b67445d403f7e0fdab083e8813fe73002747631f7b
dementia_prediction,019d7391-61e5-7cca-9a66-e85718233be9,2,2,251,119,555e1ff72ea3ae142dca7b2f95c5db12627e68352d98962309603e025115d874,e57c1f049da98b17be2566a9d5a9baf5472f724574116313e476bd8970a77467
dementia_prediction,019d7391-61e5-7cca-9a66-e85718233be9,3,0,249,121,edb96d561abf1e58f01b4fbd6f30724cc7652819cec51f1b1e0802fd7c93ce09,6063bf73ab3669c45c6b0107534013c3763203acb75ee737580adf687e947638
dementia_prediction,019d7391-61e5-7cca-9a66-e85718233be9,3,1,252,118,341fa23c7386f0fe6b1d6365308ed6fc027b30d9f81d67dcc7f77f12e4df92d1,0760015a811f996c41b2e4f0afce85f15a2937806312896bdb8772fa0b797c92
dementia_prediction,019d7391-61e5-7cca-9a66-e85718233be9,3,2,239,131,145ef4a07ef259af2d66039969829fa3cf96a07b1aee2d11ef5c51d568065716,c382ef80e1e58e3753536a8a497f5eadc4770f511699818147c7ce19084fe923
dementia_prediction,019d7391-61e5-7cca-9a66-e85718233be9,4,0,242,128,fadd97efd355f40711c28793967bf67d7845d53c49e24a0b4c0676a56ecb128d,aeecc9bbb95a3b3ef03717deb19911d212166b9dfb060a9039bc31fc0584ba45
dementia_prediction,019d7391-61e5-7cca-9a66-e85718233be9,4,1,246,124,ac5e1fd22745e17f2fbe23637ca1188dd3c9ca0c2a16366e41a8cc9ea3b71fb9,488c634addc1637037f74b55754c680085f5fee344fb2554b8d330001ee6e7b9
dementia_prediction,019d7391-61e5-7cca-9a66-e85718233be9,4,2,252,118,658feb10e0ced311612b99c22e955f954ce12b2a3e1f161886dc6c63c4577126,6f06fc398409fa0a34e107ddee83fb5f199d2d7907328a1d4cfeb5a2aee743c9
dementia_prediction,019d7391-61e5-7cca-9a66-e85718233be9,5,0,248,122,46499f5dc5d7de8375a0d754abeb26de027a7768bb931347e12c85d41b648cdb,2197c33b9fbd558fa0f16c59b39530d0a9e30efefef958fdb3490bdb7bb14460
dementia_prediction,019d7391-61e5-7cca-9a66-e85718233be9,5,1,247,123,c341521ae4e643a82ab578514f716a9f9f05be76045f7166ae21cfeda96db3d7,50ab3811528ce2908e19164670d34cc5b468502758e122b8d93ab844b389b88c
dementia_prediction,019d7391-61e5-7cca-9a66-e85718233be9,5,2,245,125,b89d508ce54d5f54fa67e8a3bec57fa181a6a74a9ced55342a19c30051153f53,f0dff94aaf8b77a797c19434b46e91debedb4fc90d8990120e03b21876be0ac4
dementia_prediction,019d7391-61e5-7cca-9a66-e85718233be9,6,0,244,126,c4746580fa7521ba371af70b013a2ca570d376eafd585fb834ddd8bfd8010cd6,e5f1c9d96ed5663ffe7a7a355f7cdb0a5e60afa8547e631ccfbb7eaf21e1c773
dementia_prediction,019d7391-61e5-7cca-9a66-e85718233be9,6,1,246,124,7f01be03aaa90b8136134e8b4b152a96e8d1fafe9a6bf6e1788af7225184f6a1,5ffa384702b3c13d6cf9ba6a9e640e6f1b063a8c39b926e9a9107fae8febc53b
dementia_prediction,019d7391-61e5-7cca-9a66-e85718233be9,6,2,250,120,050254e9275b7959ec675938fa8571799b24646ccc0f3c5d0434389438d8c2aa,3ee73c55c09a6971ab45df3c3829a5cf5390d1da52394f4398891951094cfe4c
dementia_prediction,019d7391-61e5-7cca-9a66-e85718233be9,7,0,246,124,d8b458c534ac32793f593844e78050d0bb143f7a5cbcbfe459dff0e2ab5aa05c,3e2bd79af32182cea2115a1bd5901e20b10e4b2c3e22065167945d1a40d3fd42
dementia_prediction,019d7391-61e5-7cca-9a66-e85718233be9,7,1,247,123,213fac147cacb4907d8d740647e5c3dc1fdf84c731d37f984ee82e96f0ef6b9b,4fc26b94474092616239383458b88959d84f859735cf46a97510e12eb327fd3c
dementia_prediction,019d7391-61e5-7cca-9a66-e85718233be9,7,2,247,123,e13ab66ae2cc6f1f8ff4fdf8e541b1fb61445b79edbf81ce439734d8615e0384,05bb71f5f44ae3695040e137013ad0ef06628e94dfaf02c39130812e46decfeb
dementia_prediction,019d7391-61e5-7cca-9a66-e85718233be9,8,0,250,120,d2516dbaf595accfec2abaf198fec2e51e38d09ee6dab53f7289ea9e0f0bb888,11f56e32ef87f4001580d8c034df38cc5bfde4fba6a5311c50acf30e9997291d
dementia_prediction,019d7391-61e5-7cca-9a66-e85718233be9,8,1,258,112,ff6e9c633f8e31777984b46d3ea20f62543e73901d06342771d44261283f3dda,744d98a440adf1082f3bdd5431ea16cb9f7e40c408736697f57878e83b34a864
dementia_prediction,019d7391-61e5-7cca-9a66-e85718233be9,8,2,232,138,a9b44a9b24cfa8a57033378050a87cfcaf3c206c6a03aa46abc321af2d700579,574e0d9da9aa91e37e46d712939dff3455b0aee7249c2b4976ada99920ceb99c
dementia_prediction,019d7391-61e5-7cca-9a66-e85718233be9,9,0,248,122,11b9b24a24d0498e7f8adf208e4d4365a295b8a22e66babed83d2a9045cd931f,42bc56b58d7eb4fe1f65e9434dd42263918cf10d34197c07f65d85b9ca561439
dementia_prediction,019d7391-61e5-7cca-9a66-e85718233be9,9,1,242,128,185e9f99712e2efa665e8b296c259b13439006bb0cd3b25a7e8ceb2566bff19b,b3a52cfb9110d31b7a27ac750fe12cdb2464051ae07e8b970ba11ad2a335cd5d
dementia_prediction,019d7391-61e5-7cca-9a66-e85718233be9,9,2,250,120,99bf19ad375e22933bd45d6a386c707bede7c0ab7a298a90b5f1ad3e601cd7dd,2a55bbe1122f6f3c8e2b6e2f93c4c2cfcd913a06cde2f28f346f1139858c72ba
dementia_prediction,019d7391-61e5-7cca-9a66-e85718233be9,10,0,252,118,f347b27ccaeb468938b4fd0a42ffbc82a8409f88d1ed1de00ebf6faafcd68e00,4b45532829db50dfc79d592b9f8ce44caad239b4491499c5962103262becb114
dementia_prediction,019d7391-61e5-7cca-9a66-e85718233be9,10,1,238,132,eb71ac57b32bd67bc205fa2c976e18556fc7c8854e3e3d15a48df0c97e326004,035eedbc918eed41dd07f7acb866217b60a57bc3cdf374c13b6a9166444cbaa0
dementia_prediction,019d7391-61e5-7cca-9a66-e85718233be9,10,2,250,120,a14ef410fe424023bb1e6fbc8809c97daa1776696541520a5d2bc4497b78f3de,c86e409ce83f2e87abfa16f1d879484f312e61d352289866a75c17c34460de5d
dementia_prediction,019d7391-61e5-7cca-9a66-e85718233be9,11,0,246,124,6448f63a999694883a9f20a6b094110aca8026db17abde8897c0176779e36987,cf3c65c7bee979e56d59d2462b2728435c256e9e3d7164618e3770febe410ef9
dementia_prediction,019d7391-61e5-7cca-9a66-e85718233be9,11,1,252,118,96bbb88f8a69af1a15c1f460a709f17d4ac973df16e13e8e85a61a682f7c47dd,dca7b81cc2af62d2ce1b81c09eb06359fd63b3e81d6e614109d9ac4124c47cf4
dementia_prediction,019d7391-61e5-7cca-9a66-e85718233be9,11,2,242,128,0ca9542e5a68e9e4bb3b2c4eb6ede61429a32927486087ae4406695454f44a5b,1562a1540bf7b842bc41483f3cbd805d0f5a1e8dd3ffa5275635c531d73c4c0c
dementia_prediction,019d7391-61e5-7cca-9a66-e85718233be9,12,0,240,130,e9ce1b1d3ad24b23a16016e9dd554f06b1a7d6b73091753e1632d10dcce46824,bf4e8fb26d984db26f831d1d28f3c0a920deb50c5c3574725b9d3ad941d0b963
dementia_prediction,019d7391-61e5-7cca-9a66-e85718233be9,12,1,256,114,5a7bb6c596188f9076cf25e62458f90f9a0b2450f89505260c1b51ee280dafc9,3cf74766ed6f668b7d1ac44a7b1bc80836f68de11e25336ae956525b8d6131d0
dementia_prediction,019d7391-61e5-7cca-9a66-e85718233be9,12,2,244,126,94456d6ddaa2882e00ba4962e37f8804044ed465fc17917637ae0319b5d4bfae,a931f563fe905032f9db05131bf463904d445ab0b0d47a682717dc75da51b1e9
dementia_prediction,019d7391-61e5-7cca-9a66-e85718233be9,13,0,242,128,81cccbbbff3ce67e8982b672fa2e7f43fb79a95bec1fb200e8fbd1ebe0dc473e,c06dd8d77155324fd4364d745baedfc4a13fcc4c0fe2b0aea57aab8928c6eb60
dementia_prediction,019d7391-61e5-7cca-9a66-e85718233be9,13,1,251,119,29dac1f6d65cc2aa229fec953218129a52e6be8f9d60f4883c2bfbf05a637051,43c4287b9831efa45e8c6472a9053e6a49af79b627b3c079acccb85b76c50139
dementia_prediction,019d7391-61e5-7cca-9a66-e85718233be9,13,2,247,123,bfd7ddda7d6dc4e3a265d9c64ebc255e48d2c3ba4c9ce0fdc5dc91d674c76f1b,1e7eae5b217790bafda331fe6b7ba303bcd575f61ab73ff8556d193d66ad8e9d
dementia_prediction,019d7391-61e5-7cca-9a66-e85718233be9,14,0,252,118,d3b5056491e6932bffd004e5bb5653fbd3f19a046e3ee03db3ab1d37363182a0,d9b24ee5be71a072338a1f1ad281b042f642b172f5da1b1184192645d1dfe12f
dementia_prediction,019d7391-61e5-7cca-9a66-e85718233be9,14,1,248,122,887c43f028e057f0d23446a8cce9ff4cd7b6c00790001c8969bc17c66ffe7db0,7d8fd6f86a1cd578370c86c48611d5224c459852f0a8dfacc1fb4fd1b5e51cdc
dementia_prediction,019d7391-61e5-7cca-9a66-e85718233be9,14,2,240,130,5ff960ee506fa084f3b771f63735d49e545c008a236226b35ca0edb07e74b7a7,90e32d30b4502b606be45bb9d83d74f08f1386429f824c536bb7c928e5713eeb
dementia_prediction,019d7391-61e5-7cca-9a66-e85718233be9,15,0,244,126,1a32c7686b0e07782e128b698b8f6d61ef24352fb273a0b4284b16b15b350060,9765666032938af456b23dabd3c1460462590988fa8a8db16ff7fb417dc1588c
dementia_prediction,019d7391-61e5-7cca-9a66-e85718233be9,15,1,252,118,f6c07f2caefd695256f050ace017465c2f5ac59f6daede6318c645187c82555f,b6dc9a5b4732c805ca18d3a95027d59daa9fd45e0a72dc005681a9a4377d2246
dementia_prediction,019d7391-61e5-7cca-9a66-e85718233be9,15,2,244,126,dadc90eae4f4b14bef99cb24da7add926698f780b06f5e4d921679467aa36b51,0107ee0dc35d31136b3b33ec8ba1c41cee5395e16d9fd21c49cbe242643b3fbf
dementia_prediction,019d7391-61e5-7cca-9a66-e85718233be9,16,0,249,121,b1b0a42d11b2f30421a63b5d40ceff9f8a47bb99c86ae3d3a00530454824c13f,60719089c98e59f03554677cbe6bef77d71eabdc6ca580a1f0ba9592962daa15
dementia_prediction,019d7391-61e5-7cca-9a66-e85718233be9,16,1,247,123,87edc9cff019917d2f3e91302613c80ac025051abf65fbf53a2622f9efe16e26,0bf958ae431744c05c0708bf625a2b1b91c0867c5e577e66920b840217d2e8f2
dementia_prediction,019d7391-61e5-7cca-9a66-e85718233be9,16,2,244,126,93b022465b09aa569d88615da653585fd8fa090260f2c67578413771c3009cf5,237990eca0628f484185576cf08a6acbcf8264fd25e6ce084f0d119c96a6168e
dementia_prediction,019d7391-61e5-7cca-9a66-e85718233be9,17,0,238,132,83f7543e11441771ddc6564d8d40df39aede7b3d4ac5673f0248937270af8bea,be92fa8798ca61ecb6a36e99cbfdba3f222b962084eac6ec94e11240fa5baf4d
dementia_prediction,019d7391-61e5-7cca-9a66-e85718233be9,17,1,251,119,3e40e48bcaf33a58e186071996c568a193cb7c2a9cdf379fed69b53ee08b8484,425373e39149d7deb6104e9edf4e5485831188c3d3c245b1807bd0c013823359
dementia_prediction,019d7391-61e5-7cca-9a66-e85718233be9,17,2,251,119,8c89c8fb64252565db9858952191e6cb816c55783d5c30ca2d3afeb7bd4d412d,6193e650b71d47182f38fc43a62606313da0f4e2468b05d8ecc7d44dbf017790
dementia_prediction,019d7391-61e5-7cca-9a66-e85718233be9,18,0,241,129,dca9558371cb984791b071d7a7327b0bd3666c360c7916dc355829e977830200,e471110113657f1089a65f0356ce9667d94670578b9fe16d0e3f3a996f268bf3
dementia_prediction,019d7391-61e5-7cca-9a66-e85718233be9,18,1,254,116,32ec817a5d58a3902bfa69c140260c48b8dfaa77732fe2eaf353f06377d9888f,32bd764cdba4888b31856c12d01d25038e124677f62244ceedcb9e0c82ee2cb1
dementia_prediction,019d7391-61e5-7cca-9a66-e85718233be9,18,2,245,125,f41b24fce3609d8d034a8f1f5c8f9e2df7c3de5004b82b9b4580dc664dce7348,10bb5060a37176ca0d5a4b5a4e0d99b5bd63b949eb6041d31d7fc9bf9eaace5e
dementia_prediction,019d7391-61e5-7cca-9a66-e85718233be9,19,0,245,125,1b5b3160ad6f64ddcbc8dd57e7d2eee1b0f5ba5ed3cf46e508abb8a150650f39,046c8032761a21fbbced3bf667f0ada7ddb5b692a756e8a57262bfa9c2c04940
dementia_prediction,019d7391-61e5-7cca-9a66-e85718233be9,19,1,247,123,fa1325cc7d2a8bacc33f1ec86e0a2cddf50a73a6fe82fb5476df10519b842f6e,a9c4a839e723b200e3cd50cff33242c3dec815d53a971e4810a66de868f1eb21
dementia_prediction,019d7391-61e5-7cca-9a66-e85718233be9,19,2,248,122,3a17404c5969dbbd94d454d1c4042e08dccc971fa956a20d70926bf1c52a13ee,c33698f26251ee03e564ab96ed7a8155cea7325877894261bd76e3ff8e98af0e
ghanas_indigenous_intel,019dd375-4259-77c1-a177-5acc1f4d0134,0,0,9933,995,43c3f266e3375f7fe398c573b33dbf8ee903ae2e47e21f0e3ccce253ea6267f7,ef572d4e7d2f74fea1288b934fdf600212f180b55bce25c3ce04011adf2e20f2
ghanas_indigenous_intel,019dd375-4259-77c1-a177-5acc1f4d0134,1,0,8609,1792,db6aad1ecfb8c7cbcb1268f0bde970a16efc9330aafbd0f382828a8be8fc9759,6fd11fe63f5614eed41d7b8d0cb3e1b8946e49dab505279a13c63a138fbdf9ff
ghanas_indigenous_intel,019dd375-4259-77c1-a177-5acc1f4d0134,2,0,7506,1705,2e76309afaeb465da86475793013987d79ad6e5dcd3a889993d70cfe25468f40,04e89fba2d006ce0c4f4617de161f2fc08153d46f3753a7b14bd1a650babb624
ghanas_indigenous_intel,019dd375-4259-77c1-a177-5acc1f4d0134,3,0,6795,1167,83e22d84d36f2cfa066a11eb8801ad1194f96e19a5beb1a875d64cedabcd0d27,f86abf051d0d19c3399b339fc0ea651a60fad5e85a6441597ea047f27eda40d7
ghanas_indigenous_intel,019dd375-4259-77c1-a177-5acc1f4d0134,4,0,6121,1069,d93e7bc2172b31042a8af1df92661924ba216f86fd943d9df934bd4741c159cc,1a9a720f6aca565236e7b4e1c457ec968777692025024ebb3eb816f5c1d02e68
ghanas_indigenous_intel,019dd375-4259-77c1-a177-5acc1f4d0134,5,0,5688,768,304fdbcb5e0e0a3826459959d59134f2243297f6df6be3e2a26183dd0773ed75,3dae1ec226729b765cde49009a1df33f49a9c7016813b3bce6847113c4fb73e4
