dataset,task_id,classes,predictors,fold,model,roc_auc,accuracy,precision,recall,f1,specificity,auprc,cross_entropy,brier,support_positive_pct,query_positive_pct,fit_seconds,predict_seconds,inputs,labels,contamination,context_contaminated_rows,query_contaminated_rows,train_rows,test_rows
Amazon_employee_access,363613,2,9,0,plain,0.4159110535405872,0.9414634146341463,0.9414634146341463,1.0,0.9698492462311558,0.0,0.9313180177402002,0.2275069077285257,0.05584495765844429,94.2002442002442,94.14634146341463,0.7376089029712602,,preprocessed,real,0.0,0,0,1638,410
Amazon_employee_access,363613,2,9,0,mixed,0.404522884283247,0.9414634146341463,0.9414634146341463,1.0,0.9698492462311558,0.0,0.9312455298404918,0.22851160850419983,0.05595983443034912,94.2002442002442,94.14634146341463,0.3580547890160233,,preprocessed,real,0.0,0,0,1638,410
Amazon_employee_access,363613,2,9,0,curriculum,0.3946459412780656,0.9414634146341463,0.9414634146341463,1.0,0.9698492462311558,0.0,0.9319011984683919,0.22843975316768989,0.05598256932362371,94.2002442002442,94.14634146341463,0.35755862295627594,,preprocessed,real,0.0,0,0,1638,410
Amazon_employee_access,363613,2,9,1,plain,0.4323186528497409,0.9414634146341463,0.9414634146341463,1.0,0.9698492462311558,0.0,0.9358383636125647,0.22722152487236058,0.055784976664829816,94.2002442002442,94.14634146341463,0.32188106107059866,,preprocessed,real,0.0,0,0,1638,410
Amazon_employee_access,363613,2,9,1,mixed,0.38363557858376507,0.9414634146341463,0.9414634146341463,1.0,0.9698492462311558,0.0,0.9206139478551333,0.22764550445199946,0.055798265387008876,94.2002442002442,94.14634146341463,0.3204420719994232,,preprocessed,real,0.0,0,0,1638,410
Amazon_employee_access,363613,2,9,1,curriculum,0.5429620034542314,0.9414634146341463,0.9414634146341463,1.0,0.9698492462311558,0.0,0.9542220198889357,0.22637760888254282,0.05563530537444157,94.2002442002442,94.14634146341463,0.31997837498784065,,preprocessed,real,0.0,0,0,1638,410
Amazon_employee_access,363613,2,9,2,plain,0.3887089810017271,0.9414634146341463,0.9414634146341463,1.0,0.9698492462311558,0.0,0.9290208441497406,0.2265980900980232,0.05565313927891775,94.2002442002442,94.14634146341463,0.3197612150106579,,preprocessed,real,0.0,0,0,1638,410
Amazon_employee_access,363613,2,9,2,mixed,0.38806131260794474,0.9414634146341463,0.9414634146341463,1.0,0.9698492462311558,0.0,0.9189226527478923,0.2270189272440319,0.055683724329615415,94.2002442002442,94.14634146341463,0.3210127289639786,,preprocessed,real,0.0,0,0,1638,410
Amazon_employee_access,363613,2,9,2,curriculum,0.4485103626943005,0.9414634146341463,0.9414634146341463,1.0,0.9698492462311558,0.0,0.939300783157915,0.22592788925035256,0.05553684699739732,94.2002442002442,94.14634146341463,0.32029900699853897,,preprocessed,real,0.0,0,0,1638,410
Amazon_employee_access,363613,2,9,3,plain,0.4492002703311557,0.9437652811735942,0.9437652811735942,1.0,0.9710691823899371,0.0,0.9414121337917648,0.2211492328931213,0.053797313780583285,94.14276998169616,94.37652811735941,0.32505044795107096,,preprocessed,real,0.0,0,0,1639,409
Amazon_employee_access,363613,2,9,3,mixed,0.4514530299617031,0.9437652811735942,0.9437652811735942,1.0,0.9710691823899371,0.0,0.9322965640626303,0.22188402227250267,0.053851831646053026,94.14276998169616,94.37652811735941,0.3237252769758925,,preprocessed,real,0.0,0,0,1639,409
Amazon_employee_access,363613,2,9,3,curriculum,0.5006758278891642,0.9437652811735942,0.9437652811735942,1.0,0.9710691823899371,0.0,0.9421492602180117,0.2207437131316219,0.05370597016905121,94.14276998169616,94.37652811735941,0.3247761740349233,,preprocessed,real,0.0,0,0,1639,409
Amazon_employee_access,363613,2,9,4,plain,0.3807359307359307,0.941320293398533,0.941320293398533,1.0,0.9697732997481109,0.0,0.9219987772850082,0.2262646355161869,0.05559404775715138,94.20378279438683,94.13202933985329,0.32512186793610454,,preprocessed,real,0.0,0,0,1639,409
Amazon_employee_access,363613,2,9,4,mixed,0.4149350649350649,0.941320293398533,0.941320293398533,1.0,0.9697732997481109,0.0,0.9198047673814922,0.22718284685163398,0.05575801820435542,94.20378279438683,94.13202933985329,0.32519560994114727,,preprocessed,real,0.0,0,0,1639,409
Amazon_employee_access,363613,2,9,4,curriculum,0.5685064935064935,0.941320293398533,0.941320293398533,1.0,0.9697732997481109,0.0,0.9548902443331437,0.22561904940645153,0.0555398555988277,94.20378279438683,94.13202933985329,0.3241844850126654,,preprocessed,real,0.0,0,0,1639,409
Amazon_employee_access,363613,2,9,5,plain,0.3032167530224525,0.9414634146341463,0.9414634146341463,1.0,0.9698492462311558,0.0,0.9107814565738219,0.22678977773740497,0.055609214630499976,94.2002442002442,94.14634146341463,0.3210058610420674,,preprocessed,real,0.0,0,0,1638,410
Amazon_employee_access,363613,2,9,5,mixed,0.3476899827288429,0.9414634146341463,0.9414634146341463,1.0,0.9698492462311558,0.0,0.9188759073190798,0.22796279068366454,0.055832703814907104,94.2002442002442,94.14634146341463,0.3246045629493892,,preprocessed,real,0.0,0,0,1638,410
Amazon_employee_access,363613,2,9,5,curriculum,0.4745250431778929,0.9414634146341463,0.9414634146341463,1.0,0.9698492462311558,0.0,0.9389449362424442,0.22685590443586878,0.05568101468548796,94.2002442002442,94.14634146341463,0.32156556309200823,,preprocessed,real,0.0,0,0,1638,410
Amazon_employee_access,363613,2,9,6,plain,0.38849309153713296,0.9414634146341463,0.9414634146341463,1.0,0.9698492462311558,0.0,0.927432831029622,0.22811270679138881,0.05595384635604063,94.2002442002442,94.14634146341463,0.32161463191732764,,preprocessed,real,0.0,0,0,1638,410
Amazon_employee_access,363613,2,9,6,mixed,0.35551597582037997,0.9414634146341463,0.9414634146341463,1.0,0.9698492462311558,0.0,0.9242158653480029,0.22891021495023836,0.05601644069383748,94.2002442002442,94.14634146341463,0.32119675097055733,,preprocessed,real,0.0,0,0,1638,410
Amazon_employee_access,363613,2,9,6,curriculum,0.4301597582037996,0.9414634146341463,0.9414634146341463,1.0,0.9698492462311558,0.0,0.9382774067759614,0.22844203658152007,0.05598444281565281,94.2002442002442,94.14634146341463,0.32116625597700477,,preprocessed,real,0.0,0,0,1638,410
Amazon_employee_access,363613,2,9,7,plain,0.4315630397236615,0.9414634146341463,0.9414634146341463,1.0,0.9698492462311558,0.0,0.9422141331115834,0.22725922387015374,0.05579800705218775,94.2002442002442,94.14634146341463,0.32077332003973424,,preprocessed,real,0.0,0,0,1638,410
Amazon_employee_access,363613,2,9,7,mixed,0.3656088082901554,0.9414634146341463,0.9414634146341463,1.0,0.9698492462311558,0.0,0.9042493551854215,0.22805788892369094,0.05586491133379246,94.2002442002442,94.14634146341463,0.32132952893152833,,preprocessed,real,0.0,0,0,1638,410
Amazon_employee_access,363613,2,9,7,curriculum,0.5109024179620034,0.9414634146341463,0.9414634146341463,1.0,0.9698492462311558,0.0,0.9459407635556597,0.22658585788443353,0.05568153740292217,94.2002442002442,94.14634146341463,0.3207571799866855,,preprocessed,real,0.0,0,0,1638,410
Amazon_employee_access,363613,2,9,8,plain,0.3623563865735526,0.9437652811735942,0.9437652811735942,1.0,0.9710691823899371,0.0,0.9241137578655512,0.22171109373093265,0.05383921472883009,94.14276998169616,94.37652811735941,0.3243863800307736,,preprocessed,real,0.0,0,0,1639,409
Amazon_employee_access,363613,2,9,8,mixed,0.43365622888037847,0.9437652811735942,0.9437652811735942,1.0,0.9710691823899371,0.0,0.93371348189492,0.22199367298353326,0.053860394228682676,94.14276998169616,94.37652811735941,0.3254587760893628,,preprocessed,real,0.0,0,0,1639,409
Amazon_employee_access,363613,2,9,8,curriculum,0.45911241270556435,0.9437652811735942,0.9437652811735942,1.0,0.9710691823899371,0.0,0.9471369604096127,0.22133360192139495,0.05378484209958221,94.14276998169616,94.37652811735941,0.32468411105219275,,preprocessed,real,0.0,0,0,1639,409
Amazon_employee_access,363613,2,9,9,plain,0.4729437229437229,0.941320293398533,0.941320293398533,1.0,0.9697732997481109,0.0,0.9443021771371514,0.22632540499135273,0.05569986723458574,94.20378279438683,94.13202933985329,0.32400165393482894,,preprocessed,real,0.0,0,0,1639,409
Amazon_employee_access,363613,2,9,9,mixed,0.5093073593073593,0.941320293398533,0.941320293398533,1.0,0.9697732997481109,0.0,0.9315966791758725,0.22629325844733805,0.055642534216379276,94.20378279438683,94.13202933985329,0.32467610808089375,,preprocessed,real,0.0,0,0,1639,409
Amazon_employee_access,363613,2,9,9,curriculum,0.5015151515151515,0.941320293398533,0.941320293398533,1.0,0.9697732997481109,0.0,0.9396988353370275,0.22569026433720707,0.05556496173868294,94.20378279438683,94.13202933985329,0.3252844410017133,,preprocessed,real,0.0,0,0,1639,409
Amazon_employee_access,363613,2,9,10,plain,0.38287996545768566,0.9414634146341463,0.9414634146341463,1.0,0.9698492462311558,0.0,0.91560786704366,0.2266516536216258,0.05566690491737183,94.2002442002442,94.14634146341463,0.32060696301050484,,preprocessed,real,0.0,0,0,1638,410
Amazon_employee_access,363613,2,9,10,mixed,0.4114853195164076,0.9414634146341463,0.9414634146341463,1.0,0.9698492462311558,0.0,0.9254288445514893,0.22706628011191643,0.05569459778171745,94.2002442002442,94.14634146341463,0.3215290749212727,,preprocessed,real,0.0,0,0,1638,410
Amazon_employee_access,363613,2,9,10,curriculum,0.454447322970639,0.9414634146341463,0.9414634146341463,1.0,0.9698492462311558,0.0,0.9365718703007136,0.22569421532112866,0.055499112519583706,94.2002442002442,94.14634146341463,0.3214896999998018,,preprocessed,real,0.0,0,0,1638,410
Amazon_employee_access,363613,2,9,11,plain,0.43998272884283246,0.9414634146341463,0.9414634146341463,1.0,0.9698492462311558,0.0,0.9388862197307746,0.22688776283179346,0.05575830479510377,94.2002442002442,94.14634146341463,0.32220522488933057,,preprocessed,real,0.0,0,0,1638,410
Amazon_employee_access,363613,2,9,11,mixed,0.407059585492228,0.9414634146341463,0.9414634146341463,1.0,0.9698492462311558,0.0,0.9256784829211373,0.2277803492899858,0.055828307390320325,94.2002442002442,94.14634146341463,0.3228362719528377,,preprocessed,real,0.0,0,0,1638,410
Amazon_employee_access,363613,2,9,11,curriculum,0.5013493091537132,0.9414634146341463,0.9414634146341463,1.0,0.9698492462311558,0.0,0.944915495724977,0.22723179007127942,0.05579123337802714,94.2002442002442,94.14634146341463,0.3219566741026938,,preprocessed,real,0.0,0,0,1638,410
Amazon_employee_access,363613,2,9,12,plain,0.5225604490500864,0.9414634146341463,0.9414634146341463,1.0,0.9698492462311558,0.0,0.9475182772943982,0.22560318935366497,0.0555347297966924,94.2002442002442,94.14634146341463,0.32158144598361105,,preprocessed,real,0.0,0,0,1638,410
Amazon_employee_access,363613,2,9,12,mixed,0.44937392055267705,0.9414634146341463,0.9414634146341463,1.0,0.9698492462311558,0.0,0.933202307367847,0.22700483271744587,0.05569509897872725,94.2002442002442,94.14634146341463,0.32176692003849894,,preprocessed,real,0.0,0,0,1638,410
Amazon_employee_access,363613,2,9,12,curriculum,0.5151122625215889,0.9414634146341463,0.9414634146341463,1.0,0.9698492462311558,0.0,0.9512990418744418,0.22614662397478877,0.05559364255949615,94.2002442002442,94.14634146341463,0.32085961499251425,,preprocessed,real,0.0,0,0,1638,410
Amazon_employee_access,363613,2,9,13,plain,0.4128182022978148,0.9437652811735942,0.9437652811735942,1.0,0.9710691823899371,0.0,0.9322897721741208,0.2217515704410936,0.05388643277128421,94.14276998169616,94.37652811735941,0.32535973808262497,,preprocessed,real,0.0,0,0,1639,409
Amazon_employee_access,363613,2,9,13,mixed,0.438387024104528,0.9437652811735942,0.9437652811735942,1.0,0.9710691823899371,0.0,0.9337401085959803,0.22216513797902557,0.053891290732884435,94.14276998169616,94.37652811735941,0.32465390593279153,,preprocessed,real,0.0,0,0,1639,409
Amazon_employee_access,363613,2,9,13,curriculum,0.5003379139445822,0.9437652811735942,0.9437652811735942,1.0,0.9710691823899371,0.0,0.9438191805254894,0.22097533841998535,0.053738190938986005,94.14276998169616,94.37652811735941,0.32593970908783376,,preprocessed,real,0.0,0,0,1639,409
Amazon_employee_access,363613,2,9,14,plain,0.431547619047619,0.941320293398533,0.941320293398533,1.0,0.9697732997481109,0.0,0.9405718791113069,0.22651767956721314,0.05565061497827044,94.20378279438683,94.13202933985329,0.3265218740561977,,preprocessed,real,0.0,0,0,1639,409
Amazon_employee_access,363613,2,9,14,mixed,0.43658008658008657,0.941320293398533,0.941320293398533,1.0,0.9697732997481109,0.0,0.9356281978767809,0.22754160728638315,0.05584126762789892,94.20378279438683,94.13202933985329,0.3253730119904503,,preprocessed,real,0.0,0,0,1639,409
Amazon_employee_access,363613,2,9,14,curriculum,0.48809523809523814,0.941320293398533,0.941320293398533,1.0,0.9697732997481109,0.0,0.9451497804402833,0.2264209286931174,0.055687072615781257,94.20378279438683,94.13202933985329,0.3264959560474381,,preprocessed,real,0.0,0,0,1639,409
Amazon_employee_access,363613,2,9,15,plain,0.41364421416234887,0.9414634146341463,0.9414634146341463,1.0,0.9698492462311558,0.0,0.9266704263642853,0.22727212695301116,0.055800544076404064,94.2002442002442,94.14634146341463,0.3210257039172575,,preprocessed,real,0.0,0,0,1638,410
Amazon_employee_access,363613,2,9,15,mixed,0.3989637305699482,0.9414634146341463,0.9414634146341463,1.0,0.9698492462311558,0.0,0.9279629360439743,0.22779663019760546,0.05581867582619382,94.2002442002442,94.14634146341463,0.32292156701441854,,preprocessed,real,0.0,0,0,1638,410
Amazon_employee_access,363613,2,9,15,curriculum,0.4459736614853196,0.9414634146341463,0.9414634146341463,1.0,0.9698492462311558,0.0,0.9361833830187087,0.22639912759366312,0.055624368514615934,94.2002442002442,94.14634146341463,0.3233699770644307,,preprocessed,real,0.0,0,0,1638,410
Amazon_employee_access,363613,2,9,16,plain,0.39432210708117443,0.9414634146341463,0.9414634146341463,1.0,0.9698492462311558,0.0,0.9262100500209034,0.22743013397516956,0.055865505222568515,94.2002442002442,94.14634146341463,0.3212697689887136,,preprocessed,real,0.0,0,0,1638,410
Amazon_employee_access,363613,2,9,16,mixed,0.39054404145077726,0.9414634146341463,0.9414634146341463,1.0,0.9698492462311558,0.0,0.9261865288000489,0.2279510630447697,0.055867890566275016,94.2002442002442,94.14634146341463,0.32209715200588107,,preprocessed,real,0.0,0,0,1638,410
Amazon_employee_access,363613,2,9,16,curriculum,0.5,0.9414634146341463,0.9414634146341463,1.0,0.9698492462311558,0.0,0.94865407962752,0.22700654616280233,0.055763871999192416,94.2002442002442,94.14634146341463,0.32174541207496077,,preprocessed,real,0.0,0,0,1638,410
Amazon_employee_access,363613,2,9,17,plain,0.47150259067357514,0.9414634146341463,0.9414634146341463,1.0,0.9698492462311558,0.0,0.9429688830672875,0.22464525228308843,0.05526985464439475,94.2002442002442,94.14634146341463,0.32384618290234357,,preprocessed,real,0.0,0,0,1638,410
Amazon_employee_access,363613,2,9,17,mixed,0.4837003454231434,0.9414634146341463,0.9414634146341463,1.0,0.9698492462311558,0.0,0.9347480545160434,0.22557791727226936,0.05543517604764841,94.2002442002442,94.14634146341463,0.32212738296948373,,preprocessed,real,0.0,0,0,1638,410
Amazon_employee_access,363613,2,9,17,curriculum,0.5526770293609673,0.9414634146341463,0.9414634146341463,1.0,0.9698492462311558,0.0,0.9580032151697202,0.22431852830692323,0.05524010421182254,94.2002442002442,94.14634146341463,0.3223585239611566,,preprocessed,real,0.0,0,0,1638,410
Amazon_employee_access,363613,2,9,18,plain,0.36708718179770217,0.9437652811735942,0.9437652811735942,1.0,0.9710691823899371,0.0,0.9307626561279854,0.2224896750352323,0.05397576447902843,94.14276998169616,94.37652811735941,0.3250684570521116,,preprocessed,real,0.0,0,0,1639,409
Amazon_employee_access,363613,2,9,18,mixed,0.3806037395809867,0.9437652811735942,0.9437652811735942,1.0,0.9710691823899371,0.0,0.9180696074097761,0.22311069532884123,0.05405745087282645,94.14276998169616,94.37652811735941,0.325939918984659,,preprocessed,real,0.0,0,0,1639,409
Amazon_employee_access,363613,2,9,18,curriculum,0.5228655102500563,0.9437652811735942,0.9437652811735942,1.0,0.9710691823899371,0.0,0.9513838977677493,0.22189580613019055,0.05392283915416237,94.14276998169616,94.37652811735941,0.32705151196569204,,preprocessed,real,0.0,0,0,1639,409
Amazon_employee_access,363613,2,9,19,plain,0.44567099567099566,0.941320293398533,0.941320293398533,1.0,0.9697732997481109,0.0,0.9346105362896302,0.22680579492287944,0.055767965529050174,94.20378279438683,94.13202933985329,0.32491120300255716,,preprocessed,real,0.0,0,0,1639,409
Amazon_employee_access,363613,2,9,19,mixed,0.4347943722943723,0.941320293398533,0.941320293398533,1.0,0.9697732997481109,0.0,0.9330414983669921,0.22776810904398292,0.0558834912630012,94.20378279438683,94.13202933985329,0.32688252988737077,,preprocessed,real,0.0,0,0,1639,409
Amazon_employee_access,363613,2,9,19,curriculum,0.4516233766233766,0.941320293398533,0.941320293398533,1.0,0.9697732997481109,0.0,0.9301269336875526,0.22718703446483568,0.05582282016639449,94.20378279438683,94.13202933985329,0.32678350806236267,,preprocessed,real,0.0,0,0,1639,409
Amazon_employee_access,363613,2,9,20,plain,0.4078151986183074,0.9414634146341463,0.9414634146341463,1.0,0.9698492462311558,0.0,0.9153744508623446,0.2279138961141358,0.05595851563342984,94.2002442002442,94.14634146341463,0.32141186809167266,,preprocessed,real,0.0,0,0,1638,410
Amazon_employee_access,363613,2,9,20,mixed,0.47679188255613125,0.9414634146341463,0.9414634146341463,1.0,0.9698492462311558,0.0,0.9455068580259282,0.22762601251312198,0.05580103742258619,94.2002442002442,94.14634146341463,0.3220760019030422,,preprocessed,real,0.0,0,0,1638,410
Amazon_employee_access,363613,2,9,20,curriculum,0.46853411053540583,0.9414634146341463,0.9414634146341463,1.0,0.9698492462311558,0.0,0.9411109104998404,0.2267030174067158,0.05568141309200242,94.2002442002442,94.14634146341463,0.32355338998604566,,preprocessed,real,0.0,0,0,1638,410
Amazon_employee_access,363613,2,9,21,plain,0.42519430051813467,0.9414634146341463,0.9414634146341463,1.0,0.9698492462311558,0.0,0.9362298236757512,0.22713515760105565,0.05575994903471349,94.2002442002442,94.14634146341463,0.32253487897105515,,preprocessed,real,0.0,0,0,1638,410
Amazon_employee_access,363613,2,9,21,mixed,0.457793609671848,0.9414634146341463,0.9414634146341463,1.0,0.9698492462311558,0.0,0.9405753956017163,0.22721021542129913,0.05572881516212612,94.2002442002442,94.14634146341463,0.32267752196639776,,preprocessed,real,0.0,0,0,1638,410
Amazon_employee_access,363613,2,9,21,curriculum,0.564119170984456,0.9414634146341463,0.9414634146341463,1.0,0.9698492462311558,0.0,0.9573736864331122,0.2263877905689797,0.05563590008038044,94.2002442002442,94.14634146341463,0.3227777360007167,,preprocessed,real,0.0,0,0,1638,410
Amazon_employee_access,363613,2,9,22,plain,0.2870250431778929,0.9414634146341463,0.9414634146341463,1.0,0.9698492462311558,0.0,0.9103001698989848,0.22925638356599784,0.05612029558177403,94.2002442002442,94.14634146341463,0.32203041203320026,,preprocessed,real,0.0,0,0,1638,410
Amazon_employee_access,363613,2,9,22,mixed,0.29468911917098445,0.9414634146341463,0.9414634146341463,1.0,0.9698492462311558,0.0,0.9090364018073537,0.22935908935453975,0.056103267946509425,94.2002442002442,94.14634146341463,0.322456359048374,,preprocessed,real,0.0,0,0,1638,410
Amazon_employee_access,363613,2,9,22,curriculum,0.4846718480138169,0.9414634146341463,0.9414634146341463,1.0,0.9698492462311558,0.0,0.9429041323375007,0.22841672403589713,0.0560058426517149,94.2002442002442,94.14634146341463,0.32301439600996673,,preprocessed,real,0.0,0,0,1638,410
Amazon_employee_access,363613,2,9,23,plain,0.5002252759630547,0.9437652811735942,0.9437652811735942,1.0,0.9710691823899371,0.0,0.9456590061018932,0.21824051832306643,0.053221275768495745,94.14276998169616,94.37652811735941,0.32678027206566185,,preprocessed,real,0.0,0,0,1639,409
Amazon_employee_access,363613,2,9,23,mixed,0.4596756026132011,0.9437652811735942,0.9437652811735942,1.0,0.9710691823899371,0.0,0.9341891885112705,0.22034294252744194,0.0535593057415114,94.14276998169616,94.37652811735941,0.32684598001651466,,preprocessed,real,0.0,0,0,1639,409
Amazon_employee_access,363613,2,9,23,curriculum,0.539761207479162,0.9437652811735942,0.9437652811735942,1.0,0.9710691823899371,0.0,0.9581327092999563,0.21866103134016374,0.05330171591531878,94.14276998169616,94.37652811735941,0.3261671520303935,,preprocessed,real,0.0,0,0,1639,409
Amazon_employee_access,363613,2,9,24,plain,0.36666666666666664,0.941320293398533,0.941320293398533,1.0,0.9697732997481109,0.0,0.9214435444369721,0.22773332059458792,0.05592002564737848,94.20378279438683,94.13202933985329,0.32579010003246367,,preprocessed,real,0.0,0,0,1639,409
Amazon_employee_access,363613,2,9,24,mixed,0.3268398268398268,0.941320293398533,0.941320293398533,1.0,0.9697732997481109,0.0,0.9102265374396314,0.22905789177667943,0.05611205437885843,94.20378279438683,94.13202933985329,0.32615877396892756,,preprocessed,real,0.0,0,0,1639,409
Amazon_employee_access,363613,2,9,24,curriculum,0.383982683982684,0.941320293398533,0.941320293398533,1.0,0.9697732997481109,0.0,0.9293505140968549,0.22870847160713104,0.05609683302422021,94.20378279438683,94.13202933985329,0.32703847193624824,,preprocessed,real,0.0,0,0,1639,409
Amazon_employee_access,363613,2,9,25,plain,0.35578583765112265,0.9414634146341463,0.9414634146341463,1.0,0.9698492462311558,0.0,0.9253689682477864,0.22728069100615006,0.05574699553622152,94.2002442002442,94.14634146341463,0.3229157959576696,,preprocessed,real,0.0,0,0,1638,410
Amazon_employee_access,363613,2,9,25,mixed,0.37068221070811747,0.9414634146341463,0.9414634146341463,1.0,0.9698492462311558,0.0,0.9168747546300118,0.22792227665800188,0.0558306564369703,94.2002442002442,94.14634146341463,0.3227819330058992,,preprocessed,real,0.0,0,0,1638,410
Amazon_employee_access,363613,2,9,25,curriculum,0.5267702936096718,0.9414634146341463,0.9414634146341463,1.0,0.9698492462311558,0.0,0.9476535903694739,0.22652073522262434,0.055649128369196645,94.2002442002442,94.14634146341463,0.3213780040387064,,preprocessed,real,0.0,0,0,1638,410
Amazon_employee_access,363613,2,9,26,plain,0.4717184801381693,0.9414634146341463,0.9414634146341463,1.0,0.9698492462311558,0.0,0.9464740492627917,0.227053011234408,0.05581063503844035,94.2002442002442,94.14634146341463,0.3224913369631395,,preprocessed,real,0.0,0,0,1638,410
Amazon_employee_access,363613,2,9,26,mixed,0.42983592400690845,0.9414634146341463,0.9414634146341463,1.0,0.9698492462311558,0.0,0.9329764808009897,0.22763569649135876,0.055810622905571504,94.2002442002442,94.14634146341463,0.32355500606354326,,preprocessed,real,0.0,0,0,1638,410
Amazon_employee_access,363613,2,9,26,curriculum,0.42416882556131263,0.9414634146341463,0.9414634146341463,1.0,0.9698492462311558,0.0,0.9368049890283345,0.22762170940376786,0.0558449884013505,94.2002442002442,94.14634146341463,0.3229061859892681,,preprocessed,real,0.0,0,0,1638,410
Amazon_employee_access,363613,2,9,27,plain,0.4206606217616581,0.9414634146341463,0.9414634146341463,1.0,0.9698492462311558,0.0,0.9321836096423886,0.22673442718757594,0.05570725466193077,94.2002442002442,94.14634146341463,0.3221411280101165,,preprocessed,real,0.0,0,0,1638,410
Amazon_employee_access,363613,2,9,27,mixed,0.3269645941278066,0.9414634146341463,0.9414634146341463,1.0,0.9698492462311558,0.0,0.9002452598281354,0.22828450111189721,0.05589461097199946,94.2002442002442,94.14634146341463,0.3238430420169607,,preprocessed,real,0.0,0,0,1638,410
Amazon_employee_access,363613,2,9,27,curriculum,0.44608160621761656,0.9414634146341463,0.9414634146341463,1.0,0.9698492462311558,0.0,0.9383629140482731,0.22709076297185346,0.05574641603674495,94.2002442002442,94.14634146341463,0.32421397999860346,,preprocessed,real,0.0,0,0,1638,410
Amazon_employee_access,363613,2,9,28,plain,0.3958098670871818,0.9437652811735942,0.9437652811735942,1.0,0.9710691823899371,0.0,0.9229482205510613,0.2210384366650764,0.05374927456722714,94.14276998169616,94.37652811735941,0.3264553970657289,,preprocessed,real,0.0,0,0,1639,409
Amazon_employee_access,363613,2,9,28,mixed,0.46226627618833066,0.9437652811735942,0.9437652811735942,1.0,0.9710691823899371,0.0,0.9462834556498874,0.22163308310071178,0.05380483636437705,94.14276998169616,94.37652811735941,0.3268897869857028,,preprocessed,real,0.0,0,0,1639,409
Amazon_employee_access,363613,2,9,28,curriculum,0.4934669970714125,0.9437652811735942,0.9437652811735942,1.0,0.9710691823899371,0.0,0.9498761378385545,0.22073117884777052,0.05369409744618489,94.14276998169616,94.37652811735941,0.32569072290789336,,preprocessed,real,0.0,0,0,1639,409
Amazon_employee_access,363613,2,9,29,plain,0.39004329004329,0.941320293398533,0.941320293398533,1.0,0.9697732997481109,0.0,0.9170930856611011,0.22684983857212215,0.05570040583912561,94.20378279438683,94.13202933985329,0.3258049200521782,,preprocessed,real,0.0,0,0,1639,409
Amazon_employee_access,363613,2,9,29,mixed,0.4623376623376623,0.941320293398533,0.941320293398533,1.0,0.9697732997481109,0.0,0.9311633656600117,0.22707261149479843,0.05575362587314347,94.20378279438683,94.13202933985329,0.3278782700654119,,preprocessed,real,0.0,0,0,1639,409
Amazon_employee_access,363613,2,9,29,curriculum,0.5648268398268398,0.941320293398533,0.941320293398533,1.0,0.9697732997481109,0.0,0.9489821823156659,0.22537073343073852,0.055498429164585104,94.20378279438683,94.13202933985329,0.32676419999916106,,preprocessed,real,0.0,0,0,1639,409
Amazon_employee_access,363613,2,9,30,plain,0.4000431778929188,0.9414634146341463,0.9414634146341463,1.0,0.9698492462311558,0.0,0.9278467359558675,0.22729500296934307,0.055847548607713855,94.2002442002442,94.14634146341463,0.3219333119923249,,preprocessed,real,0.0,0,0,1638,410
Amazon_employee_access,363613,2,9,30,mixed,0.41213298791019,0.9414634146341463,0.9414634146341463,1.0,0.9698492462311558,0.0,0.9370191886113461,0.22729625436550357,0.0557393719825131,94.2002442002442,94.14634146341463,0.3243224760517478,,preprocessed,real,0.0,0,0,1638,410
Amazon_employee_access,363613,2,9,30,curriculum,0.4996761658031088,0.9414634146341463,0.9414634146341463,1.0,0.9698492462311558,0.0,0.9445099061650544,0.2258673309043741,0.055546761218643714,94.2002442002442,94.14634146341463,0.32393904705531895,,preprocessed,real,0.0,0,0,1638,410
Amazon_employee_access,363613,2,9,31,plain,0.4202288428324698,0.9414634146341463,0.9414634146341463,1.0,0.9698492462311558,0.0,0.9306009815202068,0.22885457258967115,0.056143816185359616,94.2002442002442,94.14634146341463,0.3222935280064121,,preprocessed,real,0.0,0,0,1638,410
Amazon_employee_access,363613,2,9,31,mixed,0.35470639032815193,0.9414634146341463,0.9414634146341463,1.0,0.9698492462311558,0.0,0.8987811949860895,0.22961750491592053,0.05615566095372048,94.2002442002442,94.14634146341463,0.3236674990039319,,preprocessed,real,0.0,0,0,1638,410
Amazon_employee_access,363613,2,9,31,curriculum,0.46578151986183075,0.9414634146341463,0.9414634146341463,1.0,0.9698492462311558,0.0,0.9424564861069792,0.22916351511053204,0.05616356104261488,94.2002442002442,94.14634146341463,0.32314428803510964,,preprocessed,real,0.0,0,0,1638,410
Amazon_employee_access,363613,2,9,32,plain,0.407059585492228,0.9414634146341463,0.9414634146341463,1.0,0.9698492462311558,0.0,0.9331253027032886,0.2253685338411957,0.05538369372031483,94.2002442002442,94.14634146341463,0.32253614999353886,,preprocessed,real,0.0,0,0,1638,410
Amazon_employee_access,363613,2,9,32,mixed,0.40004317789291877,0.9414634146341463,0.9414634146341463,1.0,0.9698492462311558,0.0,0.9299620669127411,0.22675250363615565,0.05563318727292846,94.2002442002442,94.14634146341463,0.3232431609649211,,preprocessed,real,0.0,0,0,1638,410
Amazon_employee_access,363613,2,9,32,curriculum,0.47355354058721927,0.9414634146341463,0.9414634146341463,1.0,0.9698492462311558,0.0,0.9356219193227917,0.22530642281940713,0.05541402305187563,94.2002442002442,94.14634146341463,0.3238671210128814,,preprocessed,real,0.0,0,0,1638,410
Amazon_employee_access,363613,2,9,33,plain,0.4115791845010137,0.9437652811735942,0.9437652811735942,1.0,0.9710691823899371,0.0,0.9378905079585976,0.22065048107391666,0.05365577437795961,94.14276998169616,94.37652811735941,0.32646390597801656,,preprocessed,real,0.0,0,0,1639,409
Amazon_employee_access,363613,2,9,33,mixed,0.40622888037846366,0.9437652811735942,0.9437652811735942,1.0,0.9710691823899371,0.0,0.9264371578595336,0.2214361694906379,0.05375495086638192,94.14276998169616,94.37652811735941,0.3277148240013048,,preprocessed,real,0.0,0,0,1639,409
Amazon_employee_access,363613,2,9,33,curriculum,0.42470150934895246,0.9437652811735942,0.9437652811735942,1.0,0.9710691823899371,0.0,0.9377796904647377,0.22060976502556412,0.053646160139474264,94.14276998169616,94.37652811735941,0.3265640470199287,,preprocessed,real,0.0,0,0,1639,409
Amazon_employee_access,363613,2,9,34,plain,0.4573593073593073,0.941320293398533,0.941320293398533,1.0,0.9697732997481109,0.0,0.9424685345825412,0.22686366023041413,0.05575596988640518,94.20378279438683,94.13202933985329,0.3269781150156632,,preprocessed,real,0.0,0,0,1639,409
Amazon_employee_access,363613,2,9,34,mixed,0.49393939393939396,0.941320293398533,0.941320293398533,1.0,0.9697732997481109,0.0,0.9489821577314306,0.22770153932989612,0.05588744369032091,94.20378279438683,94.13202933985329,0.327067859005183,,preprocessed,real,0.0,0,0,1639,409
Amazon_employee_access,363613,2,9,34,curriculum,0.5573593073593073,0.941320293398533,0.941320293398533,1.0,0.9697732997481109,0.0,0.9537566213666542,0.2268252529618441,0.05577772428611274,94.20378279438683,94.13202933985329,0.32641620899084955,,preprocessed,real,0.0,0,0,1639,409
Amazon_employee_access,363613,2,9,35,plain,0.3840673575129534,0.9414634146341463,0.9414634146341463,1.0,0.9698492462311558,0.0,0.9314961546869979,0.22476861940124968,0.05524752540671707,94.2002442002442,94.14634146341463,0.32284934900235385,,preprocessed,real,0.0,0,0,1638,410
Amazon_employee_access,363613,2,9,35,mixed,0.3860103626943005,0.9414634146341463,0.9414634146341463,1.0,0.9698492462311558,0.0,0.9319806078632231,0.22665491387616368,0.05561169234533709,94.2002442002442,94.14634146341463,0.32283724390435964,,preprocessed,real,0.0,0,0,1638,410
Amazon_employee_access,363613,2,9,35,curriculum,0.5011873920552676,0.9414634146341463,0.9414634146341463,1.0,0.9698492462311558,0.0,0.9392022776124072,0.22524434175586364,0.05541162383005725,94.2002442002442,94.14634146341463,0.32461628096643835,,preprocessed,real,0.0,0,0,1638,410
Amazon_employee_access,363613,2,9,36,plain,0.5039939550949913,0.9414634146341463,0.9414634146341463,1.0,0.9698492462311558,0.0,0.9436944617495271,0.22623091233612808,0.05564029134040694,94.2002442002442,94.14634146341463,0.3237389540299773,,preprocessed,real,0.0,0,0,1638,410
Amazon_employee_access,363613,2,9,36,mixed,0.44322107081174433,0.9414634146341463,0.9414634146341463,1.0,0.9698492462311558,0.0,0.9280464895185409,0.22727178805339657,0.05574502988916597,94.2002442002442,94.14634146341463,0.3231499580433592,,preprocessed,real,0.0,0,0,1638,410
Amazon_employee_access,363613,2,9,36,curriculum,0.4946027633851468,0.9414634146341463,0.9414634146341463,1.0,0.9698492462311558,0.0,0.9428771474635165,0.2264438273113511,0.055642847620780096,94.2002442002442,94.14634146341463,0.323193381074816,,preprocessed,real,0.0,0,0,1638,410
Amazon_employee_access,363613,2,9,37,plain,0.42929620034542315,0.9414634146341463,0.9414634146341463,1.0,0.9698492462311558,0.0,0.9363554501912956,0.22819263677604493,0.05601021352865856,94.2002442002442,94.14634146341463,0.3228417879436165,,preprocessed,real,0.0,0,0,1638,410
Amazon_employee_access,363613,2,9,37,mixed,0.5132772020725388,0.9414634146341463,0.9414634146341463,1.0,0.9698492462311558,0.0,0.9418604786043334,0.22760396374549008,0.05582504915308328,94.2002442002442,94.14634146341463,0.32412798900622874,,preprocessed,real,0.0,0,0,1638,410
Amazon_employee_access,363613,2,9,37,curriculum,0.530332469775475,0.9414634146341463,0.9414634146341463,1.0,0.9698492462311558,0.0,0.9438982085995833,0.22714868419747913,0.055790691185320575,94.2002442002442,94.14634146341463,0.3224128050496802,,preprocessed,real,0.0,0,0,1638,410
Amazon_employee_access,363613,2,9,38,plain,0.43940076593827443,0.9437652811735942,0.9437652811735942,1.0,0.9710691823899371,0.0,0.9389041300872646,0.2212039336859211,0.05382188831078138,94.14276998169616,94.37652811735941,0.3256693970179185,,preprocessed,real,0.0,0,0,1639,409
Amazon_employee_access,363613,2,9,38,mixed,0.45685965307501686,0.9437652811735942,0.9437652811735942,1.0,0.9710691823899371,0.0,0.9404113532329291,0.221566448375694,0.05379040752230586,94.14276998169616,94.37652811735941,0.3280079789692536,,preprocessed,real,0.0,0,0,1639,409
Amazon_employee_access,363613,2,9,38,curriculum,0.4980851543140347,0.9437652811735942,0.9437652811735942,1.0,0.9710691823899371,0.0,0.94636284526512,0.2203543762286397,0.053624451831594734,94.14276998169616,94.37652811735941,0.3274778159102425,,preprocessed,real,0.0,0,0,1639,409
Amazon_employee_access,363613,2,9,39,plain,0.3553571428571428,0.941320293398533,0.941320293398533,1.0,0.9697732997481109,0.0,0.9245715259416636,0.22781973863967142,0.05592850064050105,94.20378279438683,94.13202933985329,0.32722058007493615,,preprocessed,real,0.0,0,0,1639,409
Amazon_employee_access,363613,2,9,39,mixed,0.3228354978354978,0.941320293398533,0.941320293398533,1.0,0.9697732997481109,0.0,0.9116452958231278,0.22865732359484273,0.05601725959894541,94.20378279438683,94.13202933985329,0.32742419198621064,,preprocessed,real,0.0,0,0,1639,409
Amazon_employee_access,363613,2,9,39,curriculum,0.4685064935064935,0.941320293398533,0.941320293398533,1.0,0.9697732997481109,0.0,0.9442900571740722,0.22725257031899945,0.05584474943774793,94.20378279438683,94.13202933985329,0.3278490890515968,,preprocessed,real,0.0,0,0,1639,409
Amazon_employee_access,363613,2,9,40,plain,0.4723661485319517,0.9414634146341463,0.9414634146341463,1.0,0.9698492462311558,0.0,0.9432101834712082,0.22634546401841,0.055679802993495946,94.2002442002442,94.14634146341463,0.3231981019489467,,preprocessed,real,0.0,0,0,1638,410
Amazon_employee_access,363613,2,9,40,mixed,0.41526338514680483,0.9414634146341463,0.9414634146341463,1.0,0.9698492462311558,0.0,0.9272349144604706,0.22690298744128176,0.05566819593579426,94.2002442002442,94.14634146341463,0.3245587799465284,,preprocessed,real,0.0,0,0,1638,410
Amazon_employee_access,363613,2,9,40,curriculum,0.49838082901554404,0.9414634146341463,0.9414634146341463,1.0,0.9698492462311558,0.0,0.9411183331702297,0.22531920066277691,0.05544739463459055,94.2002442002442,94.14634146341463,0.3234571600332856,,preprocessed,real,0.0,0,0,1638,410
Amazon_employee_access,363613,2,9,41,plain,0.407059585492228,0.9414634146341463,0.9414634146341463,1.0,0.9698492462311558,0.0,0.932945173326955,0.22621795937469458,0.055546365495672836,94.2002442002442,94.14634146341463,0.32291581807658076,,preprocessed,real,0.0,0,0,1638,410
Amazon_employee_access,363613,2,9,41,mixed,0.38730569948186533,0.9414634146341463,0.9414634146341463,1.0,0.9698492462311558,0.0,0.9258148576821261,0.22784170515784483,0.055826029026823015,94.2002442002442,94.14634146341463,0.3235902499873191,,preprocessed,real,0.0,0,0,1638,410
Amazon_employee_access,363613,2,9,41,curriculum,0.42508635578583764,0.9414634146341463,0.9414634146341463,1.0,0.9698492462311558,0.0,0.9280880097499866,0.22718111461668775,0.055748858265030066,94.2002442002442,94.14634146341463,0.32380577304866165,,preprocessed,real,0.0,0,0,1638,410
Amazon_employee_access,363613,2,9,42,plain,0.37305699481865284,0.9414634146341463,0.9414634146341463,1.0,0.9698492462311558,0.0,0.9218901918101887,0.22699070082893774,0.055717452831787036,94.2002442002442,94.14634146341463,0.32286053500138223,,preprocessed,real,0.0,0,0,1638,410
Amazon_employee_access,363613,2,9,42,mixed,0.4060880829015544,0.9414634146341463,0.9414634146341463,1.0,0.9698492462311558,0.0,0.9271609796382081,0.22762582212386848,0.05580025142766544,94.2002442002442,94.14634146341463,0.3242420529713854,,preprocessed,real,0.0,0,0,1638,410
Amazon_employee_access,363613,2,9,42,curriculum,0.5292530224525044,0.9414634146341463,0.9414634146341463,1.0,0.9698492462311558,0.0,0.9543175660459151,0.2263594322218393,0.05563441331203622,94.2002442002442,94.14634146341463,0.32454892294481397,,preprocessed,real,0.0,0,0,1638,410
Amazon_employee_access,363613,2,9,43,plain,0.4706014868213562,0.9437652811735942,0.9437652811735942,1.0,0.9710691823899371,0.0,0.9472070914468568,0.2202172593635802,0.05358398506539943,94.14276998169616,94.37652811735941,0.3268218720331788,,preprocessed,real,0.0,0,0,1639,409
Amazon_employee_access,363613,2,9,43,mixed,0.4806262671772922,0.9437652811735942,0.9437652811735942,1.0,0.9710691823899371,0.0,0.938109379002982,0.2213440530780692,0.05374892581562577,94.14276998169616,94.37652811735941,0.32830095407553017,,preprocessed,real,0.0,0,0,1639,409
Amazon_employee_access,363613,2,9,43,curriculum,0.4571412480288353,0.9437652811735942,0.9437652811735942,1.0,0.9710691823899371,0.0,0.9391231967339355,0.22064404583334218,0.053659797455466784,94.14276998169616,94.37652811735941,0.32735067803878337,,preprocessed,real,0.0,0,0,1639,409
Amazon_employee_access,363613,2,9,44,plain,0.4498917748917749,0.941320293398533,0.941320293398533,1.0,0.9697732997481109,0.0,0.9365126276993943,0.22853146252997056,0.0561282473629845,94.20378279438683,94.13202933985329,0.32688310800585896,,preprocessed,real,0.0,0,0,1639,409
Amazon_employee_access,363613,2,9,44,mixed,0.4172077922077922,0.941320293398533,0.941320293398533,1.0,0.9697732997481109,0.0,0.9227385610207952,0.22852852703779286,0.05603388932969811,94.20378279438683,94.13202933985329,0.327382319024764,,preprocessed,real,0.0,0,0,1639,409
Amazon_employee_access,363613,2,9,44,curriculum,0.5372294372294372,0.941320293398533,0.941320293398533,1.0,0.9697732997481109,0.0,0.9534324680740676,0.22770310189059964,0.05595231417828751,94.20378279438683,94.13202933985329,0.32687397999688983,,preprocessed,real,0.0,0,0,1639,409
Amazon_employee_access,363613,2,9,45,plain,0.538752158894646,0.9414634146341463,0.9414634146341463,1.0,0.9698492462311558,0.0,0.9520832226831306,0.22381574782654834,0.05511744830503667,94.2002442002442,94.14634146341463,0.3228106730384752,,preprocessed,real,0.0,0,0,1638,410
Amazon_employee_access,363613,2,9,45,mixed,0.5403713298791019,0.9414634146341463,0.9414634146341463,1.0,0.9698492462311558,0.0,0.9474524434272442,0.22579377328276884,0.05549273067563103,94.2002442002442,94.14634146341463,0.3240736540174112,,preprocessed,real,0.0,0,0,1638,410
Amazon_employee_access,363613,2,9,45,curriculum,0.5220746977547496,0.9414634146341463,0.9414634146341463,1.0,0.9698492462311558,0.0,0.9515396428395893,0.22537576428760228,0.05543399243424672,94.2002442002442,94.14634146341463,0.32351171993650496,,preprocessed,real,0.0,0,0,1638,410
Amazon_employee_access,363613,2,9,46,plain,0.39712867012089814,0.9414634146341463,0.9414634146341463,1.0,0.9698492462311558,0.0,0.9294365830186941,0.226965834682626,0.0557836044090036,94.2002442002442,94.14634146341463,0.32353854505345225,,preprocessed,real,0.0,0,0,1638,410
Amazon_employee_access,363613,2,9,46,mixed,0.3250215889464594,0.9414634146341463,0.9414634146341463,1.0,0.9698492462311558,0.0,0.904743743128614,0.22802595853038488,0.05585406997999374,94.2002442002442,94.14634146341463,0.32410382700618356,,preprocessed,real,0.0,0,0,1638,410
Amazon_employee_access,363613,2,9,46,curriculum,0.39588730569948183,0.9414634146341463,0.9414634146341463,1.0,0.9698492462311558,0.0,0.9261934231387523,0.22727778059506665,0.05577153792213362,94.2002442002442,94.14634146341463,0.32257319800555706,,preprocessed,real,0.0,0,0,1638,410
Amazon_employee_access,363613,2,9,47,plain,0.26635362694300513,0.9414634146341463,0.9414634146341463,1.0,0.9698492462311558,0.0,0.9002739517700499,0.22956598302185538,0.05620834098102445,94.2002442002442,94.14634146341463,0.3236930000130087,,preprocessed,real,0.0,0,0,1638,410
Amazon_employee_access,363613,2,9,47,mixed,0.44224956822107087,0.9414634146341463,0.9414634146341463,1.0,0.9698492462311558,0.0,0.9303925053823616,0.22806860011199293,0.05588283315771984,94.2002442002442,94.14634146341463,0.3226270700106397,,preprocessed,real,0.0,0,0,1638,410
Amazon_employee_access,363613,2,9,47,curriculum,0.5398316062176166,0.9414634146341463,0.9414634146341463,1.0,0.9698492462311558,0.0,0.9454126653421531,0.22656129247168025,0.055689745407019126,94.2002442002442,94.14634146341463,0.32382264791522175,,preprocessed,real,0.0,0,0,1638,410
Amazon_employee_access,363613,2,9,48,plain,0.4530299617030863,0.9437652811735942,0.9437652811735942,1.0,0.9710691823899371,0.0,0.9429731270874671,0.22109266198943556,0.05376732970040117,94.14276998169616,94.37652811735941,0.32665843702852726,,preprocessed,real,0.0,0,0,1639,409
Amazon_employee_access,363613,2,9,48,mixed,0.42374408650596984,0.9437652811735942,0.9437652811735942,1.0,0.9710691823899371,0.0,0.9391573331724129,0.22257771558787237,0.053970661357061966,94.14276998169616,94.37652811735941,0.32681074901483953,,preprocessed,real,0.0,0,0,1639,409
Amazon_employee_access,363613,2,9,48,curriculum,0.47499436810092366,0.9437652811735942,0.9437652811735942,1.0,0.9710691823899371,0.0,0.9471864301326028,0.22179812207070534,0.0538857491511396,94.14276998169616,94.37652811735941,0.32793810102157295,,preprocessed,real,0.0,0,0,1639,409
Amazon_employee_access,363613,2,9,49,plain,0.4209415584415584,0.941320293398533,0.941320293398533,1.0,0.9697732997481109,0.0,0.9379465328755241,0.22746640024218512,0.05589075422710791,94.20378279438683,94.13202933985329,0.32648425200022757,,preprocessed,real,0.0,0,0,1639,409
Amazon_employee_access,363613,2,9,49,mixed,0.36677489177489175,0.941320293398533,0.941320293398533,1.0,0.9697732997481109,0.0,0.9179910008337766,0.22818046481399923,0.055942285130211114,94.20378279438683,94.13202933985329,0.327658170950599,,preprocessed,real,0.0,0,0,1639,409
Amazon_employee_access,363613,2,9,49,curriculum,0.4909090909090909,0.941320293398533,0.941320293398533,1.0,0.9697732997481109,0.0,0.9400890902351358,0.2266150820390357,0.05573238671069237,94.20378279438683,94.13202933985329,0.32792310102377087,,preprocessed,real,0.0,0,0,1639,409
bank-marketing,363618,2,13,0,plain,0.6744935543278084,0.8829268292682927,0.0,0.0,0.0,1.0,0.2685698963453069,0.34955348159106914,0.1005803401340738,11.72161172161172,11.707317073170733,0.44242891389876604,,preprocessed,real,0.0,0,0,1638,410
bank-marketing,363618,2,13,0,mixed,0.6624654696132597,0.8829268292682927,0.0,0.0,0.0,1.0,0.2409606939193852,0.3522450209419777,0.10130307166156151,11.72161172161172,11.707317073170733,0.4481919810641557,,preprocessed,real,0.0,0,0,1638,410
bank-marketing,363618,2,13,0,curriculum,0.6779465930018416,0.8829268292682927,0.0,0.0,0.0,1.0,0.2665445098820929,0.34838268047704635,0.10040104296648945,11.72161172161172,11.707317073170733,0.44748550502117723,,preprocessed,real,0.0,0,0,1638,410
bank-marketing,363618,2,13,1,plain,0.687212246777164,0.8829268292682927,0.0,0.0,0.0,1.0,0.257229308169863,0.3489378190475748,0.10042897286144033,11.72161172161172,11.707317073170733,0.4475114579545334,,preprocessed,real,0.0,0,0,1638,410
bank-marketing,363618,2,13,1,mixed,0.6877302025782689,0.8829268292682927,0.0,0.0,0.0,1.0,0.2432184322623707,0.3526867228290839,0.10137786202769195,11.72161172161172,11.707317073170733,0.4484730230178684,,preprocessed,real,0.0,0,0,1638,410
bank-marketing,363618,2,13,1,curriculum,0.7039594843462247,0.8829268292682927,0.0,0.0,0.0,1.0,0.2526857164828957,0.347948852114808,0.10031558599090948,11.72161172161172,11.707317073170733,0.44776720798108727,,preprocessed,real,0.0,0,0,1638,410
bank-marketing,363618,2,13,2,plain,0.6835865561694291,0.8829268292682927,0.0,0.0,0.0,1.0,0.3149031095856065,0.3495297325308685,0.1005823367216636,11.72161172161172,11.707317073170733,0.4463591400999576,,preprocessed,real,0.0,0,0,1638,410
bank-marketing,363618,2,13,2,mixed,0.6373733885819521,0.8829268292682927,0.0,0.0,0.0,1.0,0.18573510982467537,0.3560130688350487,0.1022597138249556,11.72161172161172,11.707317073170733,0.4476317910011858,,preprocessed,real,0.0,0,0,1638,410
bank-marketing,363618,2,13,2,curriculum,0.6941758747697975,0.8829268292682927,0.0,0.0,0.0,1.0,0.248351261900832,0.34934682626213714,0.10065550704522244,11.72161172161172,11.707317073170733,0.4492877299198881,,preprocessed,real,0.0,0,0,1638,410
bank-marketing,363618,2,13,3,plain,0.7674284395198524,0.882640586797066,0.0,0.0,0.0,1.0,0.4631117238675962,0.34450110609101603,0.09939539917334325,11.714460036607688,11.7359413202934,0.45049182896036655,,preprocessed,real,0.0,0,0,1639,409
bank-marketing,363618,2,13,3,mixed,0.7220106186518929,0.882640586797066,0.0,0.0,0.0,1.0,0.3460869836536751,0.3495777329071025,0.1006894331789946,11.714460036607688,11.7359413202934,0.45249489694833755,,preprocessed,real,0.0,0,0,1639,409
bank-marketing,363618,2,13,3,curriculum,0.7741228070175439,0.882640586797066,0.0,0.0,0.0,1.0,0.43548478532591434,0.34303089793197816,0.09914126710777567,11.714460036607688,11.7359413202934,0.45263322500977665,,preprocessed,real,0.0,0,0,1639,409
bank-marketing,363618,2,13,4,plain,0.7151431209602954,0.882640586797066,0.0,0.0,0.0,1.0,0.3094155435462934,0.34779269505672206,0.10026919786095422,11.714460036607688,11.7359413202934,0.4519147240789607,,preprocessed,real,0.0,0,0,1639,409
bank-marketing,363618,2,13,4,mixed,0.6736495844875346,0.882640586797066,0.0,0.0,0.0,1.0,0.20042694125450877,0.35586281110115464,0.10233181628847053,11.714460036607688,11.7359413202934,0.4522173209115863,,preprocessed,real,0.0,0,0,1639,409
bank-marketing,363618,2,13,4,curriculum,0.6933287165281625,0.882640586797066,0.0,0.0,0.0,1.0,0.25283969758445873,0.34938455892900705,0.10078273162528664,11.714460036607688,11.7359413202934,0.45251477998681366,,preprocessed,real,0.0,0,0,1639,409
bank-marketing,363618,2,13,5,plain,0.7139157458563536,0.8829268292682927,0.0,0.0,0.0,1.0,0.3271814946122553,0.3462638340770199,0.09970738325820101,11.72161172161172,11.707317073170733,0.4460095369722694,,preprocessed,real,0.0,0,0,1638,410
bank-marketing,363618,2,13,5,mixed,0.6779465930018417,0.8829268292682927,0.0,0.0,0.0,1.0,0.2559065452867701,0.35221518515557004,0.10124813072090821,11.72161172161172,11.707317073170733,0.4488338240189478,,preprocessed,real,0.0,0,0,1638,410
bank-marketing,363618,2,13,5,curriculum,0.7322168508287292,0.8829268292682927,0.0,0.0,0.0,1.0,0.2941213946546379,0.3454759020745483,0.09964186916334941,11.72161172161172,11.707317073170733,0.44847985298838466,,preprocessed,real,0.0,0,0,1638,410
bank-marketing,363618,2,13,6,plain,0.6805363720073665,0.8829268292682927,0.0,0.0,0.0,1.0,0.3155838812803363,0.3488830790440709,0.10045282494738714,11.72161172161172,11.707317073170733,0.4468680559657514,,preprocessed,real,0.0,0,0,1638,410
bank-marketing,363618,2,13,6,mixed,0.6538328729281768,0.8829268292682927,0.0,0.0,0.0,1.0,0.2591284732542507,0.35200609543834266,0.10121751732590774,11.72161172161172,11.707317073170733,0.44775058003142476,,preprocessed,real,0.0,0,0,1638,410
bank-marketing,363618,2,13,6,curriculum,0.662810773480663,0.8829268292682927,0.0,0.0,0.0,1.0,0.29496135059199585,0.34821594050739624,0.10034069096377742,11.72161172161172,11.707317073170733,0.44843292993027717,,preprocessed,real,0.0,0,0,1638,410
bank-marketing,363618,2,13,7,plain,0.746316758747698,0.8829268292682927,0.0,0.0,0.0,1.0,0.3581581396001974,0.34570534163393907,0.09962489078775823,11.72161172161172,11.707317073170733,0.4474061679793522,,preprocessed,real,0.0,0,0,1638,410
bank-marketing,363618,2,13,7,mixed,0.706664364640884,0.8829268292682927,0.0,0.0,0.0,1.0,0.28672219418726425,0.3507039867296299,0.10090127430140493,11.72161172161172,11.707317073170733,0.4478087490424514,,preprocessed,real,0.0,0,0,1638,410
bank-marketing,363618,2,13,7,curriculum,0.736072744014733,0.8829268292682927,0.0,0.0,0.0,1.0,0.32542645921532637,0.3450416668369385,0.09955399612028215,11.72161172161172,11.707317073170733,0.4481575359823182,,preprocessed,real,0.0,0,0,1638,410
bank-marketing,363618,2,13,8,plain,0.7172206832871653,0.882640586797066,0.0,0.0,0.0,1.0,0.34702615590858826,0.34760232274921365,0.10014143398727753,11.714460036607688,11.7359413202934,0.4535770119400695,,preprocessed,real,0.0,0,0,1639,409
bank-marketing,363618,2,13,8,mixed,0.6417936288088643,0.882640586797066,0.0,0.0,0.0,1.0,0.1917592747615022,0.35508924271423586,0.1021077670974182,11.714460036607688,11.7359413202934,0.455284159979783,,preprocessed,real,0.0,0,0,1639,409
bank-marketing,363618,2,13,8,curriculum,0.710584025854109,0.882640586797066,0.0,0.0,0.0,1.0,0.2910618003430461,0.34809259670551373,0.10038789300646564,11.714460036607688,11.7359413202934,0.4539049749728292,,preprocessed,real,0.0,0,0,1639,409
bank-marketing,363618,2,13,9,plain,0.6587603878116343,0.882640586797066,0.0,0.0,0.0,1.0,0.30680847358474145,0.34917555008264295,0.10052179132842487,11.714460036607688,11.7359413202934,0.4530338130425662,,preprocessed,real,0.0,0,0,1639,409
bank-marketing,363618,2,13,9,mixed,0.6719182825484765,0.882640586797066,0.0,0.0,0.0,1.0,0.2187313010973623,0.35413445743260186,0.1018637831452131,11.714460036607688,11.7359413202934,0.4533534599468112,,preprocessed,real,0.0,0,0,1639,409
bank-marketing,363618,2,13,9,curriculum,0.6814404432132964,0.882640586797066,0.0,0.0,0.0,1.0,0.2792266155065365,0.34880765880903003,0.10058468533238366,11.714460036607688,11.7359413202934,0.45378768106456846,,preprocessed,real,0.0,0,0,1639,409
bank-marketing,363618,2,13,10,plain,0.6466965930018417,0.8829268292682927,0.0,0.0,0.0,1.0,0.24802595160178076,0.34970715725438056,0.10051346912242182,11.72161172161172,11.707317073170733,0.4470308079617098,,preprocessed,real,0.0,0,0,1638,410
bank-marketing,363618,2,13,10,mixed,0.6103245856353591,0.8829268292682927,0.0,0.0,0.0,1.0,0.1832633173555242,0.3558065052061284,0.1021798856047286,11.72161172161172,11.707317073170733,0.4487403790699318,,preprocessed,real,0.0,0,0,1638,410
bank-marketing,363618,2,13,10,curriculum,0.6399056169429098,0.8829268292682927,0.0,0.0,0.0,1.0,0.2242001987085304,0.3504873839919881,0.10081237118284113,11.72161172161172,11.707317073170733,0.4476684909313917,,preprocessed,real,0.0,0,0,1638,410
bank-marketing,363618,2,13,11,plain,0.7569060773480664,0.8829268292682927,0.0,0.0,0.0,1.0,0.38942182556158605,0.34474329278993143,0.09941689148972661,11.72161172161172,11.707317073170733,0.44713334005791694,,preprocessed,real,0.0,0,0,1638,410
bank-marketing,363618,2,13,11,mixed,0.7450506445672191,0.8829268292682927,0.0,0.0,0.0,1.0,0.3458076005818488,0.3480941005167034,0.10024193072749248,11.72161172161172,11.707317073170733,0.44930380396544933,,preprocessed,real,0.0,0,0,1638,410
bank-marketing,363618,2,13,11,curriculum,0.7612223756906078,0.8829268292682927,0.0,0.0,0.0,1.0,0.3942984702296912,0.34221770455229594,0.09886910491695844,11.72161172161172,11.707317073170733,0.4479285889538005,,preprocessed,real,0.0,0,0,1638,410
bank-marketing,363618,2,13,12,plain,0.6950391344383057,0.8829268292682927,0.0,0.0,0.0,1.0,0.27415733388520486,0.34882334971116896,0.10046067053481657,11.72161172161172,11.707317073170733,0.4470500979805365,,preprocessed,real,0.0,0,0,1638,410
bank-marketing,363618,2,13,12,mixed,0.6772559852670349,0.8829268292682927,0.0,0.0,0.0,1.0,0.22722589386466155,0.35260310636707426,0.10143069003212148,11.72161172161172,11.707317073170733,0.4472516269888729,,preprocessed,real,0.0,0,0,1638,410
bank-marketing,363618,2,13,12,curriculum,0.7043623388581952,0.8829268292682927,0.0,0.0,0.0,1.0,0.25944105171877246,0.3482255637688146,0.10045346224169917,11.72161172161172,11.707317073170733,0.44914767891168594,,preprocessed,real,0.0,0,0,1638,410
bank-marketing,363618,2,13,13,plain,0.7143351800554016,0.882640586797066,0.0,0.0,0.0,1.0,0.3929603494624607,0.34685242356449886,0.09993762950282509,11.714460036607688,11.7359413202934,0.45353289507329464,,preprocessed,real,0.0,0,0,1639,409
bank-marketing,363618,2,13,13,mixed,0.6569136657433056,0.882640586797066,0.0,0.0,0.0,1.0,0.24067931025926587,0.3540013756832929,0.10177163370601079,11.714460036607688,11.7359413202934,0.454425000003539,,preprocessed,real,0.0,0,0,1639,409
bank-marketing,363618,2,13,13,curriculum,0.7097760849492152,0.882640586797066,0.0,0.0,0.0,1.0,0.33533674112605694,0.3469880719007994,0.10007899080788966,11.714460036607688,11.7359413202934,0.4538769649807364,,preprocessed,real,0.0,0,0,1639,409
bank-marketing,363618,2,13,14,plain,0.7254732225300092,0.882640586797066,0.0,0.0,0.0,1.0,0.37385081217053523,0.3477308870111741,0.10022239813612477,11.714460036607688,11.7359413202934,0.4529724239837378,,preprocessed,real,0.0,0,0,1639,409
bank-marketing,363618,2,13,14,mixed,0.7019852262234535,0.882640586797066,0.0,0.0,0.0,1.0,0.2525563495727786,0.35397138389712907,0.10182344213358721,11.714460036607688,11.7359413202934,0.45323245297186077,,preprocessed,real,0.0,0,0,1639,409
bank-marketing,363618,2,13,14,curriculum,0.7506925207756232,0.882640586797066,0.0,0.0,0.0,1.0,0.32598217839300925,0.3473946061900277,0.10027500437498413,11.714460036607688,11.7359413202934,0.45280894997995347,,preprocessed,real,0.0,0,0,1639,409
bank-marketing,363618,2,13,15,plain,0.6906077348066297,0.8829268292682927,0.0,0.0,0.0,1.0,0.3688149393859206,0.34556962680959236,0.09945476994528192,11.72161172161172,11.707317073170733,0.4482954479753971,,preprocessed,real,0.0,0,0,1638,410
bank-marketing,363618,2,13,15,mixed,0.6644797421731123,0.8829268292682927,0.0,0.0,0.0,1.0,0.28111916013113925,0.3523735075513262,0.10128174405983473,11.72161172161172,11.707317073170733,0.44830116105731577,,preprocessed,real,0.0,0,0,1638,410
bank-marketing,363618,2,13,15,curriculum,0.69826197053407,0.8829268292682927,0.0,0.0,0.0,1.0,0.3450744920543483,0.3455731374441647,0.0995869825219588,11.72161172161172,11.707317073170733,0.4488378929672763,,preprocessed,real,0.0,0,0,1638,410
bank-marketing,363618,2,13,16,plain,0.7449930939226519,0.8829268292682927,0.0,0.0,0.0,1.0,0.3450419351838212,0.3477525683449209,0.10020606582452526,11.72161172161172,11.707317073170733,0.44729564303997904,,preprocessed,real,0.0,0,0,1638,410
bank-marketing,363618,2,13,16,mixed,0.6850828729281768,0.8829268292682927,0.0,0.0,0.0,1.0,0.24077634113231697,0.3536939788979928,0.10168756091228197,11.72161172161172,11.707317073170733,0.4487196879927069,,preprocessed,real,0.0,0,0,1638,410
bank-marketing,363618,2,13,16,curriculum,0.7575966850828729,0.8829268292682927,0.0,0.0,0.0,1.0,0.3208787051538665,0.34729708424769096,0.10020462895192231,11.72161172161172,11.707317073170733,0.44800542504526675,,preprocessed,real,0.0,0,0,1638,410
bank-marketing,363618,2,13,17,plain,0.7001611418047883,0.8829268292682927,0.0,0.0,0.0,1.0,0.31124941785765065,0.3464488988058653,0.09974466390594564,11.72161172161172,11.707317073170733,0.44696478999685496,,preprocessed,real,0.0,0,0,1638,410
bank-marketing,363618,2,13,17,mixed,0.6809967771639042,0.8829268292682927,0.0,0.0,0.0,1.0,0.21669356134728643,0.35266266302493743,0.10144142404627593,11.72161172161172,11.707317073170733,0.44879850500728935,,preprocessed,real,0.0,0,0,1638,410
bank-marketing,363618,2,13,17,curriculum,0.691183241252302,0.8829268292682927,0.0,0.0,0.0,1.0,0.28264672122063816,0.3470957726191555,0.10003220563801679,11.72161172161172,11.707317073170733,0.44800810096785426,,preprocessed,real,0.0,0,0,1638,410
bank-marketing,363618,2,13,18,plain,0.6965027700831025,0.882640586797066,0.0,0.0,0.0,1.0,0.3174778598009198,0.3483506339966207,0.10036879475558896,11.714460036607688,11.7359413202934,0.4518747840775177,,preprocessed,real,0.0,0,0,1639,409
bank-marketing,363618,2,13,18,mixed,0.6617036011080333,0.882640586797066,0.0,0.0,0.0,1.0,0.2545902549678274,0.35214862073938225,0.1012939262050634,11.714460036607688,11.7359413202934,0.45358681899961084,,preprocessed,real,0.0,0,0,1639,409
bank-marketing,363618,2,13,18,curriculum,0.6963296398891966,0.882640586797066,0.0,0.0,0.0,1.0,0.3154514456676568,0.3468877295202687,0.10008069742469577,11.714460036607688,11.7359413202934,0.45338075002655387,,preprocessed,real,0.0,0,0,1639,409
bank-marketing,363618,2,13,19,plain,0.6787857802400739,0.882640586797066,0.0,0.0,0.0,1.0,0.31432718185050407,0.3480969548603258,0.10025447475794719,11.714460036607688,11.7359413202934,0.45204521098639816,,preprocessed,real,0.0,0,0,1639,409
bank-marketing,363618,2,13,19,mixed,0.680690212373038,0.882640586797066,0.0,0.0,0.0,1.0,0.24975492742963035,0.35214190120872735,0.10135324861820262,11.714460036607688,11.7359413202934,0.45377297000959516,,preprocessed,real,0.0,0,0,1639,409
bank-marketing,363618,2,13,19,curriculum,0.702331486611265,0.882640586797066,0.0,0.0,0.0,1.0,0.3016772135494768,0.34678477932320584,0.10006107171707593,11.714460036607688,11.7359413202934,0.4552791209425777,,preprocessed,real,0.0,0,0,1639,409
bank-marketing,363618,2,13,20,plain,0.7402163904235727,0.8829268292682927,0.0,0.0,0.0,1.0,0.3203859030638829,0.3472517037109795,0.10009490608783499,11.72161172161172,11.707317073170733,0.4467454469995573,,preprocessed,real,0.0,0,0,1638,410
bank-marketing,363618,2,13,20,mixed,0.6587246777163905,0.8829268292682927,0.0,0.0,0.0,1.0,0.19530689528057565,0.3544290439984343,0.10191020165347169,11.72161172161172,11.707317073170733,0.4484390430152416,,preprocessed,real,0.0,0,0,1638,410
bank-marketing,363618,2,13,20,curriculum,0.7314111418047882,0.8829268292682927,0.0,0.0,0.0,1.0,0.26797684189366844,0.3474430005625425,0.10026097417253259,11.72161172161172,11.707317073170733,0.44804373604711145,,preprocessed,real,0.0,0,0,1638,410
bank-marketing,363618,2,13,21,plain,0.6862914364640883,0.8829268292682927,0.0,0.0,0.0,1.0,0.3747555634404076,0.3468718993939339,0.09982839563648052,11.72161172161172,11.707317073170733,0.44730203703511506,,preprocessed,real,0.0,0,0,1638,410
bank-marketing,363618,2,13,21,mixed,0.6377762430939227,0.8829268292682927,0.0,0.0,0.0,1.0,0.2799477829404167,0.35237695585473217,0.1012846765015793,11.72161172161172,11.707317073170733,0.44929312402382493,,preprocessed,real,0.0,0,0,1638,410
bank-marketing,363618,2,13,21,curriculum,0.677255985267035,0.8829268292682927,0.0,0.0,0.0,1.0,0.3322187908625013,0.3467908061333597,0.09990149428884412,11.72161172161172,11.707317073170733,0.4483420599717647,,preprocessed,real,0.0,0,0,1638,410
bank-marketing,363618,2,13,22,plain,0.6830686003683241,0.8829268292682927,0.0,0.0,0.0,1.0,0.2766690848940099,0.34776561875720335,0.10006499779380518,11.72161172161172,11.707317073170733,0.4473975879373029,,preprocessed,real,0.0,0,0,1638,410
bank-marketing,363618,2,13,22,mixed,0.691701197053407,0.8829268292682927,0.0,0.0,0.0,1.0,0.24523396854429824,0.35242500864875953,0.10136686807015527,11.72161172161172,11.707317073170733,0.449039262952283,,preprocessed,real,0.0,0,0,1638,410
bank-marketing,363618,2,13,22,curriculum,0.6976289134438306,0.8829268292682927,0.0,0.0,0.0,1.0,0.2978350825438486,0.34703428872623393,0.10001421950657156,11.72161172161172,11.707317073170733,0.44838625902775675,,preprocessed,real,0.0,0,0,1638,410
bank-marketing,363618,2,13,23,plain,0.7072945521698983,0.882640586797066,0.0,0.0,0.0,1.0,0.34034308819037745,0.34690399413580997,0.09999382959780255,11.714460036607688,11.7359413202934,0.4530110420892015,,preprocessed,real,0.0,0,0,1639,409
bank-marketing,363618,2,13,23,mixed,0.7132386888273314,0.882640586797066,0.0,0.0,0.0,1.0,0.2849653421457407,0.35150884282165235,0.10117227287915485,11.714460036607688,11.7359413202934,0.45350729499477893,,preprocessed,real,0.0,0,0,1639,409
bank-marketing,363618,2,13,23,curriculum,0.7212026777469991,0.882640586797066,0.0,0.0,0.0,1.0,0.3074332220328999,0.34599266899757386,0.0998949053078535,11.714460036607688,11.7359413202934,0.45308986806776375,,preprocessed,real,0.0,0,0,1639,409
bank-marketing,363618,2,13,24,plain,0.7198176361957525,0.882640586797066,0.0,0.0,0.0,1.0,0.31141082812118853,0.3480983997610623,0.10035930696796187,11.714460036607688,11.7359413202934,0.4528883669991046,,preprocessed,real,0.0,0,0,1639,409
bank-marketing,363618,2,13,24,mixed,0.6962719298245613,0.882640586797066,0.0,0.0,0.0,1.0,0.2415751798277476,0.3533906544276104,0.10166048752284824,11.714460036607688,11.7359413202934,0.45338114502374083,,preprocessed,real,0.0,0,0,1639,409
bank-marketing,363618,2,13,24,curriculum,0.7318790397045244,0.882640586797066,0.0,0.0,0.0,1.0,0.29158378273776964,0.34759371483463997,0.10034292091388403,11.714460036607688,11.7359413202934,0.4531524630729109,,preprocessed,real,0.0,0,0,1639,409
bank-marketing,363618,2,13,25,plain,0.713512891344383,0.8829268292682927,0.0,0.0,0.0,1.0,0.3102853507146232,0.348144796451922,0.10026328541979879,11.72161172161172,11.707317073170733,0.44687655998859555,,preprocessed,real,0.0,0,0,1638,410
bank-marketing,363618,2,13,25,mixed,0.6787523020257827,0.8829268292682927,0.0,0.0,0.0,1.0,0.22320006131245276,0.3537678789407236,0.10168978284543788,11.72161172161172,11.707317073170733,0.4484004790429026,,preprocessed,real,0.0,0,0,1638,410
bank-marketing,363618,2,13,25,curriculum,0.7100023020257826,0.8829268292682927,0.0,0.0,0.0,1.0,0.2751976170467062,0.3482134005399866,0.100409781198943,11.72161172161172,11.707317073170733,0.4496226579649374,,preprocessed,real,0.0,0,0,1638,410
bank-marketing,363618,2,13,26,plain,0.7414825046040516,0.8829268292682927,0.0,0.0,0.0,1.0,0.40232534546358767,0.34445373951037106,0.09926316731135937,11.72161172161172,11.707317073170733,0.4487411360023543,,preprocessed,real,0.0,0,0,1638,410
bank-marketing,363618,2,13,26,mixed,0.7343462246777164,0.8829268292682927,0.0,0.0,0.0,1.0,0.3293117987164575,0.34874745778436494,0.10042969274662383,11.72161172161172,11.707317073170733,0.44865454302635044,,preprocessed,real,0.0,0,0,1638,410
bank-marketing,363618,2,13,26,curriculum,0.7530501841620627,0.8829268292682927,0.0,0.0,0.0,1.0,0.3772255311818267,0.34331039283809694,0.0991298358812253,11.72161172161172,11.707317073170733,0.448685679002665,,preprocessed,real,0.0,0,0,1638,410
bank-marketing,363618,2,13,27,plain,0.7017150092081031,0.8829268292682927,0.0,0.0,0.0,1.0,0.31623909451939763,0.34749859479764567,0.10003434153084215,11.72161172161172,11.707317073170733,0.4474948779679835,,preprocessed,real,0.0,0,0,1638,410
bank-marketing,363618,2,13,27,mixed,0.6445096685082874,0.8829268292682927,0.0,0.0,0.0,1.0,0.22326994382586451,0.3542764005075549,0.10179188827117278,11.72161172161172,11.707317073170733,0.44921056902967393,,preprocessed,real,0.0,0,0,1638,410
bank-marketing,363618,2,13,27,curriculum,0.7060888581952118,0.8829268292682927,0.0,0.0,0.0,1.0,0.2915151869153937,0.34714763528606163,0.10005777612559583,11.72161172161172,11.707317073170733,0.44794133806135505,,preprocessed,real,0.0,0,0,1638,410
bank-marketing,363618,2,13,28,plain,0.7245498614958449,0.882640586797066,0.0,0.0,0.0,1.0,0.31974616041921533,0.3471352627860309,0.10011381746456292,11.714460036607688,11.7359413202934,0.4529820120660588,,preprocessed,real,0.0,0,0,1639,409
bank-marketing,363618,2,13,28,mixed,0.696618190212373,0.882640586797066,0.0,0.0,0.0,1.0,0.2522053744418133,0.35188174274463757,0.10127459048183597,11.714460036607688,11.7359413202934,0.4541455520084128,,preprocessed,real,0.0,0,0,1639,409
bank-marketing,363618,2,13,28,curriculum,0.7205101569713758,0.882640586797066,0.0,0.0,0.0,1.0,0.3163044206875676,0.3456031554668458,0.09978987954786922,11.714460036607688,11.7359413202934,0.454471779987216,,preprocessed,real,0.0,0,0,1639,409
bank-marketing,363618,2,13,29,plain,0.6630309325946445,0.882640586797066,0.0,0.0,0.0,1.0,0.3390577840567854,0.34928744977990306,0.10050125747453847,11.714460036607688,11.7359413202934,0.45323319802992046,,preprocessed,real,0.0,0,0,1639,409
bank-marketing,363618,2,13,29,mixed,0.653393351800554,0.882640586797066,0.0,0.0,0.0,1.0,0.20768140156005366,0.3546448812891844,0.1019801966668721,11.714460036607688,11.7359413202934,0.45490277803037316,,preprocessed,real,0.0,0,0,1639,409
bank-marketing,363618,2,13,29,curriculum,0.6756694367497692,0.882640586797066,0.0,0.0,0.0,1.0,0.2885480592059021,0.3495016006576038,0.10071020072374844,11.714460036607688,11.7359413202934,0.4543988079531118,,preprocessed,real,0.0,0,0,1639,409
bank-marketing,363618,2,13,30,plain,0.7692219152854511,0.8829268292682927,0.0,0.0,0.0,1.0,0.3760608587821021,0.3478699037586806,0.10027922935680003,11.72161172161172,11.707317073170733,0.44772976601962,,preprocessed,real,0.0,0,0,1638,410
bank-marketing,363618,2,13,30,mixed,0.6952117863720073,0.8829268292682927,0.0,0.0,0.0,1.0,0.24142783789987649,0.3539956022871492,0.10177947896710987,11.72161172161172,11.707317073170733,0.4491509370272979,,preprocessed,real,0.0,0,0,1638,410
bank-marketing,363618,2,13,30,curriculum,0.7836671270718233,0.8829268292682927,0.0,0.0,0.0,1.0,0.3044084213970376,0.3472704705027859,0.10024341404693571,11.72161172161172,11.707317073170733,0.4507286889711395,,preprocessed,real,0.0,0,0,1638,410
bank-marketing,363618,2,13,31,plain,0.671213167587477,0.8829268292682927,0.0,0.0,0.0,1.0,0.32665825721080033,0.34813360949115235,0.10013593030827143,11.72161172161172,11.707317073170733,0.44906551903113723,,preprocessed,real,0.0,0,0,1638,410
bank-marketing,363618,2,13,31,mixed,0.6345534069981584,0.8829268292682927,0.0,0.0,0.0,1.0,0.21319521377075876,0.3546042076094907,0.101857606491471,11.72161172161172,11.707317073170733,0.44974909792654216,,preprocessed,real,0.0,0,0,1638,410
bank-marketing,363618,2,13,31,curriculum,0.6877302025782689,0.8829268292682927,0.0,0.0,0.0,1.0,0.27755057039511755,0.3481325309010705,0.10030365671632452,11.72161172161172,11.707317073170733,0.4493969379691407,,preprocessed,real,0.0,0,0,1638,410
bank-marketing,363618,2,13,32,plain,0.740043738489871,0.8829268292682927,0.0,0.0,0.0,1.0,0.3646345689333911,0.34649545735877874,0.09985266168327436,11.72161172161172,11.707317073170733,0.448558034026064,,preprocessed,real,0.0,0,0,1638,410
bank-marketing,363618,2,13,32,mixed,0.704304788213628,0.8829268292682927,0.0,0.0,0.0,1.0,0.2720538249471146,0.35107313661287554,0.10099266984390122,11.72161172161172,11.707317073170733,0.4497670279815793,,preprocessed,real,0.0,0,0,1638,410
bank-marketing,363618,2,13,32,curriculum,0.733713167587477,0.8829268292682927,0.0,0.0,0.0,1.0,0.35221556763859646,0.34552315156977553,0.09969883136447402,11.72161172161172,11.707317073170733,0.45023240300361067,,preprocessed,real,0.0,0,0,1638,410
bank-marketing,363618,2,13,33,plain,0.7206832871652816,0.882640586797066,0.0,0.0,0.0,1.0,0.330643790634701,0.3460305380666383,0.09974670395241225,11.714460036607688,11.7359413202934,0.45472573197912425,,preprocessed,real,0.0,0,0,1639,409
bank-marketing,363618,2,13,33,mixed,0.6986380424746076,0.882640586797066,0.0,0.0,0.0,1.0,0.24456616299106002,0.35258340691502216,0.10149640045171439,11.714460036607688,11.7359413202934,0.45500798092689365,,preprocessed,real,0.0,0,0,1639,409
bank-marketing,363618,2,13,33,curriculum,0.7272045244690675,0.882640586797066,0.0,0.0,0.0,1.0,0.3116177914078299,0.3457989120347919,0.09981146991868386,11.714460036607688,11.7359413202934,0.45491692202631384,,preprocessed,real,0.0,0,0,1639,409
bank-marketing,363618,2,13,34,plain,0.6268467220683287,0.882640586797066,0.0,0.0,0.0,1.0,0.23281330076668869,0.3513804786780974,0.10103389316623405,11.714460036607688,11.7359413202934,0.4537228940753266,,preprocessed,real,0.0,0,0,1639,409
bank-marketing,363618,2,13,34,mixed,0.628404893813481,0.882640586797066,0.0,0.0,0.0,1.0,0.23620047869995198,0.35381992790445754,0.10167768295778548,11.714460036607688,11.7359413202934,0.4556350839557126,,preprocessed,real,0.0,0,0,1639,409
bank-marketing,363618,2,13,34,curriculum,0.6325600184672207,0.882640586797066,0.0,0.0,0.0,1.0,0.22372892943879322,0.350993406370576,0.10103622256402804,11.714460036607688,11.7359413202934,0.45513323601335287,,preprocessed,real,0.0,0,0,1639,409
bank-marketing,363618,2,13,35,plain,0.6682780847145489,0.8829268292682927,0.0,0.0,0.0,1.0,0.31056850949877407,0.3484301284950089,0.10017161596415537,11.72161172161172,11.707317073170733,0.44857050699647516,,preprocessed,real,0.0,0,0,1638,410
bank-marketing,363618,2,13,35,mixed,0.6402509208103131,0.8829268292682927,0.0,0.0,0.0,1.0,0.1909611705140985,0.35535270792037993,0.10205374512644433,11.72161172161172,11.707317073170733,0.44989946694113314,,preprocessed,real,0.0,0,0,1638,410
bank-marketing,363618,2,13,35,curriculum,0.6811694290976059,0.8829268292682927,0.0,0.0,0.0,1.0,0.25921033327249543,0.3495036053109073,0.1006298145669715,11.72161172161172,11.707317073170733,0.44955632905475795,,preprocessed,real,0.0,0,0,1638,410
bank-marketing,363618,2,13,36,plain,0.7647329650092082,0.8829268292682927,0.0,0.0,0.0,1.0,0.3746032962853318,0.3454817608164357,0.0996277919545142,11.72161172161172,11.707317073170733,0.44853459601290524,,preprocessed,real,0.0,0,0,1638,410
bank-marketing,363618,2,13,36,mixed,0.7386049723756907,0.8829268292682927,0.0,0.0,0.0,1.0,0.2642475111239026,0.35148804271687273,0.10119423144696706,11.72161172161172,11.707317073170733,0.4497875199886039,,preprocessed,real,0.0,0,0,1638,410
bank-marketing,363618,2,13,36,curriculum,0.7611072744014733,0.8829268292682927,0.0,0.0,0.0,1.0,0.3167593020883839,0.3450310807915792,0.0996497386627288,11.72161172161172,11.707317073170733,0.4491170729743317,,preprocessed,real,0.0,0,0,1638,410
bank-marketing,363618,2,13,37,plain,0.7073549723756904,0.8829268292682927,0.0,0.0,0.0,1.0,0.3219980310559044,0.34850358499938155,0.10035506011896958,11.72161172161172,11.707317073170733,0.44888124300632626,,preprocessed,real,0.0,0,0,1638,410
bank-marketing,363618,2,13,37,mixed,0.6748388581952118,0.8829268292682927,0.0,0.0,0.0,1.0,0.21840372082255974,0.35427505690664257,0.1018203157367847,11.72161172161172,11.707317073170733,0.4504564310191199,,preprocessed,real,0.0,0,0,1638,410
bank-marketing,363618,2,13,37,curriculum,0.7083908839779005,0.8829268292682927,0.0,0.0,0.0,1.0,0.2755804430931734,0.34839706711424856,0.10043031339459423,11.72161172161172,11.707317073170733,0.4489775599213317,,preprocessed,real,0.0,0,0,1638,410
bank-marketing,363618,2,13,38,plain,0.6891735918744228,0.882640586797066,0.0,0.0,0.0,1.0,0.24850601290178814,0.35017086424043137,0.10087410545515522,11.714460036607688,11.7359413202934,0.45393966895062476,,preprocessed,real,0.0,0,0,1639,409
bank-marketing,363618,2,13,38,mixed,0.6879039704524469,0.882640586797066,0.0,0.0,0.0,1.0,0.25623553656047254,0.3524409597179932,0.10141986974277549,11.714460036607688,11.7359413202934,0.4550073010614142,,preprocessed,real,0.0,0,0,1639,409
bank-marketing,363618,2,13,38,curriculum,0.7019275161588181,0.882640586797066,0.0,0.0,0.0,1.0,0.2556933653412056,0.3481422345126163,0.10046481598707414,11.714460036607688,11.7359413202934,0.45546451199334115,,preprocessed,real,0.0,0,0,1639,409
bank-marketing,363618,2,13,39,plain,0.6945983379501385,0.882640586797066,0.0,0.0,0.0,1.0,0.42258824277173646,0.34693205766512525,0.09993367267237538,11.714460036607688,11.7359413202934,0.45409462705720216,,preprocessed,real,0.0,0,0,1639,409
bank-marketing,363618,2,13,39,mixed,0.6664935364727609,0.882640586797066,0.0,0.0,0.0,1.0,0.3148005250991019,0.35114683383449247,0.10102090318264986,11.714460036607688,11.7359413202934,0.4558889939216897,,preprocessed,real,0.0,0,0,1639,409
bank-marketing,363618,2,13,39,curriculum,0.6899815327793167,0.882640586797066,0.0,0.0,0.0,1.0,0.4075181766899221,0.34607024815070736,0.09975581291116178,11.714460036607688,11.7359413202934,0.4560192390345037,,preprocessed,real,0.0,0,0,1639,409
bank-marketing,363618,2,13,40,plain,0.7070672191528545,0.8829268292682927,0.0,0.0,0.0,1.0,0.3179941454353952,0.3473062940225124,0.09995679412643853,11.72161172161172,11.707317073170733,0.44882129901088774,,preprocessed,real,0.0,0,0,1638,410
bank-marketing,363618,2,13,40,mixed,0.6490561694290976,0.8829268292682927,0.0,0.0,0.0,1.0,0.19947198359626844,0.35444677664629226,0.1018580965047954,11.72161172161172,11.707317073170733,0.45083874999545515,,preprocessed,real,0.0,0,0,1638,410
bank-marketing,363618,2,13,40,curriculum,0.707700276243094,0.8829268292682927,0.0,0.0,0.0,1.0,0.26693569056120625,0.3478249948369164,0.10024770182102893,11.72161172161172,11.707317073170733,0.44960573001299053,,preprocessed,real,0.0,0,0,1638,410
bank-marketing,363618,2,13,41,plain,0.707700276243094,0.8829268292682927,0.0,0.0,0.0,1.0,0.33460012713526566,0.34839216541191287,0.10035073713955825,11.72161172161172,11.707317073170733,0.4498681699624285,,preprocessed,real,0.0,0,0,1638,410
bank-marketing,363618,2,13,41,mixed,0.6621201657458564,0.8829268292682927,0.0,0.0,0.0,1.0,0.20891754354241743,0.3543420905018239,0.10184282923523538,11.72161172161172,11.707317073170733,0.44910729699768126,,preprocessed,real,0.0,0,0,1638,410
bank-marketing,363618,2,13,41,curriculum,0.6917011970534069,0.8829268292682927,0.0,0.0,0.0,1.0,0.28273071458404453,0.3483922792245339,0.10043282131733501,11.72161172161172,11.707317073170733,0.4490026779239997,,preprocessed,real,0.0,0,0,1638,410
bank-marketing,363618,2,13,42,plain,0.6675874769797422,0.8829268292682927,0.0,0.0,0.0,1.0,0.3233134747272153,0.3475843827381177,0.10001276681932736,11.72161172161172,11.707317073170733,0.44882537401281297,,preprocessed,real,0.0,0,0,1638,410
bank-marketing,363618,2,13,42,mixed,0.6663789134438305,0.8829268292682927,0.0,0.0,0.0,1.0,0.28166903078907046,0.35124485141173994,0.10098117353129205,11.72161172161172,11.707317073170733,0.45131163008045405,,preprocessed,real,0.0,0,0,1638,410
bank-marketing,363618,2,13,42,curriculum,0.6769682320441989,0.8829268292682927,0.0,0.0,0.0,1.0,0.32781051966923236,0.3466826763225223,0.09986037286428419,11.72161172161172,11.707317073170733,0.4514540609670803,,preprocessed,real,0.0,0,0,1638,410
bank-marketing,363618,2,13,43,plain,0.7673130193905816,0.882640586797066,0.0,0.0,0.0,1.0,0.33165205821438,0.3449384510910126,0.0995494801447735,11.714460036607688,11.7359413202934,0.4543473949888721,,preprocessed,real,0.0,0,0,1639,409
bank-marketing,363618,2,13,43,mixed,0.7389196675900277,0.882640586797066,0.0,0.0,0.0,1.0,0.2988776676594535,0.3497740254065986,0.1007789484405555,11.714460036607688,11.7359413202934,0.45614951907191426,,preprocessed,real,0.0,0,0,1639,409
bank-marketing,363618,2,13,43,curriculum,0.7721029547553094,0.882640586797066,0.0,0.0,0.0,1.0,0.3337068413343896,0.3434435876017362,0.09930182682264602,11.714460036607688,11.7359413202934,0.4550869889790192,,preprocessed,real,0.0,0,0,1639,409
bank-marketing,363618,2,13,44,plain,0.7034856879039705,0.882640586797066,0.0,0.0,0.0,1.0,0.3438907394502272,0.3480409038510304,0.10025154055348576,11.714460036607688,11.7359413202934,0.4535103419329971,,preprocessed,real,0.0,0,0,1639,409
bank-marketing,363618,2,13,44,mixed,0.6869228993536473,0.882640586797066,0.0,0.0,0.0,1.0,0.24749025459279428,0.3538584342028659,0.10181082520091146,11.714460036607688,11.7359413202934,0.45521384302992374,,preprocessed,real,0.0,0,0,1639,409
bank-marketing,363618,2,13,44,curriculum,0.7256463527239151,0.882640586797066,0.0,0.0,0.0,1.0,0.29651791758553125,0.347741581737359,0.10035376785264039,11.714460036607688,11.7359413202934,0.4545561430277303,,preprocessed,real,0.0,0,0,1639,409
bank-marketing,363618,2,13,45,plain,0.6866367403314917,0.8829268292682927,0.0,0.0,0.0,1.0,0.2683465475744311,0.3486197122918745,0.10036469215567731,11.72161172161172,11.707317073170733,0.448423472000286,,preprocessed,real,0.0,0,0,1638,410
bank-marketing,363618,2,13,45,mixed,0.6937154696132597,0.8829268292682927,0.0,0.0,0.0,1.0,0.2184496611958502,0.3535618116875074,0.10171755651450372,11.72161172161172,11.707317073170733,0.4498343520099297,,preprocessed,real,0.0,0,0,1638,410
bank-marketing,363618,2,13,45,curriculum,0.7021178637200737,0.8829268292682927,0.0,0.0,0.0,1.0,0.26095459465274173,0.3476601080401326,0.10025694564036035,11.72161172161172,11.707317073170733,0.4504614769248292,,preprocessed,real,0.0,0,0,1638,410
bank-marketing,363618,2,13,46,plain,0.7087361878453038,0.8829268292682927,0.0,0.0,0.0,1.0,0.35502235658158315,0.34790802583751923,0.1001610397695121,11.72161172161172,11.707317073170733,0.4493439900688827,,preprocessed,real,0.0,0,0,1638,410
bank-marketing,363618,2,13,46,mixed,0.6595879373848987,0.8829268292682927,0.0,0.0,0.0,1.0,0.264953352517081,0.35293950062850493,0.10143385749608967,11.72161172161172,11.707317073170733,0.45045741496142,,preprocessed,real,0.0,0,0,1638,410
bank-marketing,363618,2,13,46,curriculum,0.7191528545119705,0.8829268292682927,0.0,0.0,0.0,1.0,0.30562891855221386,0.34708125671358847,0.10006935195483034,11.72161172161172,11.707317073170733,0.45073518401477486,,preprocessed,real,0.0,0,0,1638,410
bank-marketing,363618,2,13,47,plain,0.7302601289134438,0.8829268292682927,0.0,0.0,0.0,1.0,0.420001280940301,0.34555056260326517,0.09958372069613758,11.72161172161172,11.707317073170733,0.44870607799384743,,preprocessed,real,0.0,0,0,1638,410
bank-marketing,363618,2,13,47,mixed,0.6957872928176796,0.8829268292682927,0.0,0.0,0.0,1.0,0.30942279497861747,0.34996418534133866,0.10065652724222773,11.72161172161172,11.707317073170733,0.4505887759150937,,preprocessed,real,0.0,0,0,1638,410
bank-marketing,363618,2,13,47,curriculum,0.7363029465930019,0.8829268292682927,0.0,0.0,0.0,1.0,0.3987169720061148,0.344588409999518,0.09941701146697646,11.72161172161172,11.707317073170733,0.45125778298825026,,preprocessed,real,0.0,0,0,1638,410
bank-marketing,363618,2,13,48,plain,0.7093721144967683,0.882640586797066,0.0,0.0,0.0,1.0,0.3618481216468388,0.3467546895822611,0.09993313029532845,11.714460036607688,11.7359413202934,0.45393048506230116,,preprocessed,real,0.0,0,0,1639,409
bank-marketing,363618,2,13,48,mixed,0.6927516158818098,0.882640586797066,0.0,0.0,0.0,1.0,0.2512501606733432,0.3523105245282444,0.10142426340891326,11.714460036607688,11.7359413202934,0.4543810880277306,,preprocessed,real,0.0,0,0,1639,409
bank-marketing,363618,2,13,48,curriculum,0.7115073868882732,0.882640586797066,0.0,0.0,0.0,1.0,0.31584022476894746,0.34604690722613796,0.09990235105585513,11.714460036607688,11.7359413202934,0.4557547529693693,,preprocessed,real,0.0,0,0,1639,409
bank-marketing,363618,2,13,49,plain,0.700427054478301,0.882640586797066,0.0,0.0,0.0,1.0,0.284233672200339,0.34849504301481204,0.100396323211683,11.714460036607688,11.7359413202934,0.4548350280383602,,preprocessed,real,0.0,0,0,1639,409
bank-marketing,363618,2,13,49,mixed,0.6637234533702677,0.882640586797066,0.0,0.0,0.0,1.0,0.1848897573091957,0.3553343599117679,0.10217477496071532,11.714460036607688,11.7359413202934,0.4544893830316141,,preprocessed,real,0.0,0,0,1639,409
bank-marketing,363618,2,13,49,curriculum,0.693213296398892,0.882640586797066,0.0,0.0,0.0,1.0,0.24349659543548463,0.3494083991462916,0.10077471657025222,11.714460036607688,11.7359413202934,0.454839349957183,,preprocessed,real,0.0,0,0,1639,409
Bank_Customer_Churn,363619,2,10,0,plain,0.8621642533436499,0.8097560975609757,1.0,0.060240963855421686,0.11363636363636363,1.0,0.6713411616299669,0.40004539812254997,0.1238366813490567,20.39072039072039,20.243902439024392,0.35891252500005066,,preprocessed,real,0.0,0,0,1638,410
Bank_Customer_Churn,363619,2,10,0,mixed,0.8545374157179174,0.7975609756097561,0.0,0.0,0.0,1.0,0.6221338305020767,0.4155672596998886,0.13093728296879162,20.39072039072039,20.243902439024392,0.3619178739609197,,preprocessed,real,0.0,0,0,1638,410
Bank_Customer_Churn,363619,2,10,0,curriculum,0.8585166353487345,0.8073170731707318,1.0,0.04819277108433735,0.09195402298850575,1.0,0.6496473802181602,0.3989851246080011,0.12464764739858308,20.39072039072039,20.243902439024392,0.3608468179591,,preprocessed,real,0.0,0,0,1638,410
Bank_Customer_Churn,363619,2,10,1,plain,0.8377884896289804,0.8,1.0,0.023809523809523808,0.046511627906976744,1.0,0.6263244428458863,0.4209592857076341,0.13301453050166112,20.32967032967033,20.48780487804878,0.3618909149663523,,preprocessed,real,0.0,0,0,1638,410
Bank_Customer_Churn,363619,2,10,1,mixed,0.836473853345019,0.7951219512195122,0.0,0.0,0.0,1.0,0.6135292646491757,0.431705394308759,0.13757105843556006,20.32967032967033,20.48780487804878,0.3617454699706286,,preprocessed,real,0.0,0,0,1638,410
Bank_Customer_Churn,363619,2,10,1,curriculum,0.8386283961437335,0.7951219512195122,0.0,0.0,0.0,1.0,0.6276422209680279,0.42161385824618686,0.1341235843391799,20.32967032967033,20.48780487804878,0.3622033760184422,,preprocessed,real,0.0,0,0,1638,410
Bank_Customer_Churn,363619,2,10,2,plain,0.7727139935728893,0.8073170731707318,1.0,0.05952380952380952,0.11235955056179775,1.0,0.5574121594985298,0.4299019058378673,0.134946968716114,20.32967032967033,20.48780487804878,0.36133906699251384,,preprocessed,real,0.0,0,0,1638,410
Bank_Customer_Churn,363619,2,10,2,mixed,0.7738825591586327,0.7951219512195122,0.0,0.0,0.0,1.0,0.5370511305930167,0.4379354464461377,0.13876851901335063,20.32967032967033,20.48780487804878,0.3627134111011401,,preprocessed,real,0.0,0,0,1638,410
Bank_Customer_Churn,363619,2,10,2,curriculum,0.781733859187847,0.8048780487804879,1.0,0.047619047619047616,0.09090909090909091,1.0,0.5577265231734571,0.4279902295974125,0.1349174137814237,20.32967032967033,20.48780487804878,0.36181758902966976,,preprocessed,real,0.0,0,0,1638,410
Bank_Customer_Churn,363619,2,10,3,plain,0.8702417030083525,0.80440097799511,1.0,0.03614457831325301,0.06976744186046512,1.0,0.6996916206533673,0.4060209167229889,0.12669454461980872,20.378279438682124,20.293398533007334,0.3664635809836909,,preprocessed,real,0.0,0,0,1639,409
Bank_Customer_Churn,363619,2,10,3,mixed,0.8686155665607214,0.7970660146699267,0.0,0.0,0.0,1.0,0.6921936734791522,0.42154339177857625,0.13325874632431178,20.378279438682124,20.293398533007334,0.3659058309858665,,preprocessed,real,0.0,0,0,1639,409
Bank_Customer_Churn,363619,2,10,3,curriculum,0.8755636041096903,0.8019559902200489,1.0,0.024096385542168676,0.047058823529411764,1.0,0.7057248771106462,0.40528253135602577,0.12741510821122695,20.378279438682124,20.293398533007334,0.3667578629683703,,preprocessed,real,0.0,0,0,1639,409
Bank_Customer_Churn,363619,2,10,4,plain,0.7900805676694508,0.8092909535452323,0.8571428571428571,0.07228915662650602,0.13333333333333333,0.9969325153374233,0.5376974766968846,0.4209212223859686,0.13181793528899818,20.378279438682124,20.293398533007334,0.36533419496845454,,preprocessed,real,0.0,0,0,1639,409
Bank_Customer_Churn,363619,2,10,4,mixed,0.7918914923497671,0.7995110024449877,1.0,0.012048192771084338,0.023809523809523808,1.0,0.5545515584151213,0.427706384944759,0.13500132081863422,20.378279438682124,20.293398533007334,0.3666996550746262,,preprocessed,real,0.0,0,0,1639,409
Bank_Customer_Churn,363619,2,10,4,curriculum,0.798211249907606,0.7995110024449877,0.6666666666666666,0.024096385542168676,0.046511627906976744,0.9969325153374233,0.5523292443012868,0.41799649313393583,0.13151090484706604,20.378279438682124,20.293398533007334,0.36553916498087347,,preprocessed,real,0.0,0,0,1639,409
Bank_Customer_Churn,363619,2,10,5,plain,0.8158137135698759,0.8048780487804879,1.0,0.03614457831325301,0.06976744186046512,1.0,0.6160705552237119,0.41179987897586723,0.12840627782031813,20.39072039072039,20.243902439024392,0.36055495601613075,,preprocessed,real,0.0,0,0,1638,410
Bank_Customer_Churn,363619,2,10,5,mixed,0.8135661913709884,0.7975609756097561,0.0,0.0,0.0,1.0,0.5890177469334159,0.4241320772457696,0.13389220792978462,20.39072039072039,20.243902439024392,0.3619629949098453,,preprocessed,real,0.0,0,0,1638,410
Bank_Customer_Churn,363619,2,10,5,curriculum,0.8167716738513688,0.802439024390244,1.0,0.024096385542168676,0.047058823529411764,1.0,0.5982218916428884,0.4129048823193327,0.12975969889160965,20.39072039072039,20.243902439024392,0.3614611909724772,,preprocessed,real,0.0,0,0,1638,410
Bank_Customer_Churn,363619,2,10,6,plain,0.7937846917908268,0.802439024390244,1.0,0.03571428571428571,0.06896551724137931,1.0,0.5886741307996973,0.4252867175165272,0.1337512540028561,20.32967032967033,20.48780487804878,0.3606957399751991,,preprocessed,real,0.0,0,0,1638,410
Bank_Customer_Churn,363619,2,10,6,mixed,0.7917762196903301,0.7951219512195122,0.0,0.0,0.0,1.0,0.5714983479006265,0.4350126248807433,0.13809598036147314,20.32967032967033,20.48780487804878,0.3623220780864358,,preprocessed,real,0.0,0,0,1638,410
Bank_Customer_Churn,363619,2,10,6,curriculum,0.8008326029798423,0.7975609756097561,1.0,0.011904761904761904,0.023529411764705882,1.0,0.5811084336032082,0.4237968633014096,0.13399527664199642,20.32967032967033,20.48780487804878,0.3617837270721793,,preprocessed,real,0.0,0,0,1638,410
Bank_Customer_Churn,363619,2,10,7,plain,0.8435217645340345,0.8073170731707318,1.0,0.05952380952380952,0.11235955056179775,1.0,0.6428021916153552,0.41182617891763473,0.12865988218019314,20.32967032967033,20.48780487804878,0.36080919206142426,,preprocessed,real,0.0,0,0,1638,410
Bank_Customer_Churn,363619,2,10,7,mixed,0.8427183756938359,0.7951219512195122,0.0,0.0,0.0,1.0,0.6454676415170337,0.4232917632582582,0.13398127467500587,20.32967032967033,20.48780487804878,0.3613879829645157,,preprocessed,real,0.0,0,0,1638,410
Bank_Customer_Churn,363619,2,10,7,curriculum,0.8499123575810692,0.8048780487804879,1.0,0.047619047619047616,0.09090909090909091,1.0,0.6564744496929872,0.40994057599456735,0.1290906785560796,20.32967032967033,20.48780487804878,0.36222507897764444,,preprocessed,real,0.0,0,0,1638,410
Bank_Customer_Churn,363619,2,10,8,plain,0.8393451105033631,0.8092909535452323,1.0,0.060240963855421686,0.11363636363636363,1.0,0.6474265178315673,0.4096747063487801,0.1279014662376283,20.378279438682124,20.293398533007334,0.3637595110340044,,preprocessed,real,0.0,0,0,1639,409
Bank_Customer_Churn,363619,2,10,8,mixed,0.8421169339936433,0.7970660146699267,0.0,0.0,0.0,1.0,0.6480871881201699,0.42116264562738776,0.13313453559802577,20.378279438682124,20.293398533007334,0.3652915919665247,,preprocessed,real,0.0,0,0,1639,409
Bank_Customer_Churn,363619,2,10,8,curriculum,0.8469214280434622,0.8068459657701712,1.0,0.04819277108433735,0.09195402298850575,1.0,0.6618388879869671,0.40714231329342254,0.12785267492383603,20.378279438682124,20.293398533007334,0.36610392096918076,,preprocessed,real,0.0,0,0,1639,409
Bank_Customer_Churn,363619,2,10,9,plain,0.8486953950772415,0.80440097799511,1.0,0.03614457831325301,0.06976744186046512,1.0,0.6416173356005215,0.4087580366775486,0.12742659039371776,20.378279438682124,20.293398533007334,0.37322227098047733,,preprocessed,real,0.0,0,0,1639,409
Bank_Customer_Churn,363619,2,10,9,mixed,0.8423386798728657,0.7970660146699267,0.0,0.0,0.0,1.0,0.622026362044318,0.4204938545615107,0.13265764787756085,20.378279438682124,20.293398533007334,0.3660424599656835,,preprocessed,real,0.0,0,0,1639,409
Bank_Customer_Churn,363619,2,10,9,curriculum,0.850617192697169,0.80440097799511,1.0,0.03614457831325301,0.06976744186046512,1.0,0.6385300619381855,0.40732794013843315,0.12784288112496864,20.378279438682124,20.293398533007334,0.3646436509443447,,preprocessed,real,0.0,0,0,1639,409
Bank_Customer_Churn,363619,2,10,10,plain,0.8350466084521573,0.8073170731707318,1.0,0.04819277108433735,0.09195402298850575,1.0,0.6425909651968806,0.41220395146347544,0.12853485490985417,20.39072039072039,20.243902439024392,0.3610612030606717,,preprocessed,real,0.0,0,0,1638,410
Bank_Customer_Churn,363619,2,10,10,mixed,0.831583213588298,0.7975609756097561,0.0,0.0,0.0,1.0,0.6178664517956286,0.4234906646389092,0.1336270472727966,20.39072039072039,20.243902439024392,0.36251317895948887,,preprocessed,real,0.0,0,0,1638,410
Bank_Customer_Churn,363619,2,10,10,curriculum,0.8343465605541431,0.8048780487804879,1.0,0.03614457831325301,0.06976744186046512,1.0,0.6445568168000068,0.4103533726178211,0.12856349517551668,20.39072039072039,20.243902439024392,0.36187318805605173,,preprocessed,real,0.0,0,0,1638,410
Bank_Customer_Churn,363619,2,10,11,plain,0.8415498101080924,0.8,1.0,0.023809523809523808,0.046511627906976744,1.0,0.6708284681765847,0.4118864610015965,0.12910316754394707,20.32967032967033,20.48780487804878,0.3618691860465333,,preprocessed,real,0.0,0,0,1638,410
Bank_Customer_Churn,363619,2,10,11,mixed,0.8386283961437336,0.7951219512195122,0.0,0.0,0.0,1.0,0.6605419325287255,0.42664162980562415,0.13543711620799756,20.32967032967033,20.48780487804878,0.36194402701221406,,preprocessed,real,0.0,0,0,1638,410
Bank_Customer_Churn,363619,2,10,11,curriculum,0.8430105170902716,0.7951219512195122,0.0,0.0,0.0,1.0,0.6585397275403446,0.4131693713159587,0.13061568694753609,20.32967032967033,20.48780487804878,0.36240542808081955,,preprocessed,real,0.0,0,0,1638,410
Bank_Customer_Churn,363619,2,10,12,plain,0.8264314928425359,0.8073170731707318,1.0,0.05952380952380952,0.11235955056179775,1.0,0.6254334183266959,0.41664616672392984,0.13034125987693992,20.32967032967033,20.48780487804878,0.36116016597952694,,preprocessed,real,0.0,0,0,1638,410
Bank_Customer_Churn,363619,2,10,12,mixed,0.8259567630733274,0.7951219512195122,0.0,0.0,0.0,1.0,0.622204216665154,0.42655390596138876,0.1349546409261876,20.32967032967033,20.48780487804878,0.3616760909790173,,preprocessed,real,0.0,0,0,1638,410
Bank_Customer_Churn,363619,2,10,12,curriculum,0.8315074496056092,0.802439024390244,1.0,0.03571428571428571,0.06896551724137931,1.0,0.6212042277819312,0.414707927715517,0.13065088142097794,20.32967032967033,20.48780487804878,0.36154338298365474,,preprocessed,real,0.0,0,0,1638,410
Bank_Customer_Churn,363619,2,10,13,plain,0.8142139108581565,0.8068459657701712,1.0,0.04819277108433735,0.09195402298850575,1.0,0.634460430240735,0.41356647453177003,0.12881982402046976,20.378279438682124,20.293398533007334,0.36493661801796407,,preprocessed,real,0.0,0,0,1639,409
Bank_Customer_Churn,363619,2,10,13,mixed,0.8154704708404169,0.7970660146699267,0.0,0.0,0.0,1.0,0.6253901274071719,0.4244098401334411,0.13387105189892942,20.378279438682124,20.293398533007334,0.36703196400776505,,preprocessed,real,0.0,0,0,1639,409
Bank_Customer_Churn,363619,2,10,13,curriculum,0.8242294330697021,0.8019559902200489,1.0,0.024096385542168676,0.047058823529411764,1.0,0.630319054664022,0.41251006358241865,0.1295616054161223,20.378279438682124,20.293398533007334,0.36630119604524225,,preprocessed,real,0.0,0,0,1639,409
Bank_Customer_Churn,363619,2,10,14,plain,0.806933254490354,0.8092909535452323,0.7777777777777778,0.08433734939759036,0.15217391304347827,0.9938650306748467,0.570719106031002,0.4159939680840823,0.13016349114028,20.378279438682124,20.293398533007334,0.3654632440302521,,preprocessed,real,0.0,0,0,1639,409
Bank_Customer_Churn,363619,2,10,14,mixed,0.8065267203784463,0.7995110024449877,1.0,0.012048192771084338,0.023809523809523808,1.0,0.559576226565412,0.4259194305851853,0.134670511709625,20.378279438682124,20.293398533007334,0.36667323496658355,,preprocessed,real,0.0,0,0,1639,409
Bank_Customer_Churn,363619,2,10,14,curriculum,0.8132899696947299,0.8092909535452323,0.8571428571428571,0.07228915662650602,0.13333333333333333,0.9969325153374233,0.5849904062787724,0.4137943652025478,0.12998606271234558,20.378279438682124,20.293398533007334,0.365954312030226,,preprocessed,real,0.0,0,0,1639,409
Bank_Customer_Churn,363619,2,10,15,plain,0.8669908993773258,0.8097560975609757,1.0,0.060240963855421686,0.11363636363636363,1.0,0.6730710626032331,0.40150035838067194,0.12518716592344517,20.39072039072039,20.243902439024392,0.3603366110473871,,preprocessed,real,0.0,0,0,1638,410
Bank_Customer_Churn,363619,2,10,15,mixed,0.8680225489112413,0.7975609756097561,0.0,0.0,0.0,1.0,0.6674967598483864,0.4153920040830903,0.13141288174942845,20.39072039072039,20.243902439024392,0.36123198992572725,,preprocessed,real,0.0,0,0,1638,410
Bank_Customer_Churn,363619,2,10,15,curriculum,0.8713754098964666,0.802439024390244,1.0,0.024096385542168676,0.047058823529411764,1.0,0.6686443792220669,0.4007774855983815,0.1262795599998094,20.39072039072039,20.243902439024392,0.3627742499811575,,preprocessed,real,0.0,0,0,1638,410
Bank_Customer_Churn,363619,2,10,16,plain,0.8380441133508618,0.8073170731707318,1.0,0.05952380952380952,0.11235955056179775,1.0,0.6460626500782632,0.41695727297130075,0.1309933046587518,20.32967032967033,20.48780487804878,0.362243271083571,,preprocessed,real,0.0,0,0,1638,410
Bank_Customer_Churn,363619,2,10,16,mixed,0.8313978965819457,0.7951219512195122,0.0,0.0,0.0,1.0,0.6224292799594222,0.4297957233582266,0.13656914062465095,20.32967032967033,20.48780487804878,0.3626439069630578,,preprocessed,real,0.0,0,0,1638,410
Bank_Customer_Churn,363619,2,10,16,curriculum,0.8433756938358166,0.802439024390244,1.0,0.03571428571428571,0.06896551724137931,1.0,0.6543442194343992,0.41480256315044306,0.13100383413739994,20.32967032967033,20.48780487804878,0.36228692100849,,preprocessed,real,0.0,0,0,1638,410
Bank_Customer_Churn,363619,2,10,17,plain,0.8027680397312299,0.8097560975609757,0.8,0.09523809523809523,0.1702127659574468,0.9938650306748467,0.564765954757166,0.4207227357613454,0.1317986274785277,20.32967032967033,20.48780487804878,0.3606799690751359,,preprocessed,real,0.0,0,0,1638,410
Bank_Customer_Churn,363619,2,10,17,mixed,0.8022202746129127,0.7951219512195122,0.0,0.0,0.0,1.0,0.5532427611584243,0.42899818395245937,0.13551853460409752,20.32967032967033,20.48780487804878,0.36289681505877525,,preprocessed,real,0.0,0,0,1638,410
Bank_Customer_Churn,363619,2,10,17,curriculum,0.8077344434706398,0.8097560975609757,1.0,0.07142857142857142,0.13333333333333333,1.0,0.5594525197065466,0.4195278274130035,0.1322187626994498,20.32967032967033,20.48780487804878,0.3618124519707635,,preprocessed,real,0.0,0,0,1638,410
Bank_Customer_Churn,363619,2,10,18,plain,0.8277034518441865,0.80440097799511,1.0,0.03614457831325301,0.06976744186046512,1.0,0.6511474506024924,0.4108873438059486,0.12765719954878207,20.378279438682124,20.293398533007334,0.3656813660636544,,preprocessed,real,0.0,0,0,1639,409
Bank_Customer_Churn,363619,2,10,18,mixed,0.8312144282652081,0.7970660146699267,0.0,0.0,0.0,1.0,0.6364965580227927,0.42168488496160367,0.13268884502003436,20.378279438682124,20.293398533007334,0.36708152503706515,,preprocessed,real,0.0,0,0,1639,409
Bank_Customer_Churn,363619,2,10,18,curriculum,0.8308078941533003,0.8019559902200489,1.0,0.024096385542168676,0.047058823529411764,1.0,0.6306190098602409,0.41006384931062,0.12822914643718336,20.378279438682124,20.293398533007334,0.36607300105970353,,preprocessed,real,0.0,0,0,1639,409
Bank_Customer_Churn,363619,2,10,19,plain,0.7973612240372533,0.8092909535452323,1.0,0.060240963855421686,0.11363636363636363,1.0,0.5986516347085644,0.4211323901961911,0.1319031497228717,20.378279438682124,20.293398533007334,0.36656915000639856,,preprocessed,real,0.0,0,0,1639,409
Bank_Customer_Churn,363619,2,10,19,mixed,0.7965111981669007,0.7970660146699267,0.0,0.0,0.0,1.0,0.6217766633379183,0.4314955770214766,0.13647346099084914,20.378279438682124,20.293398533007334,0.365866526030004,,preprocessed,real,0.0,0,0,1639,409
Bank_Customer_Churn,363619,2,10,19,curriculum,0.8040875157069998,0.8068459657701712,1.0,0.04819277108433735,0.09195402298850575,1.0,0.6208063269638159,0.41959301411183725,0.1320122401547669,20.378279438682124,20.293398533007334,0.3663725360529497,,preprocessed,real,0.0,0,0,1639,409
Bank_Customer_Churn,363619,2,10,20,plain,0.8299988946612136,0.8048780487804879,1.0,0.03614457831325301,0.06976744186046512,1.0,0.6320960268495021,0.40941313322845985,0.12774981245341563,20.39072039072039,20.243902439024392,0.3598837499739602,,preprocessed,real,0.0,0,0,1638,410
Bank_Customer_Churn,363619,2,10,20,mixed,0.8301462731660587,0.7975609756097561,0.0,0.0,0.0,1.0,0.6115320084484541,0.4205613766752512,0.13309320053284643,20.39072039072039,20.243902439024392,0.36280298000201583,,preprocessed,real,0.0,0,0,1638,410
Bank_Customer_Churn,363619,2,10,20,curriculum,0.8407575255149037,0.802439024390244,1.0,0.024096385542168676,0.047058823529411764,1.0,0.6201524405024927,0.4082421933525742,0.12863838453923948,20.39072039072039,20.243902439024392,0.36131749697960913,,preprocessed,real,0.0,0,0,1638,410
Bank_Customer_Churn,363619,2,10,21,plain,0.8391761612620509,0.8097560975609757,1.0,0.07142857142857142,0.13333333333333333,1.0,0.6196378059055258,0.4114660715709514,0.12860384494726493,20.32967032967033,20.48780487804878,0.360925451037474,,preprocessed,real,0.0,0,0,1638,410
Bank_Customer_Churn,363619,2,10,21,mixed,0.8374963482325446,0.7951219512195122,0.0,0.0,0.0,1.0,0.6085898937226492,0.4230423120305554,0.13382227876126226,20.32967032967033,20.48780487804878,0.3623925599968061,,preprocessed,real,0.0,0,0,1638,410
Bank_Customer_Churn,363619,2,10,21,curriculum,0.8407829389424483,0.8097560975609757,1.0,0.07142857142857142,0.13333333333333333,1.0,0.607925753176625,0.41131258410673105,0.1294889723988991,20.32967032967033,20.48780487804878,0.3618945349007845,,preprocessed,real,0.0,0,0,1638,410
Bank_Customer_Churn,363619,2,10,22,plain,0.8140885188431201,0.802439024390244,1.0,0.03571428571428571,0.06896551724137931,1.0,0.6023478210847155,0.42095226691099646,0.13247164721504223,20.32967032967033,20.48780487804878,0.36140698206145316,,preprocessed,real,0.0,0,0,1638,410
Bank_Customer_Churn,363619,2,10,22,mixed,0.8145997662868828,0.7951219512195122,0.0,0.0,0.0,1.0,0.5899955324062067,0.4324488433123328,0.13744032110396845,20.32967032967033,20.48780487804878,0.36285284894984215,,preprocessed,real,0.0,0,0,1638,410
Bank_Customer_Churn,363619,2,10,22,curriculum,0.8178863569967865,0.8,1.0,0.023809523809523808,0.046511627906976744,1.0,0.5981061222179527,0.4202131152217981,0.13297022176615375,20.32967032967033,20.48780487804878,0.3614855681080371,,preprocessed,real,0.0,0,0,1638,410
Bank_Customer_Churn,363619,2,10,23,plain,0.8003547934067559,0.8117359413202934,1.0,0.07228915662650602,0.1348314606741573,1.0,0.5894722081313488,0.42112256695102956,0.1318525200495755,20.378279438682124,20.293398533007334,0.3663426589919254,,preprocessed,real,0.0,0,0,1639,409
Bank_Customer_Churn,363619,2,10,23,mixed,0.7995047675364032,0.7995110024449877,1.0,0.012048192771084338,0.023809523809523808,1.0,0.5871507938244682,0.4303052765461453,0.1359476670015793,20.378279438682124,20.293398533007334,0.36636805802118033,,preprocessed,real,0.0,0,0,1639,409
Bank_Customer_Churn,363619,2,10,23,curriculum,0.8049375415773523,0.8068459657701712,1.0,0.04819277108433735,0.09195402298850575,1.0,0.6136302940959246,0.41920765780576347,0.13173249815985033,20.378279438682124,20.293398533007334,0.3672274600248784,,preprocessed,real,0.0,0,0,1639,409
Bank_Customer_Churn,363619,2,10,24,plain,0.8450735457166088,0.8019559902200489,1.0,0.024096385542168676,0.047058823529411764,1.0,0.6822723797279456,0.4082585464393823,0.12716490074910955,20.378279438682124,20.293398533007334,0.3675450019072741,,preprocessed,real,0.0,0,0,1639,409
Bank_Customer_Churn,363619,2,10,24,mixed,0.8401212210806415,0.7970660146699267,0.0,0.0,0.0,1.0,0.6663371693479514,0.42163831590283884,0.13308484035812684,20.378279438682124,20.293398533007334,0.3673268649727106,,preprocessed,real,0.0,0,0,1639,409
Bank_Customer_Churn,363619,2,10,24,curriculum,0.8472910045088329,0.7995110024449877,1.0,0.012048192771084338,0.023809523809523808,1.0,0.6720953537116616,0.4068944781325609,0.1277618134980889,20.378279438682124,20.293398533007334,0.36622997000813484,,preprocessed,real,0.0,0,0,1639,409
Bank_Customer_Churn,363619,2,10,25,plain,0.8314726797096643,0.8073170731707318,1.0,0.04819277108433735,0.09195402298850575,1.0,0.6645073170488366,0.4119097787879865,0.1281946106540634,20.39072039072039,20.243902439024392,0.3611141820438206,,preprocessed,real,0.0,0,0,1638,410
Bank_Customer_Churn,363619,2,10,25,mixed,0.8316937474669319,0.7975609756097561,0.0,0.0,0.0,1.0,0.6574273458916593,0.42350758930227916,0.13349952934426526,20.39072039072039,20.243902439024392,0.3626872629392892,,preprocessed,real,0.0,0,0,1638,410
Bank_Customer_Churn,363619,2,10,25,curriculum,0.8276408385836926,0.8073170731707318,1.0,0.04819277108433735,0.09195402298850575,1.0,0.6559015597102741,0.4112472044235036,0.1286186142353718,20.39072039072039,20.243902439024392,0.3628950649872422,,preprocessed,real,0.0,0,0,1638,410
Bank_Customer_Churn,363619,2,10,26,plain,0.8134677183756938,0.8048780487804879,0.8333333333333334,0.05952380952380952,0.1111111111111111,0.9969325153374233,0.5773297018617706,0.4170492957169146,0.13084089359587678,20.32967032967033,20.48780487804878,0.3611454570200294,,preprocessed,real,0.0,0,0,1638,410
Bank_Customer_Churn,363619,2,10,26,mixed,0.8144902132632195,0.7951219512195122,0.0,0.0,0.0,1.0,0.5462051815526991,0.42553151485844104,0.1349317663537466,20.32967032967033,20.48780487804878,0.3626856489572674,,preprocessed,real,0.0,0,0,1638,410
Bank_Customer_Churn,363619,2,10,26,curriculum,0.8183976044405492,0.802439024390244,0.8,0.047619047619047616,0.0898876404494382,0.9969325153374233,0.5727529542815817,0.4155573542311075,0.1312190367467605,20.32967032967033,20.48780487804878,0.36164433194790035,,preprocessed,real,0.0,0,0,1638,410
Bank_Customer_Churn,363619,2,10,27,plain,0.8475021910604733,0.802439024390244,1.0,0.03571428571428571,0.06896551724137931,1.0,0.6527712554449249,0.4117288574998547,0.12896016175158345,20.32967032967033,20.48780487804878,0.36118785897269845,,preprocessed,real,0.0,0,0,1638,410
Bank_Customer_Churn,363619,2,10,27,mixed,0.8463701431492843,0.7951219512195122,0.0,0.0,0.0,1.0,0.6469614032710056,0.4252237163402583,0.13482868320362376,20.32967032967033,20.48780487804878,0.3623969230102375,,preprocessed,real,0.0,0,0,1638,410
Bank_Customer_Churn,363619,2,10,27,curriculum,0.855463044113351,0.8,1.0,0.023809523809523808,0.046511627906976744,1.0,0.6541554015975392,0.4113614058780323,0.1298812694065813,20.32967032967033,20.48780487804878,0.3622658340027556,,preprocessed,real,0.0,0,0,1638,410
Bank_Customer_Churn,363619,2,10,28,plain,0.8098159509202453,0.8117359413202934,1.0,0.07228915662650602,0.1348314606741573,1.0,0.6262631843803718,0.41581540452879984,0.12959401765288153,20.378279438682124,20.293398533007334,0.3642816599458456,,preprocessed,real,0.0,0,0,1639,409
Bank_Customer_Churn,363619,2,10,28,mixed,0.8060462709734644,0.7970660146699267,0.0,0.0,0.0,1.0,0.6226743453713961,0.4269855087233886,0.13437453695471657,20.378279438682124,20.293398533007334,0.3656119459774345,,preprocessed,real,0.0,0,0,1639,409
Bank_Customer_Churn,363619,2,10,28,curriculum,0.8169487767018996,0.8092909535452323,1.0,0.060240963855421686,0.11363636363636363,1.0,0.6284089534368211,0.4134748721454319,0.1294651120517358,20.378279438682124,20.293398533007334,0.36484024103265256,,preprocessed,real,0.0,0,0,1639,409
Bank_Customer_Churn,363619,2,10,29,plain,0.8270012565599824,0.8019559902200489,1.0,0.024096385542168676,0.047058823529411764,1.0,0.6163461697028132,0.41400442310738145,0.12967678619768142,20.378279438682124,20.293398533007334,0.36609624105039984,,preprocessed,real,0.0,0,0,1639,409
Bank_Customer_Churn,363619,2,10,29,mixed,0.8297361224037254,0.7970660146699267,0.0,0.0,0.0,1.0,0.6053195414017434,0.424979148590617,0.13479173082881474,20.378279438682124,20.293398533007334,0.3669178989948705,,preprocessed,real,0.0,0,0,1639,409
Bank_Customer_Churn,363619,2,10,29,curriculum,0.8337645058762658,0.8019559902200489,1.0,0.024096385542168676,0.047058823529411764,1.0,0.6029991367697374,0.4126678548426814,0.1303404819051831,20.378279438682124,20.293398533007334,0.36597372591495514,,preprocessed,real,0.0,0,0,1639,409
Bank_Customer_Churn,363619,2,10,30,plain,0.8182823035260307,0.8048780487804879,1.0,0.03614457831325301,0.06976744186046512,1.0,0.6164289856530566,0.41616763367991494,0.1305649239011896,20.39072039072039,20.243902439024392,0.36089304799679667,,preprocessed,real,0.0,0,0,1638,410
Bank_Customer_Churn,363619,2,10,30,mixed,0.8139714822593125,0.7975609756097561,0.0,0.0,0.0,1.0,0.587489248234284,0.42903688214556407,0.13624329252219744,20.39072039072039,20.243902439024392,0.3622422169428319,,preprocessed,real,0.0,0,0,1638,410
Bank_Customer_Churn,363619,2,10,30,curriculum,0.8249880254964813,0.8048780487804879,1.0,0.03614457831325301,0.06976744186046512,1.0,0.602685785304093,0.41581825070443773,0.13159352970576252,20.39072039072039,20.243902439024392,0.3617294280556962,,preprocessed,real,0.0,0,0,1638,410
Bank_Customer_Churn,363619,2,10,31,plain,0.7772056675430908,0.802439024390244,0.7142857142857143,0.05952380952380952,0.10989010989010989,0.9938650306748467,0.49334513690310294,0.4336832800532309,0.1372733192608051,20.32967032967033,20.48780487804878,0.35948119894601405,,preprocessed,real,0.0,0,0,1638,410
Bank_Customer_Churn,363619,2,10,31,mixed,0.7772787028921998,0.7975609756097561,1.0,0.011904761904761904,0.023529411764705882,1.0,0.48941288134173677,0.4405531468569659,0.1402462132212077,20.32967032967033,20.48780487804878,0.36256473301909864,,preprocessed,real,0.0,0,0,1638,410
Bank_Customer_Churn,363619,2,10,31,curriculum,0.7836327782646803,0.8,0.75,0.03571428571428571,0.06818181818181818,0.9969325153374233,0.5075954205845986,0.43187739384086565,0.13707760924049026,20.32967032967033,20.48780487804878,0.36298627289943397,,preprocessed,real,0.0,0,0,1638,410
Bank_Customer_Churn,363619,2,10,32,plain,0.8210268770084722,0.8097560975609757,1.0,0.07142857142857142,0.13333333333333333,1.0,0.6034107748247871,0.4176076562062974,0.13101676624051178,20.32967032967033,20.48780487804878,0.3607464130036533,,preprocessed,real,0.0,0,0,1638,410
Bank_Customer_Churn,363619,2,10,32,mixed,0.8208808063102543,0.7951219512195122,0.0,0.0,0.0,1.0,0.5976556602507057,0.4276972195594087,0.13563818473389513,20.32967032967033,20.48780487804878,0.36253836506512016,,preprocessed,real,0.0,0,0,1638,410
Bank_Customer_Churn,363619,2,10,32,curriculum,0.8233274905054047,0.8073170731707318,1.0,0.05952380952380952,0.11235955056179775,1.0,0.6061416138174129,0.4160030780640389,0.13127723806520636,20.32967032967033,20.48780487804878,0.3615879969438538,,preprocessed,real,0.0,0,0,1638,410
Bank_Customer_Churn,363619,2,10,33,plain,0.8388277034518442,0.8068459657701712,1.0,0.04819277108433735,0.09195402298850575,1.0,0.6787735531039338,0.4080242915382451,0.12661474212534224,20.378279438682124,20.293398533007334,0.36451468302402645,,preprocessed,real,0.0,0,0,1639,409
Bank_Customer_Churn,363619,2,10,33,mixed,0.8388277034518442,0.7970660146699267,0.0,0.0,0.0,1.0,0.6612294729297759,0.4200870178510515,0.13230000821297172,20.378279438682124,20.293398533007334,0.3662773660616949,,preprocessed,real,0.0,0,0,1639,409
Bank_Customer_Churn,363619,2,10,33,curriculum,0.8418212728213469,0.8019559902200489,1.0,0.024096385542168676,0.047058823529411764,1.0,0.6695763337497397,0.4067110788540838,0.12711240840219654,20.378279438682124,20.293398533007334,0.36603715899400413,,preprocessed,real,0.0,0,0,1639,409
Bank_Customer_Churn,363619,2,10,34,plain,0.8806637593318057,0.8068459657701712,1.0,0.04819277108433735,0.09195402298850575,1.0,0.7302936665328513,0.40476963182154485,0.1258030400040217,20.378279438682124,20.293398533007334,0.36502247699536383,,preprocessed,real,0.0,0,0,1639,409
Bank_Customer_Churn,363619,2,10,34,mixed,0.8774854017296179,0.7970660146699267,0.0,0.0,0.0,1.0,0.7439987902203298,0.4188241067691367,0.13198277816514697,20.378279438682124,20.293398533007334,0.3663547430187464,,preprocessed,real,0.0,0,0,1639,409
Bank_Customer_Churn,363619,2,10,34,curriculum,0.8822159804863626,0.7995110024449877,1.0,0.012048192771084338,0.023809523809523808,1.0,0.7426016589405767,0.40264523558588877,0.12604245538868605,20.378279438682124,20.293398533007334,0.3656405940419063,,preprocessed,real,0.0,0,0,1639,409
Bank_Customer_Churn,363619,2,10,35,plain,0.8090343023470027,0.8097560975609757,1.0,0.060240963855421686,0.11363636363636363,1.0,0.6171256090109091,0.4179211683536496,0.13073881484866115,20.39072039072039,20.243902439024392,0.3599869579775259,,preprocessed,real,0.0,0,0,1638,410
Bank_Customer_Churn,363619,2,10,35,mixed,0.8056077521093548,0.7975609756097561,0.0,0.0,0.0,1.0,0.6022623752469143,0.428320117016311,0.1353716910027787,20.39072039072039,20.243902439024392,0.3612576168961823,,preprocessed,real,0.0,0,0,1638,410
Bank_Customer_Churn,363619,2,10,35,curriculum,0.8161453152057772,0.8048780487804879,1.0,0.03614457831325301,0.06976744186046512,1.0,0.6151053496409857,0.4168625924790153,0.13122547545830396,20.39072039072039,20.243902439024392,0.36177351197693497,,preprocessed,real,0.0,0,0,1638,410
Bank_Customer_Churn,363619,2,10,36,plain,0.7982763657610285,0.8121951219512196,0.8888888888888888,0.09523809523809523,0.17204301075268819,0.9969325153374233,0.5694085572802188,0.42216390133194454,0.1324809356028639,20.32967032967033,20.48780487804878,0.3609050859231502,,preprocessed,real,0.0,0,0,1638,410
Bank_Customer_Churn,363619,2,10,36,mixed,0.7999561787905346,0.8,1.0,0.023809523809523808,0.046511627906976744,1.0,0.5676653099089652,0.43122050704623177,0.1366300212640303,20.32967032967033,20.48780487804878,0.36155317595694214,,preprocessed,real,0.0,0,0,1638,410
Bank_Customer_Churn,363619,2,10,36,curriculum,0.8105828220858896,0.8073170731707318,1.0,0.05952380952380952,0.11235955056179775,1.0,0.5816113103349977,0.4197192570922138,0.13238511291895053,20.32967032967033,20.48780487804878,0.3612005780451,,preprocessed,real,0.0,0,0,1638,410
Bank_Customer_Churn,363619,2,10,37,plain,0.8235100788781771,0.8,1.0,0.023809523809523808,0.046511627906976744,1.0,0.5960897579091036,0.4211607142503305,0.1327590052702409,20.32967032967033,20.48780487804878,0.36014633893501014,,preprocessed,real,0.0,0,0,1638,410
Bank_Customer_Churn,363619,2,10,37,mixed,0.824642126789366,0.7951219512195122,0.0,0.0,0.0,1.0,0.601191638986798,0.4311786879263694,0.13702375060517796,20.32967032967033,20.48780487804878,0.3620897539658472,,preprocessed,real,0.0,0,0,1638,410
Bank_Customer_Churn,363619,2,10,37,curriculum,0.8280382705229331,0.7975609756097561,1.0,0.011904761904761904,0.023529411764705882,1.0,0.5936634954394334,0.4200227323142241,0.1331478538492438,20.32967032967033,20.48780487804878,0.36226667393930256,,preprocessed,real,0.0,0,0,1638,410
Bank_Customer_Churn,363619,2,10,38,plain,0.8576761031857492,0.80440097799511,1.0,0.03614457831325301,0.06976744186046512,1.0,0.6458198340248383,0.4082240031570184,0.1273749390231298,20.378279438682124,20.293398533007334,0.36577167408540845,,preprocessed,real,0.0,0,0,1639,409
Bank_Customer_Churn,363619,2,10,38,mixed,0.8539064232389681,0.7970660146699267,0.0,0.0,0.0,1.0,0.6252511342897263,0.42114484389696966,0.13316056578669372,20.378279438682124,20.293398533007334,0.3668633190682158,,preprocessed,real,0.0,0,0,1639,409
Bank_Customer_Churn,363619,2,10,38,curriculum,0.8599674772710473,0.7995110024449877,1.0,0.012048192771084338,0.023809523809523808,1.0,0.6371371718436564,0.406983235371658,0.12809905235909888,20.378279438682124,20.293398533007334,0.3662908360129222,,preprocessed,real,0.0,0,0,1639,409
Bank_Customer_Churn,363619,2,10,39,plain,0.8458496562938872,0.80440097799511,1.0,0.03614457831325301,0.06976744186046512,1.0,0.6876010500723596,0.4037830794161312,0.12533219761739556,20.378279438682124,20.293398533007334,0.36603052890859544,,preprocessed,real,0.0,0,0,1639,409
Bank_Customer_Churn,363619,2,10,39,mixed,0.8428191292778476,0.7970660146699267,0.0,0.0,0.0,1.0,0.6592616988083574,0.4174155510398917,0.1315671678264129,20.378279438682124,20.293398533007334,0.365343242068775,,preprocessed,real,0.0,0,0,1639,409
Bank_Customer_Churn,363619,2,10,39,curriculum,0.8462561904057949,0.7995110024449877,1.0,0.012048192771084338,0.023809523809523808,1.0,0.6731132053403709,0.40298639017965665,0.12597794950186972,20.378279438682124,20.293398533007334,0.3662665589945391,,preprocessed,real,0.0,0,0,1639,409
Bank_Customer_Churn,363619,2,10,40,plain,0.8409417486459599,0.8,1.0,0.012048192771084338,0.023809523809523808,1.0,0.6437050919352664,0.41253423470266987,0.12879890256609197,20.39072039072039,20.243902439024392,0.36175789905246347,,preprocessed,real,0.0,0,0,1638,410
Bank_Customer_Churn,363619,2,10,40,mixed,0.8412365056556501,0.7975609756097561,0.0,0.0,0.0,1.0,0.651829876624919,0.42415379337632947,0.13398626223860965,20.39072039072039,20.243902439024392,0.3626033610198647,,preprocessed,real,0.0,0,0,1638,410
Bank_Customer_Churn,363619,2,10,40,curriculum,0.8435945617331713,0.7975609756097561,0.0,0.0,0.0,1.0,0.6503452330549807,0.4109677692392668,0.12924431708561301,20.39072039072039,20.243902439024392,0.36186063394416124,,preprocessed,real,0.0,0,0,1638,410
Bank_Customer_Churn,363619,2,10,41,plain,0.8379345603271984,0.7975609756097561,1.0,0.011904761904761904,0.023529411764705882,1.0,0.6200328936997022,0.41680845698238195,0.13187891013090028,20.32967032967033,20.48780487804878,0.3609998810570687,,preprocessed,real,0.0,0,0,1638,410
Bank_Customer_Churn,363619,2,10,41,mixed,0.8275635407537247,0.7951219512195122,0.0,0.0,0.0,1.0,0.588915835761122,0.4309008095216994,0.13771002728961781,20.32967032967033,20.48780487804878,0.36174912995193154,,preprocessed,real,0.0,0,0,1638,410
Bank_Customer_Churn,363619,2,10,41,curriculum,0.8390666082383874,0.7951219512195122,0.0,0.0,0.0,1.0,0.6083625939271503,0.41806293459154537,0.13340808685419867,20.32967032967033,20.48780487804878,0.36257134994957596,,preprocessed,real,0.0,0,0,1638,410
Bank_Customer_Churn,363619,2,10,42,plain,0.8135042360502482,0.8073170731707318,1.0,0.05952380952380952,0.11235955056179775,1.0,0.6436308063995891,0.4141133366464822,0.12868210299061222,20.32967032967033,20.48780487804878,0.360861474997364,,preprocessed,real,0.0,0,0,1638,410
Bank_Customer_Churn,363619,2,10,42,mixed,0.8113496932515338,0.7951219512195122,0.0,0.0,0.0,1.0,0.6357158370097388,0.4244078426087379,0.1335726814114919,20.32967032967033,20.48780487804878,0.3615921410964802,,preprocessed,real,0.0,0,0,1638,410
Bank_Customer_Churn,363619,2,10,42,curriculum,0.8179959100204499,0.8048780487804879,1.0,0.047619047619047616,0.09090909090909091,1.0,0.6517883142404202,0.4119584147963939,0.12851303381659385,20.32967032967033,20.48780487804878,0.3620482049882412,,preprocessed,real,0.0,0,0,1638,410
Bank_Customer_Churn,363619,2,10,43,plain,0.8305122329810036,0.8141809290953546,1.0,0.08433734939759036,0.15555555555555556,1.0,0.631854864885138,0.40801062739469746,0.12659963577886957,20.378279438682124,20.293398533007334,0.36553757707588375,,preprocessed,real,0.0,0,0,1639,409
Bank_Customer_Churn,363619,2,10,43,mixed,0.8354275999704339,0.7970660146699267,0.0,0.0,0.0,1.0,0.6247579488921523,0.4186349566402143,0.13175546197085092,20.378279438682124,20.293398533007334,0.3656400160398334,,preprocessed,real,0.0,0,0,1639,409
Bank_Customer_Churn,363619,2,10,43,curriculum,0.8426712986916993,0.8117359413202934,0.875,0.08433734939759036,0.15384615384615385,0.9969325153374233,0.6265862345654147,0.40386578883508917,0.12629138367054052,20.378279438682124,20.293398533007334,0.3656457000179216,,preprocessed,real,0.0,0,0,1639,409
Bank_Customer_Churn,363619,2,10,44,plain,0.8092985438687265,0.8068459657701712,1.0,0.04819277108433735,0.09195402298850575,1.0,0.5825527107633216,0.4213118727256608,0.13246766566502646,20.378279438682124,20.293398533007334,0.36641915200743824,,preprocessed,real,0.0,0,0,1639,409
Bank_Customer_Churn,363619,2,10,44,mixed,0.8101485697390791,0.7995110024449877,1.0,0.012048192771084338,0.023809523809523808,1.0,0.5754035002386039,0.43111686301803653,0.13672750869929778,20.378279438682124,20.293398533007334,0.36647741904016584,,preprocessed,real,0.0,0,0,1639,409
Bank_Customer_Churn,363619,2,10,44,curriculum,0.8096311626875601,0.8019559902200489,1.0,0.024096385542168676,0.047058823529411764,1.0,0.577422472059827,0.42206957102248915,0.1334120162880346,20.378279438682124,20.293398533007334,0.36588293593376875,,preprocessed,real,0.0,0,0,1639,409
Bank_Customer_Churn,363619,2,10,45,plain,0.811834493939059,0.802439024390244,1.0,0.024096385542168676,0.047058823529411764,1.0,0.5806042649507868,0.41636151442795893,0.13089039482239925,20.39072039072039,20.243902439024392,0.36017532902769744,,preprocessed,real,0.0,0,0,1638,410
Bank_Customer_Churn,363619,2,10,45,mixed,0.8092922147304816,0.7975609756097561,0.0,0.0,0.0,1.0,0.5491197083464063,0.42729016450556306,0.13577090715820833,20.39072039072039,20.243902439024392,0.36163159494753927,,preprocessed,real,0.0,0,0,1638,410
Bank_Customer_Churn,363619,2,10,45,curriculum,0.8169190523562138,0.802439024390244,1.0,0.024096385542168676,0.047058823529411764,1.0,0.558918605240357,0.4156217978445455,0.13179166507164508,20.39072039072039,20.243902439024392,0.3623910379828885,,preprocessed,real,0.0,0,0,1638,410
Bank_Customer_Churn,363619,2,10,46,plain,0.8369851007887819,0.8048780487804879,1.0,0.047619047619047616,0.09090909090909091,1.0,0.6524817516596446,0.4129973025214605,0.1288940545098155,20.32967032967033,20.48780487804878,0.3602436820510775,,preprocessed,real,0.0,0,0,1638,410
Bank_Customer_Churn,363619,2,10,46,mixed,0.841148115687993,0.7951219512195122,0.0,0.0,0.0,1.0,0.6690101232141634,0.4240865008582467,0.13398932355222049,20.32967032967033,20.48780487804878,0.3625844089547172,,preprocessed,real,0.0,0,0,1638,410
Bank_Customer_Churn,363619,2,10,46,curriculum,0.845676307332749,0.8048780487804879,1.0,0.047619047619047616,0.09090909090909091,1.0,0.6716420971427488,0.40997186170512223,0.1287089421870315,20.32967032967033,20.48780487804878,0.362283285940066,,preprocessed,real,0.0,0,0,1638,410
Bank_Customer_Churn,363619,2,10,47,plain,0.851701723634239,0.8048780487804879,1.0,0.047619047619047616,0.09090909090909091,1.0,0.6507582981591199,0.4110885013300111,0.12841842628634695,20.32967032967033,20.48780487804878,0.3598760459572077,,preprocessed,real,0.0,0,0,1638,410
Bank_Customer_Churn,363619,2,10,47,mixed,0.8485246859479989,0.7951219512195122,0.0,0.0,0.0,1.0,0.6601903832646461,0.4237371634585404,0.13402523143536052,20.32967032967033,20.48780487804878,0.3623364189406857,,preprocessed,real,0.0,0,0,1638,410
Bank_Customer_Churn,363619,2,10,47,curriculum,0.8586035641250365,0.7975609756097561,1.0,0.011904761904761904,0.023529411764705882,1.0,0.6627006621864786,0.4087628533298769,0.12862154202789003,20.32967032967033,20.48780487804878,0.3625990829896182,,preprocessed,real,0.0,0,0,1638,410
Bank_Customer_Churn,363619,2,10,48,plain,0.8105551038509867,0.8141809290953546,1.0,0.08433734939759036,0.15555555555555556,1.0,0.5819014540635413,0.41900173597643775,0.13143307812642396,20.378279438682124,20.293398533007334,0.36602050601504743,,preprocessed,real,0.0,0,0,1639,409
Bank_Customer_Churn,363619,2,10,48,mixed,0.8110725109025058,0.7970660146699267,0.0,0.0,0.0,1.0,0.5614498801326964,0.42921850639718306,0.13595032299445584,20.378279438682124,20.293398533007334,0.3672967099118978,,preprocessed,real,0.0,0,0,1639,409
Bank_Customer_Churn,363619,2,10,48,curriculum,0.8158400473057875,0.8141809290953546,1.0,0.08433734939759036,0.15555555555555556,1.0,0.5881430599051872,0.41758390425918596,0.13156901997967863,20.378279438682124,20.293398533007334,0.36549722601193935,,preprocessed,real,0.0,0,0,1639,409
Bank_Customer_Churn,363619,2,10,49,plain,0.8181683790376229,0.80440097799511,1.0,0.03614457831325301,0.06976744186046512,1.0,0.6405027691759425,0.41278569148054606,0.12863781650895836,20.378279438682124,20.293398533007334,0.3664992090780288,,preprocessed,real,0.0,0,0,1639,409
Bank_Customer_Churn,363619,2,10,49,mixed,0.815544386133491,0.7970660146699267,0.0,0.0,0.0,1.0,0.6364711939184619,0.424210618080338,0.1337900373663004,20.378279438682124,20.293398533007334,0.3667177460156381,,preprocessed,real,0.0,0,0,1639,409
Bank_Customer_Churn,363619,2,10,49,curriculum,0.8170226919949738,0.8019559902200489,1.0,0.024096385542168676,0.047058823529411764,1.0,0.6307645138191136,0.4133680524863114,0.1296634703355514,20.378279438682124,20.293398533007334,0.3666456500068307,,preprocessed,real,0.0,0,0,1639,409
blood-transfusion-service-center,363621,2,4,0,plain,0.8362573099415205,0.76,0.0,0.0,0.0,1.0,0.7016022124486415,0.48915771452544293,0.15970603092613614,23.745819397993312,24.0,0.026483079069294035,,preprocessed,real,0.0,0,0,598,150
blood-transfusion-service-center,363621,2,4,0,mixed,0.8343079922027291,0.76,0.0,0.0,0.0,1.0,0.7080546373071629,0.491646531927632,0.16066101538099048,23.745819397993312,24.0,0.023682478931732476,,preprocessed,real,0.0,0,0,598,150
blood-transfusion-service-center,363621,2,4,0,curriculum,0.8389376218323586,0.76,0.0,0.0,0.0,1.0,0.7144175244118677,0.4737539832645734,0.15375288113981497,23.745819397993312,24.0,0.023668558103963733,,preprocessed,real,0.0,0,0,598,150
blood-transfusion-service-center,363621,2,4,1,plain,0.705896686159844,0.76,0.0,0.0,0.0,1.0,0.5189720347555893,0.5104662610867202,0.16672008139533884,23.745819397993312,24.0,0.02331778302323073,,preprocessed,real,0.0,0,0,598,150
blood-transfusion-service-center,363621,2,4,1,mixed,0.6988304093567251,0.76,0.0,0.0,0.0,1.0,0.5243020444952757,0.5153881368564017,0.16858562928681198,23.745819397993312,24.0,0.02365768898744136,,preprocessed,real,0.0,0,0,598,150
blood-transfusion-service-center,363621,2,4,1,curriculum,0.6983430799220273,0.76,0.0,0.0,0.0,1.0,0.5290927763611584,0.5093094974407971,0.16577365142291914,23.745819397993312,24.0,0.023641895037144423,,preprocessed,real,0.0,0,0,598,150
blood-transfusion-service-center,363621,2,4,2,plain,0.659965886939571,0.7666666666666667,1.0,0.027777777777777776,0.05405405405405406,1.0,0.41460908909503214,0.5199722237562924,0.17045993905309714,23.745819397993312,24.0,0.023265253053978086,,preprocessed,real,0.0,0,0,598,150
blood-transfusion-service-center,363621,2,4,2,mixed,0.653630604288499,0.7666666666666667,1.0,0.027777777777777776,0.05405405405405406,1.0,0.39534807108984316,0.5192336539974188,0.17059738429642465,23.745819397993312,24.0,0.023682428058236837,,preprocessed,real,0.0,0,0,598,150
blood-transfusion-service-center,363621,2,4,2,curriculum,0.6643518518518517,0.7666666666666667,1.0,0.027777777777777776,0.05405405405405406,1.0,0.4026830134450905,0.5185968312704959,0.1697252839760695,23.745819397993312,24.0,0.023674336029216647,,preprocessed,real,0.0,0,0,598,150
blood-transfusion-service-center,363621,2,4,3,plain,0.7865914786967418,0.7651006711409396,0.0,0.0,0.0,1.0,0.5117200978663076,0.48589447900518584,0.15888282751559685,23.87312186978297,23.48993288590604,0.02356417290866375,,preprocessed,real,0.0,0,0,599,149
blood-transfusion-service-center,363621,2,4,3,mixed,0.7567669172932331,0.7651006711409396,0.0,0.0,0.0,1.0,0.470000154934187,0.4929104801594525,0.16142534485248647,23.87312186978297,23.48993288590604,0.023783785989508033,,preprocessed,real,0.0,0,0,599,149
blood-transfusion-service-center,363621,2,4,3,curriculum,0.7728070175438596,0.7651006711409396,0.0,0.0,0.0,1.0,0.5116761026828371,0.47603390430267406,0.15504109808204777,23.87312186978297,23.48993288590604,0.023721412988379598,,preprocessed,real,0.0,0,0,599,149
blood-transfusion-service-center,363621,2,4,4,plain,0.755889724310777,0.7651006711409396,0.0,0.0,0.0,1.0,0.5033161640852301,0.4883732180187683,0.15870675028007902,23.87312186978297,23.48993288590604,0.023514892091043293,,preprocessed,real,0.0,0,0,599,149
blood-transfusion-service-center,363621,2,4,4,mixed,0.7543859649122806,0.7651006711409396,0.0,0.0,0.0,1.0,0.5137297734619279,0.4889433214308274,0.1589551622923968,23.87312186978297,23.48993288590604,0.023737684008665383,,preprocessed,real,0.0,0,0,599,149
blood-transfusion-service-center,363621,2,4,4,curriculum,0.7508771929824561,0.7651006711409396,0.0,0.0,0.0,1.0,0.4899560499820228,0.47964637117859843,0.1558843102117394,23.87312186978297,23.48993288590604,0.0237491549924016,,preprocessed,real,0.0,0,0,599,149
blood-transfusion-service-center,363621,2,4,5,plain,0.7389132553606238,0.76,0.0,0.0,0.0,1.0,0.5016785145854716,0.502086685897921,0.16429658658212895,23.745819397993312,24.0,0.02330982207786292,,preprocessed,real,0.0,0,0,598,150
blood-transfusion-service-center,363621,2,4,5,mixed,0.7318469785575048,0.76,0.0,0.0,0.0,1.0,0.48972310917057804,0.5045713759909349,0.16543190722030315,23.745819397993312,24.0,0.023671005968935788,,preprocessed,real,0.0,0,0,598,150
blood-transfusion-service-center,363621,2,4,5,curriculum,0.7323343079922028,0.76,0.0,0.0,0.0,1.0,0.49110237962988623,0.49506373028275535,0.1619155482713671,23.745819397993312,24.0,0.023651203024201095,,preprocessed,real,0.0,0,0,598,150
blood-transfusion-service-center,363621,2,4,6,plain,0.7651072124756335,0.76,0.0,0.0,0.0,1.0,0.5914664193018552,0.49821502165390713,0.16293888227833211,23.745819397993312,24.0,0.023396320990286767,,preprocessed,real,0.0,0,0,598,150
blood-transfusion-service-center,363621,2,4,6,mixed,0.7673001949317739,0.76,0.0,0.0,0.0,1.0,0.6080749643464037,0.500226006176512,0.16373362323946394,23.745819397993312,24.0,0.023662140010856092,,preprocessed,real,0.0,0,0,598,150
blood-transfusion-service-center,363621,2,4,6,curriculum,0.7570662768031189,0.76,0.0,0.0,0.0,1.0,0.6134176537100466,0.48680164026119976,0.15798474982257654,23.745819397993312,24.0,0.02365937503054738,,preprocessed,real,0.0,0,0,598,150
blood-transfusion-service-center,363621,2,4,7,plain,0.732943469785575,0.76,0.5,0.027777777777777776,0.05263157894736842,0.9912280701754386,0.4660715022752154,0.501218070699373,0.1641082777912234,23.745819397993312,24.0,0.02339934406336397,,preprocessed,real,0.0,0,0,598,150
blood-transfusion-service-center,363621,2,4,7,mixed,0.7436647173489279,0.7533333333333333,0.0,0.0,0.0,0.9912280701754386,0.4762913602689978,0.5005674404581606,0.16400426086211448,23.745819397993312,24.0,0.023709916044026613,,preprocessed,real,0.0,0,0,598,150
blood-transfusion-service-center,363621,2,4,7,curriculum,0.739766081871345,0.76,0.0,0.0,0.0,1.0,0.47859721659221294,0.4918331495242889,0.16073147171918825,23.745819397993312,24.0,0.02367092901840806,,preprocessed,real,0.0,0,0,598,150
blood-transfusion-service-center,363621,2,4,8,plain,0.7439849624060152,0.7651006711409396,0.0,0.0,0.0,1.0,0.5839682127622243,0.4936259246670531,0.15945801606049653,23.87312186978297,23.48993288590604,0.0235314320307225,,preprocessed,real,0.0,0,0,599,149
blood-transfusion-service-center,363621,2,4,8,mixed,0.7181704260651628,0.7651006711409396,0.0,0.0,0.0,1.0,0.5553990718827153,0.49808984639683745,0.16105280094354354,23.87312186978297,23.48993288590604,0.023778047994710505,,preprocessed,real,0.0,0,0,599,149
blood-transfusion-service-center,363621,2,4,8,curriculum,0.7211779448621555,0.7651006711409396,0.0,0.0,0.0,1.0,0.56632861639932,0.4898360824966721,0.15755799652792277,23.87312186978297,23.48993288590604,0.02373962407000363,,preprocessed,real,0.0,0,0,599,149
blood-transfusion-service-center,363621,2,4,9,plain,0.7377192982456141,0.7718120805369127,1.0,0.02857142857142857,0.05555555555555555,1.0,0.4910179477468046,0.49321872371484127,0.16092808618672771,23.87312186978297,23.48993288590604,0.023338924976997077,,preprocessed,real,0.0,0,0,599,149
blood-transfusion-service-center,363621,2,4,9,mixed,0.7028822055137844,0.7651006711409396,0.0,0.0,0.0,1.0,0.45185453894154853,0.5017949306032808,0.1642260990915442,23.87312186978297,23.48993288590604,0.023768670042045414,,preprocessed,real,0.0,0,0,599,149
blood-transfusion-service-center,363621,2,4,9,curriculum,0.7229323308270676,0.7651006711409396,0.0,0.0,0.0,1.0,0.5090167551604927,0.48926270149437007,0.15940457725256235,23.87312186978297,23.48993288590604,0.02376547991298139,,preprocessed,real,0.0,0,0,599,149
blood-transfusion-service-center,363621,2,4,10,plain,0.779970760233918,0.76,0.0,0.0,0.0,1.0,0.5243302868555448,0.4860762113038908,0.158402053123651,23.745819397993312,24.0,0.023400409962050617,,preprocessed,real,0.0,0,0,598,150
blood-transfusion-service-center,363621,2,4,10,mixed,0.7772904483430799,0.76,0.0,0.0,0.0,1.0,0.521050644715788,0.49006780311602116,0.1598498574815675,23.745819397993312,24.0,0.02370244706980884,,preprocessed,real,0.0,0,0,598,150
blood-transfusion-service-center,363621,2,4,10,curriculum,0.7741228070175439,0.76,0.0,0.0,0.0,1.0,0.47348301337567794,0.4804281152226126,0.15696914533913323,23.745819397993312,24.0,0.023660161066800356,,preprocessed,real,0.0,0,0,598,150
blood-transfusion-service-center,363621,2,4,11,plain,0.7715643274853801,0.76,0.0,0.0,0.0,1.0,0.5925089676847949,0.495797073046606,0.16138406167782493,23.745819397993312,24.0,0.02332451893016696,,preprocessed,real,0.0,0,0,598,150
blood-transfusion-service-center,363621,2,4,11,mixed,0.7623050682261208,0.76,0.0,0.0,0.0,1.0,0.5743941741763009,0.4984853564054269,0.16237960510157212,23.745819397993312,24.0,0.023658585967496037,,preprocessed,real,0.0,0,0,598,150
blood-transfusion-service-center,363621,2,4,11,curriculum,0.7679093567251462,0.76,0.0,0.0,0.0,1.0,0.5903297298513528,0.4844587436090087,0.15689004954335029,23.745819397993312,24.0,0.023689071997068822,,preprocessed,real,0.0,0,0,598,150
blood-transfusion-service-center,363621,2,4,12,plain,0.6340155945419104,0.76,0.0,0.0,0.0,1.0,0.3723760100468061,0.5301328877999195,0.17523143587635132,23.745819397993312,24.0,0.023327672039158642,,preprocessed,real,0.0,0,0,598,150
blood-transfusion-service-center,363621,2,4,12,mixed,0.6257309941520468,0.76,0.0,0.0,0.0,1.0,0.38162991248525063,0.5315624202956423,0.17537186988690365,23.745819397993312,24.0,0.023685047985054553,,preprocessed,real,0.0,0,0,598,150
blood-transfusion-service-center,363621,2,4,12,curriculum,0.6284113060428849,0.7666666666666667,0.6666666666666666,0.05555555555555555,0.10256410256410256,0.9912280701754386,0.37368609058427293,0.539064819103698,0.17760532023348213,23.745819397993312,24.0,0.023627349990420043,,preprocessed,real,0.0,0,0,598,150
blood-transfusion-service-center,363621,2,4,13,plain,0.745363408521303,0.7651006711409396,0.0,0.0,0.0,1.0,0.5631597120123515,0.4976282246526273,0.16223977546330923,23.87312186978297,23.48993288590604,0.02345391595736146,,preprocessed,real,0.0,0,0,599,149
blood-transfusion-service-center,363621,2,4,13,mixed,0.7411027568922306,0.7651006711409396,0.0,0.0,0.0,1.0,0.5719577647155201,0.5024334597446399,0.16430284514827112,23.87312186978297,23.48993288590604,0.023752120090648532,,preprocessed,real,0.0,0,0,599,149
blood-transfusion-service-center,363621,2,4,13,curriculum,0.7393483709273183,0.7651006711409396,0.0,0.0,0.0,1.0,0.5703790007849803,0.4876330428492242,0.15807874238078753,23.87312186978297,23.48993288590604,0.02378260507248342,,preprocessed,real,0.0,0,0,599,149
blood-transfusion-service-center,363621,2,4,14,plain,0.8027568922305764,0.7651006711409396,0.0,0.0,0.0,1.0,0.6010055266066915,0.48956025776022544,0.15987208235136494,23.87312186978297,23.48993288590604,0.0234992909245193,,preprocessed,real,0.0,0,0,599,149
blood-transfusion-service-center,363621,2,4,14,mixed,0.786967418546366,0.7651006711409396,0.0,0.0,0.0,1.0,0.5827162596431102,0.49439254901755014,0.16168720106135925,23.87312186978297,23.48993288590604,0.023774459026753902,,preprocessed,real,0.0,0,0,599,149
blood-transfusion-service-center,363621,2,4,14,curriculum,0.7889724310776942,0.7651006711409396,0.0,0.0,0.0,1.0,0.5767836655214004,0.4750995323844392,0.1543152900631245,23.87312186978297,23.48993288590604,0.023745814920403063,,preprocessed,real,0.0,0,0,599,149
blood-transfusion-service-center,363621,2,4,15,plain,0.7264863547758285,0.76,0.0,0.0,0.0,1.0,0.5484768190520335,0.5014563627439002,0.1635490725807799,23.745819397993312,24.0,0.023465986014343798,,preprocessed,real,0.0,0,0,598,150
blood-transfusion-service-center,363621,2,4,15,mixed,0.7091861598440545,0.76,0.0,0.0,0.0,1.0,0.5114647010274154,0.508027485090896,0.1659280471267447,23.745819397993312,24.0,0.023676184937357903,,preprocessed,real,0.0,0,0,598,150
blood-transfusion-service-center,363621,2,4,15,curriculum,0.7123538011695906,0.76,0.0,0.0,0.0,1.0,0.4722698807508724,0.5036903162747715,0.1638581974708763,23.745819397993312,24.0,0.02365683706011623,,preprocessed,real,0.0,0,0,598,150
blood-transfusion-service-center,363621,2,4,16,plain,0.8202972709551656,0.76,0.0,0.0,0.0,1.0,0.6571959999504503,0.4908211774381821,0.1597719163696217,23.745819397993312,24.0,0.023474274086765945,,preprocessed,real,0.0,0,0,598,150
blood-transfusion-service-center,363621,2,4,16,mixed,0.8276072124756334,0.76,0.0,0.0,0.0,1.0,0.6268055690680401,0.49485120291316853,0.1612767999297386,23.745819397993312,24.0,0.02368657395709306,,preprocessed,real,0.0,0,0,598,150
blood-transfusion-service-center,363621,2,4,16,curriculum,0.8375974658869395,0.76,0.0,0.0,0.0,1.0,0.6677725276018305,0.47466454604456837,0.1535588102669723,23.745819397993312,24.0,0.02368177892640233,,preprocessed,real,0.0,0,0,598,150
blood-transfusion-service-center,363621,2,4,17,plain,0.8012914230019492,0.76,0.0,0.0,0.0,1.0,0.5816418093440506,0.4857005805505485,0.1583585103595058,23.745819397993312,24.0,0.023367462097667158,,preprocessed,real,0.0,0,0,598,150
blood-transfusion-service-center,363621,2,4,17,mixed,0.7864278752436646,0.76,0.0,0.0,0.0,1.0,0.5674646573103465,0.49067911195411434,0.16029972113979818,23.745819397993312,24.0,0.02367869601584971,,preprocessed,real,0.0,0,0,598,150
blood-transfusion-service-center,363621,2,4,17,curriculum,0.7920321637426901,0.76,0.0,0.0,0.0,1.0,0.5899782953411342,0.4754871890084756,0.154691685636294,23.745819397993312,24.0,0.023628947092220187,,preprocessed,real,0.0,0,0,598,150
blood-transfusion-service-center,363621,2,4,18,plain,0.7090225563909774,0.7718120805369127,1.0,0.02857142857142857,0.05555555555555555,1.0,0.4614195093426964,0.49917534552855825,0.1633007689415967,23.87312186978297,23.48993288590604,0.023432599031366408,,preprocessed,real,0.0,0,0,599,149
blood-transfusion-service-center,363621,2,4,18,mixed,0.7273182957393483,0.7651006711409396,0.0,0.0,0.0,1.0,0.49147575196334525,0.4946437187822295,0.1615683199629459,23.87312186978297,23.48993288590604,0.02371906698681414,,preprocessed,real,0.0,0,0,599,149
blood-transfusion-service-center,363621,2,4,18,curriculum,0.7180451127819549,0.7651006711409396,0.0,0.0,0.0,1.0,0.4655405702426735,0.4931589192936197,0.16155436600412915,23.87312186978297,23.48993288590604,0.023749512969516218,,preprocessed,real,0.0,0,0,599,149
blood-transfusion-service-center,363621,2,4,19,plain,0.6799498746867167,0.7583892617449665,0.0,0.0,0.0,0.9912280701754386,0.36556625219995403,0.5168788467375492,0.17075485278419336,23.87312186978297,23.48993288590604,0.023510240018367767,,preprocessed,real,0.0,0,0,599,149
blood-transfusion-service-center,363621,2,4,19,mixed,0.6588972431077694,0.7583892617449665,0.0,0.0,0.0,0.9912280701754386,0.33855448791213355,0.5204348901751384,0.17231905443813533,23.87312186978297,23.48993288590604,0.023740223958157003,,preprocessed,real,0.0,0,0,599,149
blood-transfusion-service-center,363621,2,4,19,curriculum,0.6726817042606517,0.7583892617449665,0.0,0.0,0.0,0.9912280701754386,0.3679178282651434,0.5116224978322462,0.16847563814314293,23.87312186978297,23.48993288590604,0.023722001002170146,,preprocessed,real,0.0,0,0,599,149
blood-transfusion-service-center,363621,2,4,20,plain,0.7173489278752435,0.76,0.0,0.0,0.0,1.0,0.4798769987334583,0.5101841858194276,0.166830984711466,23.745819397993312,24.0,0.023401155951432884,,preprocessed,real,0.0,0,0,598,150
blood-transfusion-service-center,363621,2,4,20,mixed,0.7285575048732943,0.76,0.0,0.0,0.0,1.0,0.47526307211266033,0.5089463471998388,0.16656015522185888,23.745819397993312,24.0,0.023642992950044572,,preprocessed,real,0.0,0,0,598,150
blood-transfusion-service-center,363621,2,4,20,curriculum,0.7297758284600389,0.76,0.0,0.0,0.0,1.0,0.5184057339986232,0.49848353167670323,0.16198912317891664,23.745819397993312,24.0,0.02367947599850595,,preprocessed,real,0.0,0,0,598,150
blood-transfusion-service-center,363621,2,4,21,plain,0.8116471734892788,0.76,0.0,0.0,0.0,1.0,0.6147780779822414,0.4829361850981286,0.15737974807886299,23.745819397993312,24.0,0.023188155028037727,,preprocessed,real,0.0,0,0,598,150
blood-transfusion-service-center,363621,2,4,21,mixed,0.7899610136452242,0.76,0.0,0.0,0.0,1.0,0.5683452052234463,0.4894338010424454,0.15989243176630719,23.745819397993312,24.0,0.023697287891991436,,preprocessed,real,0.0,0,0,598,150
blood-transfusion-service-center,363621,2,4,21,curriculum,0.7950779727095516,0.76,0.0,0.0,0.0,1.0,0.5573322105475285,0.4730124847762701,0.15396658880534866,23.745819397993312,24.0,0.023667945060878992,,preprocessed,real,0.0,0,0,598,150
blood-transfusion-service-center,363621,2,4,22,plain,0.7034600389863548,0.7533333333333333,0.0,0.0,0.0,0.9912280701754386,0.38667749443852406,0.5126004223319834,0.16939148237018273,23.745819397993312,24.0,0.023320932989008725,,preprocessed,real,0.0,0,0,598,150
blood-transfusion-service-center,363621,2,4,22,mixed,0.6905458089668616,0.7533333333333333,0.0,0.0,0.0,0.9912280701754386,0.3877173230521669,0.5142438105178693,0.16985962144980843,23.745819397993312,24.0,0.023660405073314905,,preprocessed,real,0.0,0,0,598,150
blood-transfusion-service-center,363621,2,4,22,curriculum,0.689327485380117,0.7533333333333333,0.0,0.0,0.0,0.9912280701754386,0.38053555055693294,0.5069868010868669,0.1670736911317636,23.745819397993312,24.0,0.023679904988966882,,preprocessed,real,0.0,0,0,598,150
blood-transfusion-service-center,363621,2,4,23,plain,0.7581453634085213,0.7651006711409396,0.0,0.0,0.0,1.0,0.5658250808696794,0.4918848354972855,0.15988129228331063,23.87312186978297,23.48993288590604,0.023392101051285863,,preprocessed,real,0.0,0,0,599,149
blood-transfusion-service-center,363621,2,4,23,mixed,0.762406015037594,0.7651006711409396,0.0,0.0,0.0,1.0,0.5740493211106296,0.49118759620723446,0.1593784681296556,23.87312186978297,23.48993288590604,0.02377451292704791,,preprocessed,real,0.0,0,0,599,149
blood-transfusion-service-center,363621,2,4,23,curriculum,0.7676691729323308,0.7651006711409396,0.0,0.0,0.0,1.0,0.562011472991955,0.48164327961075776,0.15569144332811144,23.87312186978297,23.48993288590604,0.023753964924253523,,preprocessed,real,0.0,0,0,599,149
blood-transfusion-service-center,363621,2,4,24,plain,0.7322055137844612,0.7651006711409396,0.0,0.0,0.0,1.0,0.5493724762519914,0.49419461126767433,0.16138259091644314,23.87312186978297,23.48993288590604,0.023522164905443788,,preprocessed,real,0.0,0,0,599,149
blood-transfusion-service-center,363621,2,4,24,mixed,0.7156641604010026,0.7651006711409396,0.0,0.0,0.0,1.0,0.5280536669437755,0.49873822683231583,0.16300130249025774,23.87312186978297,23.48993288590604,0.02377864101435989,,preprocessed,real,0.0,0,0,599,149
blood-transfusion-service-center,363621,2,4,24,curriculum,0.7058897243107769,0.7651006711409396,0.0,0.0,0.0,1.0,0.4696605120620892,0.49419180651300976,0.16130245182397324,23.87312186978297,23.48993288590604,0.02376107405871153,,preprocessed,real,0.0,0,0,599,149
blood-transfusion-service-center,363621,2,4,25,plain,0.7269736842105263,0.76,0.0,0.0,0.0,1.0,0.527407785808259,0.5124151359080997,0.16659047307373703,23.745819397993312,24.0,0.023286576033569872,,preprocessed,real,0.0,0,0,598,150
blood-transfusion-service-center,363621,2,4,25,mixed,0.6989522417153996,0.76,0.0,0.0,0.0,1.0,0.48795284723168897,0.5176408540627226,0.16876286772815116,23.745819397993312,24.0,0.02366520802024752,,preprocessed,real,0.0,0,0,598,150
blood-transfusion-service-center,363621,2,4,25,curriculum,0.7086988304093567,0.76,0.0,0.0,0.0,1.0,0.4900819452175476,0.5088130985326422,0.16454798525147615,23.745819397993312,24.0,0.023681519087404013,,preprocessed,real,0.0,0,0,598,150
blood-transfusion-service-center,363621,2,4,26,plain,0.7309941520467836,0.7666666666666667,1.0,0.027777777777777776,0.05405405405405406,1.0,0.5320793461721394,0.5007792939080754,0.1637309607280158,23.745819397993312,24.0,0.023353980970568955,,preprocessed,real,0.0,0,0,598,150
blood-transfusion-service-center,363621,2,4,26,mixed,0.7249025341130604,0.7666666666666667,1.0,0.027777777777777776,0.05405405405405406,1.0,0.5580215142566775,0.5024296649787557,0.16408142419027388,23.745819397993312,24.0,0.02369110402651131,,preprocessed,real,0.0,0,0,598,150
blood-transfusion-service-center,363621,2,4,26,curriculum,0.7307504873294347,0.76,0.0,0.0,0.0,1.0,0.5892740505442869,0.4935989667931413,0.15996888315448657,23.745819397993312,24.0,0.023635449935682118,,preprocessed,real,0.0,0,0,598,150
blood-transfusion-service-center,363621,2,4,27,plain,0.7629142300194931,0.76,0.0,0.0,0.0,1.0,0.5581315757023387,0.49191119551499496,0.16051119911658787,23.745819397993312,24.0,0.02344087790697813,,preprocessed,real,0.0,0,0,598,150
blood-transfusion-service-center,363621,2,4,27,mixed,0.7453703703703703,0.76,0.0,0.0,0.0,1.0,0.542970719040427,0.4963770860010455,0.162222716015357,23.745819397993312,24.0,0.023668398964218795,,preprocessed,real,0.0,0,0,598,150
blood-transfusion-service-center,363621,2,4,27,curriculum,0.7448830409356725,0.76,0.0,0.0,0.0,1.0,0.501402032923403,0.48782303509458436,0.1594308639156004,23.745819397993312,24.0,0.023670613067224622,,preprocessed,real,0.0,0,0,598,150
blood-transfusion-service-center,363621,2,4,28,plain,0.7957393483709273,0.7651006711409396,0.0,0.0,0.0,1.0,0.570375845110659,0.48628671499145415,0.15850898523500462,23.87312186978297,23.48993288590604,0.02331206202507019,,preprocessed,real,0.0,0,0,599,149
blood-transfusion-service-center,363621,2,4,28,mixed,0.7862155388471178,0.7651006711409396,0.0,0.0,0.0,1.0,0.538767140084861,0.4900724336531899,0.1600535474094487,23.87312186978297,23.48993288590604,0.023740505101159215,,preprocessed,real,0.0,0,0,599,149
blood-transfusion-service-center,363621,2,4,28,curriculum,0.7894736842105263,0.7651006711409396,0.0,0.0,0.0,1.0,0.5262529972895548,0.474479821127559,0.15429618506930123,23.87312186978297,23.48993288590604,0.023770038038492203,,preprocessed,real,0.0,0,0,599,149
blood-transfusion-service-center,363621,2,4,29,plain,0.7567669172932331,0.7718120805369127,1.0,0.02857142857142857,0.05555555555555555,1.0,0.5058964119105425,0.4901189706157019,0.15970216557917086,23.87312186978297,23.48993288590604,0.02354560699313879,,preprocessed,real,0.0,0,0,599,149
blood-transfusion-service-center,363621,2,4,29,mixed,0.762531328320802,0.7718120805369127,1.0,0.02857142857142857,0.05555555555555555,1.0,0.49207341010560957,0.49225772573163284,0.16078524713257814,23.87312186978297,23.48993288590604,0.023771796957589686,,preprocessed,real,0.0,0,0,599,149
blood-transfusion-service-center,363621,2,4,29,curriculum,0.7612781954887219,0.7651006711409396,0.0,0.0,0.0,1.0,0.534690876044371,0.47941594322585535,0.1558761254787061,23.87312186978297,23.48993288590604,0.023737156065180898,,preprocessed,real,0.0,0,0,599,149
blood-transfusion-service-center,363621,2,4,30,plain,0.7835038986354776,0.76,0.5,0.027777777777777776,0.05263157894736842,0.9912280701754386,0.48811783680471704,0.4980768723900322,0.16317840898938946,23.745819397993312,24.0,0.023222949006594718,,preprocessed,real,0.0,0,0,598,150
blood-transfusion-service-center,363621,2,4,30,mixed,0.7362329434697856,0.7533333333333333,0.0,0.0,0.0,0.9912280701754386,0.4643203268226564,0.5074990945834348,0.1664055067255884,23.745819397993312,24.0,0.023689494002610445,,preprocessed,real,0.0,0,0,598,150
blood-transfusion-service-center,363621,2,4,30,curriculum,0.761330409356725,0.76,0.0,0.0,0.0,1.0,0.49826006468843614,0.4868629488048619,0.15859846100002153,23.745819397993312,24.0,0.02366079401690513,,preprocessed,real,0.0,0,0,598,150
blood-transfusion-service-center,363621,2,4,31,plain,0.6942007797270955,0.76,0.0,0.0,0.0,1.0,0.49027482062140226,0.5082515434734446,0.16565093540463777,23.745819397993312,24.0,0.023547198972664773,,preprocessed,real,0.0,0,0,598,150
blood-transfusion-service-center,363621,2,4,31,mixed,0.7010233918128653,0.76,0.0,0.0,0.0,1.0,0.5054655123087882,0.5081675180303085,0.16580754497430575,23.745819397993312,24.0,0.02367618994321674,,preprocessed,real,0.0,0,0,598,150
blood-transfusion-service-center,363621,2,4,31,curriculum,0.6966374269005846,0.76,0.0,0.0,0.0,1.0,0.4983213064763025,0.5069288489819433,0.16494224156157433,23.745819397993312,24.0,0.023669039946980774,,preprocessed,real,0.0,0,0,598,150
blood-transfusion-service-center,363621,2,4,32,plain,0.8055555555555555,0.7666666666666667,1.0,0.027777777777777776,0.05405405405405406,1.0,0.6195820105664243,0.4941327364361021,0.1613432296753797,23.745819397993312,24.0,0.0233236689819023,,preprocessed,real,0.0,0,0,598,150
blood-transfusion-service-center,363621,2,4,32,mixed,0.8101851851851851,0.76,0.0,0.0,0.0,1.0,0.6334465805527981,0.4968635682226005,0.16247573518507083,23.745819397993312,24.0,0.02369561605155468,,preprocessed,real,0.0,0,0,598,150
blood-transfusion-service-center,363621,2,4,32,curriculum,0.8182261208576999,0.76,0.0,0.0,0.0,1.0,0.6651568915974138,0.4760823831871207,0.15463825183702834,23.745819397993312,24.0,0.023697788012214005,,preprocessed,real,0.0,0,0,598,150
blood-transfusion-service-center,363621,2,4,33,plain,0.7469924812030075,0.7651006711409396,0.0,0.0,0.0,1.0,0.6034652056219167,0.4932128848569484,0.16048226710324512,23.87312186978297,23.48993288590604,0.02348680200520903,,preprocessed,real,0.0,0,0,599,149
blood-transfusion-service-center,363621,2,4,33,mixed,0.7397243107769422,0.7651006711409396,0.0,0.0,0.0,1.0,0.5896778217889085,0.49537798830343377,0.1615561463572212,23.87312186978297,23.48993288590604,0.023725281935185194,,preprocessed,real,0.0,0,0,599,149
blood-transfusion-service-center,363621,2,4,33,curriculum,0.7334586466165413,0.7651006711409396,0.0,0.0,0.0,1.0,0.5643254209174422,0.4892275054868932,0.15840403443626663,23.87312186978297,23.48993288590604,0.023735533002763987,,preprocessed,real,0.0,0,0,599,149
blood-transfusion-service-center,363621,2,4,34,plain,0.719047619047619,0.7651006711409396,0.0,0.0,0.0,1.0,0.45128463030929306,0.4972133965256705,0.16273830070681075,23.87312186978297,23.48993288590604,0.023467920953407884,,preprocessed,real,0.0,0,0,599,149
blood-transfusion-service-center,363621,2,4,34,mixed,0.7097744360902256,0.7651006711409396,0.0,0.0,0.0,1.0,0.43523194736673276,0.49922925305817756,0.16373010766207668,23.87312186978297,23.48993288590604,0.02374000905547291,,preprocessed,real,0.0,0,0,599,149
blood-transfusion-service-center,363621,2,4,34,curriculum,0.7035087719298245,0.7718120805369127,1.0,0.02857142857142857,0.05555555555555555,1.0,0.41354083051708546,0.4970586766189181,0.16294536394484163,23.87312186978297,23.48993288590604,0.023745437036268413,,preprocessed,real,0.0,0,0,599,149
blood-transfusion-service-center,363621,2,4,35,plain,0.7737573099415205,0.7666666666666667,1.0,0.027777777777777776,0.05405405405405406,1.0,0.5067247215509451,0.4957611108464846,0.16247338701878114,23.745819397993312,24.0,0.023361823987215757,,preprocessed,real,0.0,0,0,598,150
blood-transfusion-service-center,363621,2,4,35,mixed,0.7676656920077972,0.7666666666666667,1.0,0.027777777777777776,0.05405405405405406,1.0,0.5070073089407289,0.49680030595436603,0.16284698254212907,23.745819397993312,24.0,0.023630758048966527,,preprocessed,real,0.0,0,0,598,150
blood-transfusion-service-center,363621,2,4,35,curriculum,0.7839912280701754,0.76,0.0,0.0,0.0,1.0,0.5156165199014887,0.48097874972852084,0.1567263329379141,23.745819397993312,24.0,0.023645224049687386,,preprocessed,real,0.0,0,0,598,150
blood-transfusion-service-center,363621,2,4,36,plain,0.7831384015594541,0.76,0.0,0.0,0.0,1.0,0.6061699437044235,0.49753674455860564,0.16173589143481215,23.745819397993312,24.0,0.02342834894079715,,preprocessed,real,0.0,0,0,598,150
blood-transfusion-service-center,363621,2,4,36,mixed,0.7687621832358674,0.76,0.0,0.0,0.0,1.0,0.6000105761453502,0.5020784357126764,0.16351031617157982,23.745819397993312,24.0,0.023668366950005293,,preprocessed,real,0.0,0,0,598,150
blood-transfusion-service-center,363621,2,4,36,curriculum,0.7675438596491228,0.76,0.0,0.0,0.0,1.0,0.5662822251940326,0.4889603127001144,0.1580505434852422,23.745819397993312,24.0,0.02366327296476811,,preprocessed,real,0.0,0,0,598,150
blood-transfusion-service-center,363621,2,4,37,plain,0.7592592592592593,0.7666666666666667,1.0,0.027777777777777776,0.05405405405405406,1.0,0.5110488278269903,0.5021596145393455,0.1653264548957992,23.745819397993312,24.0,0.023283798014745116,,preprocessed,real,0.0,0,0,598,150
blood-transfusion-service-center,363621,2,4,37,mixed,0.7473196881091618,0.7666666666666667,1.0,0.027777777777777776,0.05405405405405406,1.0,0.48014326724168016,0.5051149137321462,0.16650729724205296,23.745819397993312,24.0,0.023670624941587448,,preprocessed,real,0.0,0,0,598,150
blood-transfusion-service-center,363621,2,4,37,curriculum,0.753167641325536,0.76,0.0,0.0,0.0,1.0,0.5110536098182835,0.4897626182810524,0.16054279046120268,23.745819397993312,24.0,0.023663977975957096,,preprocessed,real,0.0,0,0,598,150
blood-transfusion-service-center,363621,2,4,38,plain,0.6959899749373434,0.7651006711409396,0.5,0.02857142857142857,0.05405405405405406,0.9912280701754386,0.41743448963903906,0.5040060642647657,0.16557269641030842,23.87312186978297,23.48993288590604,0.023479652008973062,,preprocessed,real,0.0,0,0,599,149
blood-transfusion-service-center,363621,2,4,38,mixed,0.6964912280701755,0.7651006711409396,0.5,0.02857142857142857,0.05405405405405406,0.9912280701754386,0.4143562333801506,0.5034171498285018,0.16554894519019994,23.87312186978297,23.48993288590604,0.02379680797457695,,preprocessed,real,0.0,0,0,599,149
blood-transfusion-service-center,363621,2,4,38,curriculum,0.6987468671679198,0.7651006711409396,0.0,0.0,0.0,1.0,0.4267676183196689,0.5016228670122651,0.16526840186266395,23.87312186978297,23.48993288590604,0.023762883967719972,,preprocessed,real,0.0,0,0,599,149
blood-transfusion-service-center,363621,2,4,39,plain,0.7598997493734336,0.7651006711409396,0.0,0.0,0.0,1.0,0.5935805901168079,0.48638962808096325,0.15777581511443134,23.87312186978297,23.48993288590604,0.02344317699316889,,preprocessed,real,0.0,0,0,599,149
blood-transfusion-service-center,363621,2,4,39,mixed,0.7518796992481203,0.7651006711409396,0.0,0.0,0.0,1.0,0.5850774060434335,0.49154147327031894,0.1595193304017411,23.87312186978297,23.48993288590604,0.02375721395947039,,preprocessed,real,0.0,0,0,599,149
blood-transfusion-service-center,363621,2,4,39,curriculum,0.7401002506265664,0.7651006711409396,0.0,0.0,0.0,1.0,0.5331676722208665,0.4837642124233659,0.15663439416633837,23.87312186978297,23.48993288590604,0.02372959302738309,,preprocessed,real,0.0,0,0,599,149
blood-transfusion-service-center,363621,2,4,40,plain,0.7266081871345029,0.7533333333333333,0.0,0.0,0.0,0.9912280701754386,0.425930035732775,0.5079883240207543,0.16737734422661915,23.745819397993312,24.0,0.02331390301696956,,preprocessed,real,0.0,0,0,598,150
blood-transfusion-service-center,363621,2,4,40,mixed,0.712962962962963,0.7533333333333333,0.0,0.0,0.0,0.9912280701754386,0.44535958499424017,0.510103923128392,0.1680180863021444,23.745819397993312,24.0,0.023702114005573094,,preprocessed,real,0.0,0,0,598,150
blood-transfusion-service-center,363621,2,4,40,curriculum,0.723196881091618,0.7533333333333333,0.0,0.0,0.0,0.9912280701754386,0.46843933952408484,0.4967852150264199,0.1628614894334895,23.745819397993312,24.0,0.023683005943894386,,preprocessed,real,0.0,0,0,598,150
blood-transfusion-service-center,363621,2,4,41,plain,0.7262426900584795,0.76,0.0,0.0,0.0,1.0,0.5122880574430232,0.5007005769817503,0.16312045329318556,23.745819397993312,24.0,0.023359850980341434,,preprocessed,real,0.0,0,0,598,150
blood-transfusion-service-center,363621,2,4,41,mixed,0.7206384015594541,0.76,0.0,0.0,0.0,1.0,0.5135390240485864,0.5036509496897106,0.16433758272954424,23.745819397993312,24.0,0.023685159045271575,,preprocessed,real,0.0,0,0,598,150
blood-transfusion-service-center,363621,2,4,41,curriculum,0.7225877192982456,0.76,0.0,0.0,0.0,1.0,0.45197713564386244,0.49788547301323416,0.16225618106741937,23.745819397993312,24.0,0.023671625996939838,,preprocessed,real,0.0,0,0,598,150
blood-transfusion-service-center,363621,2,4,42,plain,0.7480506822612085,0.76,0.0,0.0,0.0,1.0,0.5112463697345163,0.4990858950372478,0.16360336746553386,23.745819397993312,24.0,0.02347306499723345,,preprocessed,real,0.0,0,0,598,150
blood-transfusion-service-center,363621,2,4,42,mixed,0.7546296296296297,0.76,0.0,0.0,0.0,1.0,0.5453035659181137,0.5006094260273475,0.1641846780050137,23.745819397993312,24.0,0.023693921975791454,,preprocessed,real,0.0,0,0,598,150
blood-transfusion-service-center,363621,2,4,42,curriculum,0.7478070175438597,0.76,0.0,0.0,0.0,1.0,0.5241554195800479,0.49004651090123164,0.16017835457435975,23.745819397993312,24.0,0.023678133031353354,,preprocessed,real,0.0,0,0,598,150
blood-transfusion-service-center,363621,2,4,43,plain,0.7588972431077694,0.7718120805369127,1.0,0.02857142857142857,0.05555555555555555,1.0,0.628370230149364,0.48810917816324284,0.15832262941336128,23.87312186978297,23.48993288590604,0.02351294900290668,,preprocessed,real,0.0,0,0,599,149
blood-transfusion-service-center,363621,2,4,43,mixed,0.7320802005012531,0.7718120805369127,1.0,0.02857142857142857,0.05555555555555555,1.0,0.5435404501270215,0.4938272823385622,0.1606398818434542,23.87312186978297,23.48993288590604,0.023775147972628474,,preprocessed,real,0.0,0,0,599,149
blood-transfusion-service-center,363621,2,4,43,curriculum,0.7411027568922306,0.7651006711409396,0.0,0.0,0.0,1.0,0.6005967269105097,0.48289702824970215,0.15620027885992352,23.87312186978297,23.48993288590604,0.02376144495792687,,preprocessed,real,0.0,0,0,599,149
blood-transfusion-service-center,363621,2,4,44,plain,0.7591478696741856,0.7651006711409396,0.0,0.0,0.0,1.0,0.5525294222975935,0.4853678429893161,0.15754968104309156,23.87312186978297,23.48993288590604,0.023416860960423946,,preprocessed,real,0.0,0,0,599,149
blood-transfusion-service-center,363621,2,4,44,mixed,0.7719298245614035,0.7651006711409396,0.0,0.0,0.0,1.0,0.5453391438987455,0.4856917532017549,0.15784270847139903,23.87312186978297,23.48993288590604,0.023742346093058586,,preprocessed,real,0.0,0,0,599,149
blood-transfusion-service-center,363621,2,4,44,curriculum,0.7664160401002507,0.7651006711409396,0.0,0.0,0.0,1.0,0.5565970789096151,0.47422961183553275,0.1533951082818095,23.87312186978297,23.48993288590604,0.028990590013563633,,preprocessed,real,0.0,0,0,599,149
blood-transfusion-service-center,363621,2,4,45,plain,0.7641325536062378,0.76,0.0,0.0,0.0,1.0,0.5173483133309132,0.4965723999091908,0.16262032031509194,23.745819397993312,24.0,0.02322719106450677,,preprocessed,real,0.0,0,0,598,150
blood-transfusion-service-center,363621,2,4,45,mixed,0.7580409356725146,0.76,0.0,0.0,0.0,1.0,0.4941386179602728,0.5007022979801175,0.16435088007988188,23.745819397993312,24.0,0.023668890935368836,,preprocessed,real,0.0,0,0,598,150
blood-transfusion-service-center,363621,2,4,45,curriculum,0.7663255360623782,0.76,0.0,0.0,0.0,1.0,0.5432240692813971,0.483730004725894,0.15754521677880112,23.745819397993312,24.0,0.023690017987973988,,preprocessed,real,0.0,0,0,598,150
blood-transfusion-service-center,363621,2,4,46,plain,0.8034844054580896,0.76,0.0,0.0,0.0,1.0,0.5880260845674282,0.4840254807023077,0.15782560489691863,23.745819397993312,24.0,0.023175065987743437,,preprocessed,real,0.0,0,0,598,150
blood-transfusion-service-center,363621,2,4,46,mixed,0.8103070175438596,0.76,0.0,0.0,0.0,1.0,0.6000559033715916,0.48560386206696554,0.1581942603825085,23.745819397993312,24.0,0.023687080945819616,,preprocessed,real,0.0,0,0,598,150
blood-transfusion-service-center,363621,2,4,46,curriculum,0.7981237816764133,0.76,0.0,0.0,0.0,1.0,0.5794176491886448,0.4738316174177042,0.1543466864647394,23.745819397993312,24.0,0.023688132991082966,,preprocessed,real,0.0,0,0,598,150
blood-transfusion-service-center,363621,2,4,47,plain,0.7529239766081871,0.76,0.5,0.027777777777777776,0.05263157894736842,0.9912280701754386,0.5319405279924766,0.4976050756866857,0.16197800448480257,23.745819397993312,24.0,0.02322456205729395,,preprocessed,real,0.0,0,0,598,150
blood-transfusion-service-center,363621,2,4,47,mixed,0.7495126705653021,0.76,0.0,0.0,0.0,1.0,0.5376898244210976,0.4989090682693229,0.1625875983862655,23.745819397993312,24.0,0.023663181927986443,,preprocessed,real,0.0,0,0,598,150
blood-transfusion-service-center,363621,2,4,47,curriculum,0.7509746588693956,0.76,0.0,0.0,0.0,1.0,0.540534749970058,0.48826211249207574,0.15846981587329992,23.745819397993312,24.0,0.023625041008926928,,preprocessed,real,0.0,0,0,598,150
blood-transfusion-service-center,363621,2,4,48,plain,0.693107769423559,0.7651006711409396,0.0,0.0,0.0,1.0,0.38440305217744125,0.5079985095421474,0.1672527216788129,23.87312186978297,23.48993288590604,0.023335775011219084,,preprocessed,real,0.0,0,0,599,149
blood-transfusion-service-center,363621,2,4,48,mixed,0.6828320802005012,0.7651006711409396,0.0,0.0,0.0,1.0,0.38231245591835417,0.509304978491782,0.16769002727881707,23.87312186978297,23.48993288590604,0.023736921953968704,,preprocessed,real,0.0,0,0,599,149
blood-transfusion-service-center,363621,2,4,48,curriculum,0.6808270676691728,0.7651006711409396,0.0,0.0,0.0,1.0,0.37753629366580277,0.511741476364368,0.16842976469521473,23.87312186978297,23.48993288590604,0.023771881009452045,,preprocessed,real,0.0,0,0,599,149
blood-transfusion-service-center,363621,2,4,49,plain,0.7550125313283207,0.7651006711409396,0.0,0.0,0.0,1.0,0.6069535081390267,0.5015237902903767,0.16300483313218442,23.87312186978297,23.48993288590604,0.02321206603664905,,preprocessed,real,0.0,0,0,599,149
blood-transfusion-service-center,363621,2,4,49,mixed,0.7286967418546366,0.7651006711409396,0.0,0.0,0.0,1.0,0.5661731918678741,0.5057036390632276,0.1648401924612523,23.87312186978297,23.48993288590604,0.02374581596814096,,preprocessed,real,0.0,0,0,599,149
blood-transfusion-service-center,363621,2,4,49,curriculum,0.7517543859649124,0.7651006711409396,0.0,0.0,0.0,1.0,0.6195805406480125,0.49124442716903244,0.15849041451839357,23.87312186978297,23.48993288590604,0.02371080103330314,,preprocessed,real,0.0,0,0,599,149
churn,363623,2,19,0,plain,0.8845513322884012,0.8585365853658536,0.0,0.0,0.0,1.0,0.6355828867071742,0.33913714937448236,0.10179368572830844,14.163614163614163,14.146341463414632,0.6457863639807329,,preprocessed,real,0.0,0,0,1638,410
churn,363623,2,19,0,mixed,0.884796238244514,0.8585365853658536,0.0,0.0,0.0,1.0,0.6126914644851079,0.35215248255605075,0.1060971526172919,14.163614163614163,14.146341463414632,0.6525311970617622,,preprocessed,real,0.0,0,0,1638,410
churn,363623,2,19,0,curriculum,0.8821022727272727,0.8585365853658536,0.0,0.0,0.0,1.0,0.5965776123804912,0.34338637579978293,0.10398408648849691,14.163614163614163,14.146341463414632,0.6520571639994159,,preprocessed,real,0.0,0,0,1638,410
churn,363623,2,19,1,plain,0.8949843260188087,0.8585365853658536,0.0,0.0,0.0,1.0,0.7053136273795763,0.33749444240853027,0.1009118658761809,14.163614163614163,14.146341463414632,0.6514023470226675,,preprocessed,real,0.0,0,0,1638,410
churn,363623,2,19,1,mixed,0.8854329937304075,0.8585365853658536,0.0,0.0,0.0,1.0,0.6630366914320069,0.34987902069595256,0.10509017592670519,14.163614163614163,14.146341463414632,0.6529034719569609,,preprocessed,real,0.0,0,0,1638,410
churn,363623,2,19,1,curriculum,0.8888126959247649,0.8585365853658536,0.0,0.0,0.0,1.0,0.6835625778724105,0.3391460823574411,0.10227652131675571,14.163614163614163,14.146341463414632,0.6520444980124012,,preprocessed,real,0.0,0,0,1638,410
churn,363623,2,19,2,plain,0.8313577586206896,0.8585365853658536,0.0,0.0,0.0,1.0,0.48371897453830665,0.34381821299863186,0.10282650936570027,14.163614163614163,14.146341463414632,0.6519347650464624,,preprocessed,real,0.0,0,0,1638,410
churn,363623,2,19,2,mixed,0.8307699843260188,0.8585365853658536,0.0,0.0,0.0,1.0,0.4718086861051127,0.35250934631269076,0.10587842893472946,14.163614163614163,14.146341463414632,0.6528883340070024,,preprocessed,real,0.0,0,0,1638,410
churn,363623,2,19,2,curriculum,0.8261167711598746,0.8585365853658536,0.0,0.0,0.0,1.0,0.47227090183312137,0.348789886440067,0.10526657913191151,14.163614163614163,14.146341463414632,0.6523940699407831,,preprocessed,real,0.0,0,0,1638,410
churn,363623,2,19,3,plain,0.8554867865212692,0.8581907090464548,0.0,0.0,0.0,1.0,0.5764477334418968,0.3416093685290387,0.1029919544477981,14.15497254423429,14.180929095354522,0.6589343040250242,,preprocessed,real,0.0,0,0,1639,409
churn,363623,2,19,3,mixed,0.8431083603497397,0.8581907090464548,0.0,0.0,0.0,1.0,0.5161255971296169,0.35647120614037536,0.1078809073281626,14.15497254423429,14.180929095354522,0.6596159100299701,,preprocessed,real,0.0,0,0,1639,409
churn,363623,2,19,3,curriculum,0.8420277040966696,0.8581907090464548,0.0,0.0,0.0,1.0,0.5109215112723882,0.3508383442577464,0.10669936520805427,14.15497254423429,14.180929095354522,0.6599882589653134,,preprocessed,real,0.0,0,0,1639,409
churn,363623,2,19,4,plain,0.8186462324393359,0.8581907090464548,0.0,0.0,0.0,1.0,0.5135948172957536,0.3469708417189591,0.10443962023071635,14.15497254423429,14.180929095354522,0.6578465099446476,,preprocessed,real,0.0,0,0,1639,409
churn,363623,2,19,4,mixed,0.8162884369780922,0.8581907090464548,0.0,0.0,0.0,1.0,0.5056000492885361,0.35786788880037307,0.10804884414076742,14.15497254423429,14.180929095354522,0.6615846790373325,,preprocessed,real,0.0,0,0,1639,409
churn,363623,2,19,4,curriculum,0.8166322821495235,0.8581907090464548,0.0,0.0,0.0,1.0,0.5067755902182057,0.35258908099823216,0.10690810544701819,14.15497254423429,14.180929095354522,0.6601948520401493,,preprocessed,real,0.0,0,0,1639,409
churn,363623,2,19,5,plain,0.8621179467084639,0.8585365853658536,0.0,0.0,0.0,1.0,0.5612011665736749,0.33882009280782666,0.10149466725624937,14.163614163614163,14.146341463414632,0.6512447140412405,,preprocessed,real,0.0,0,0,1638,410
churn,363623,2,19,5,mixed,0.845562304075235,0.8585365853658536,0.0,0.0,0.0,1.0,0.5199071870455363,0.35315640996345016,0.10623080133957227,14.163614163614163,14.146341463414632,0.6525976279517636,,preprocessed,real,0.0,0,0,1638,410
churn,363623,2,19,5,curriculum,0.849921630094044,0.8585365853658536,0.0,0.0,0.0,1.0,0.5229354682103328,0.34591701353453025,0.10453127711705214,14.163614163614163,14.146341463414632,0.653511025942862,,preprocessed,real,0.0,0,0,1638,410
churn,363623,2,19,6,plain,0.8696610501567399,0.8585365853658536,0.0,0.0,0.0,1.0,0.6062970600467205,0.34143072641046857,0.10220850941728174,14.163614163614163,14.146341463414632,0.6508512500440702,,preprocessed,real,0.0,0,0,1638,410
churn,363623,2,19,6,mixed,0.8625587774294671,0.8585365853658536,0.0,0.0,0.0,1.0,0.5660272979890734,0.35330177106058,0.10631595715419512,14.163614163614163,14.146341463414632,0.6534294099546969,,preprocessed,real,0.0,0,0,1638,410
churn,363623,2,19,6,curriculum,0.8611383228840126,0.8585365853658536,0.0,0.0,0.0,1.0,0.5675182515538213,0.3461161946512317,0.10460267750740043,14.163614163614163,14.146341463414632,0.6524199190316722,,preprocessed,real,0.0,0,0,1638,410
churn,363623,2,19,7,plain,0.8819063479623825,0.8585365853658536,0.0,0.0,0.0,1.0,0.6447519510321926,0.34110176483353666,0.10258007357840772,14.163614163614163,14.146341463414632,0.6510016520041972,,preprocessed,real,0.0,0,0,1638,410
churn,363623,2,19,7,mixed,0.88376763322884,0.8585365853658536,0.0,0.0,0.0,1.0,0.6504829635054066,0.35218763432399114,0.10620399696854736,14.163614163614163,14.146341463414632,0.6537438089726493,,preprocessed,real,0.0,0,0,1638,410
churn,363623,2,19,7,curriculum,0.8811226489028213,0.8585365853658536,0.0,0.0,0.0,1.0,0.6432773878988084,0.34451513292265357,0.10448150722101542,14.163614163614163,14.146341463414632,0.6521372069837525,,preprocessed,real,0.0,0,0,1638,410
churn,363623,2,19,8,plain,0.8577463405049612,0.8581907090464548,0.0,0.0,0.0,1.0,0.5732395488953108,0.34027412499834375,0.1021700973535142,14.15497254423429,14.180929095354522,0.6603703810833395,,preprocessed,real,0.0,0,0,1639,409
churn,363623,2,19,8,mixed,0.8579428234600648,0.8581907090464548,0.0,0.0,0.0,1.0,0.5475420272857529,0.35194868203534513,0.10603547494846248,14.15497254423429,14.180929095354522,0.6612266610609367,,preprocessed,real,0.0,0,0,1639,409
churn,363623,2,19,8,curriculum,0.8566165635131152,0.8581907090464548,0.0,0.0,0.0,1.0,0.5478034162923976,0.345164610566856,0.1045624167282344,14.15497254423429,14.180929095354522,0.6603424380300567,,preprocessed,real,0.0,0,0,1639,409
churn,363623,2,19,9,plain,0.8222811671087533,0.8581907090464548,0.0,0.0,0.0,1.0,0.5127189992938503,0.34296231628337037,0.10272112820655047,14.15497254423429,14.180929095354522,0.6585138980299234,,preprocessed,real,0.0,0,0,1639,409
churn,363623,2,19,9,mixed,0.814667452598487,0.8581907090464548,0.0,0.0,0.0,1.0,0.4705124918005516,0.35514707007592916,0.10700887581375199,14.15497254423429,14.180929095354522,0.6614536219276488,,preprocessed,real,0.0,0,0,1639,409
churn,363623,2,19,9,curriculum,0.8137832793005207,0.8581907090464548,0.0,0.0,0.0,1.0,0.48893594255338885,0.3493015934411997,0.10555340468228362,14.15497254423429,14.180929095354522,0.6601434319745749,,preprocessed,real,0.0,0,0,1639,409
churn,363623,2,19,10,plain,0.8864615987460814,0.8585365853658536,0.0,0.0,0.0,1.0,0.621940657956238,0.33914508698155005,0.10187821409651773,14.163614163614163,14.146341463414632,0.6516559579176828,,preprocessed,real,0.0,0,0,1638,410
churn,363623,2,19,10,mixed,0.872942789968652,0.8585365853658536,0.0,0.0,0.0,1.0,0.5924065246006845,0.35108219200293517,0.1057945729467913,14.163614163614163,14.146341463414632,0.6530859069898725,,preprocessed,real,0.0,0,0,1638,410
churn,363623,2,19,10,curriculum,0.8763714733542319,0.8585365853658536,0.0,0.0,0.0,1.0,0.5984166666457168,0.3439146960935471,0.10416661130906321,14.163614163614163,14.146341463414632,0.6528652730630711,,preprocessed,real,0.0,0,0,1638,410
churn,363623,2,19,11,plain,0.8573667711598747,0.8585365853658536,0.0,0.0,0.0,1.0,0.5615652856840481,0.33762332905925657,0.10104955589110207,14.163614163614163,14.146341463414632,0.6523654359625652,,preprocessed,real,0.0,0,0,1638,410
churn,363623,2,19,11,mixed,0.8508522727272727,0.8585365853658536,0.0,0.0,0.0,1.0,0.5350479943184611,0.34946477823164185,0.10512430509464751,14.163614163614163,14.146341463414632,0.6528294070158154,,preprocessed,real,0.0,0,0,1638,410
churn,363623,2,19,11,curriculum,0.8487950626959248,0.8585365853658536,0.0,0.0,0.0,1.0,0.5491808915515616,0.3423578983846474,0.10339376926938351,14.163614163614163,14.146341463414632,0.6523857889696956,,preprocessed,real,0.0,0,0,1638,410
churn,363623,2,19,12,plain,0.8486971003134796,0.8585365853658536,0.0,0.0,0.0,1.0,0.5411508753223088,0.342258497434505,0.10273276976237594,14.163614163614163,14.146341463414632,0.6515330319525674,,preprocessed,real,0.0,0,0,1638,410
churn,363623,2,19,12,mixed,0.8478154388714734,0.8585365853658536,0.0,0.0,0.0,1.0,0.506365252202639,0.35449104371214557,0.10689355426299732,14.163614163614163,14.146341463414632,0.6531143940519542,,preprocessed,real,0.0,0,0,1638,410
churn,363623,2,19,12,curriculum,0.8411050156739811,0.8585365853658536,0.0,0.0,0.0,1.0,0.4962570025581918,0.34789987752210755,0.10537809049970773,14.163614163614163,14.146341463414632,0.6538657620549202,,preprocessed,real,0.0,0,0,1638,410
churn,363623,2,19,13,plain,0.8785980941153354,0.8581907090464548,0.0,0.0,0.0,1.0,0.655479700961664,0.33905055990265504,0.10147270888803034,14.15497254423429,14.180929095354522,0.6603429940296337,,preprocessed,real,0.0,0,0,1639,409
churn,363623,2,19,13,mixed,0.8715983888397684,0.8581907090464548,0.0,0.0,0.0,1.0,0.6512232455558178,0.3517955195720015,0.10573440161065895,14.15497254423429,14.180929095354522,0.6616306869545951,,preprocessed,real,0.0,0,0,1639,409
churn,363623,2,19,13,curriculum,0.8693388348560762,0.8581907090464548,0.0,0.0,0.0,1.0,0.6376806838127501,0.34354271102888173,0.10369845640905531,14.15497254423429,14.180929095354522,0.6610871430020779,,preprocessed,real,0.0,0,0,1639,409
churn,363623,2,19,14,plain,0.8204145790352686,0.8581907090464548,0.0,0.0,0.0,1.0,0.5037025090717429,0.3457948657155747,0.10383706563379458,14.15497254423429,14.180929095354522,0.6599278890062124,,preprocessed,real,0.0,0,0,1639,409
churn,363623,2,19,14,mixed,0.8204145790352687,0.8581907090464548,0.0,0.0,0.0,1.0,0.467170862853565,0.357910292133901,0.10804236250788116,14.15497254423429,14.180929095354522,0.6606249059550464,,preprocessed,real,0.0,0,0,1639,409
churn,363623,2,19,14,curriculum,0.8214952352883387,0.8581907090464548,0.0,0.0,0.0,1.0,0.4690718908441112,0.3518735910785013,0.10673623593477276,14.15497254423429,14.180929095354522,0.661271287011914,,preprocessed,real,0.0,0,0,1639,409
churn,363623,2,19,15,plain,0.8617260971786834,0.8585365853658536,0.0,0.0,0.0,1.0,0.6254111318462611,0.3434860164363411,0.10318575438640085,14.163614163614163,14.146341463414632,0.6514809819636866,,preprocessed,real,0.0,0,0,1638,410
churn,363623,2,19,15,mixed,0.8574647335423199,0.8585365853658536,0.0,0.0,0.0,1.0,0.576097440260636,0.35555546929600335,0.1072558761575801,14.163614163614163,14.146341463414632,0.6532211790326983,,preprocessed,real,0.0,0,0,1638,410
churn,363623,2,19,15,curriculum,0.8592770376175548,0.8585365853658536,0.0,0.0,0.0,1.0,0.5774198137643058,0.3484994005668155,0.10570833989149479,14.163614163614163,14.146341463414632,0.6536446750396863,,preprocessed,real,0.0,0,0,1638,410
churn,363623,2,19,16,plain,0.8858738244514106,0.8585365853658536,0.0,0.0,0.0,1.0,0.6535453269316748,0.3386407178880279,0.10151736995271149,14.163614163614163,14.146341463414632,0.6530184149742126,,preprocessed,real,0.0,0,0,1638,410
churn,363623,2,19,16,mixed,0.8767143416927901,0.8585365853658536,0.0,0.0,0.0,1.0,0.6195624597694795,0.3502889839339695,0.10551072864194039,14.163614163614163,14.146341463414632,0.652951376978308,,preprocessed,real,0.0,0,0,1638,410
churn,363623,2,19,16,curriculum,0.8764694357366771,0.8585365853658536,0.0,0.0,0.0,1.0,0.6241590780433408,0.3424083243234736,0.10366944231998083,14.163614163614163,14.146341463414632,0.6523589589633048,,preprocessed,real,0.0,0,0,1638,410
churn,363623,2,19,17,plain,0.820483934169279,0.8585365853658536,0.0,0.0,0.0,1.0,0.4575817216604602,0.34405919991303896,0.1036046433035954,14.163614163614163,14.146341463414632,0.6513610209804028,,preprocessed,real,0.0,0,0,1638,410
churn,363623,2,19,17,mixed,0.8129898119122257,0.8585365853658536,0.0,0.0,0.0,1.0,0.4425253175669782,0.3556268214881411,0.10729207796394462,14.163614163614163,14.146341463414632,0.6540537610417232,,preprocessed,real,0.0,0,0,1638,410
churn,363623,2,19,17,curriculum,0.8131367554858935,0.8585365853658536,0.0,0.0,0.0,1.0,0.44081561414103476,0.35127455560418847,0.10649874192751772,14.163614163614163,14.146341463414632,0.65258373611141,,preprocessed,real,0.0,0,0,1638,410
churn,363623,2,19,18,plain,0.8907554769623736,0.8581907090464548,0.0,0.0,0.0,1.0,0.672894025441686,0.3382949488552105,0.10130178655764353,14.15497254423429,14.180929095354522,0.6591156449867412,,preprocessed,real,0.0,0,0,1639,409
churn,363623,2,19,18,mixed,0.8857451616072305,0.8581907090464548,0.0,0.0,0.0,1.0,0.6407480197949684,0.35203153089201006,0.10596634986640657,14.15497254423429,14.180929095354522,0.6606943249935284,,preprocessed,real,0.0,0,0,1639,409
churn,363623,2,19,18,curriculum,0.8830926417133315,0.8581907090464548,0.0,0.0,0.0,1.0,0.6454515898216476,0.3422084964971722,0.10338493322412035,14.15497254423429,14.180929095354522,0.6608204420190305,,preprocessed,real,0.0,0,0,1639,409
churn,363623,2,19,19,plain,0.8368209057864231,0.8581907090464548,0.0,0.0,0.0,1.0,0.5236686674007092,0.3416443905545883,0.10251115808866175,14.15497254423429,14.180929095354522,0.6590468899812549,,preprocessed,real,0.0,0,0,1639,409
churn,363623,2,19,19,mixed,0.8325965222516948,0.8581907090464548,0.0,0.0,0.0,1.0,0.5026769063254191,0.35229502798130485,0.10611940388517473,14.15497254423429,14.180929095354522,0.6618740109261125,,preprocessed,real,0.0,0,0,1639,409
churn,363623,2,19,19,curriculum,0.8316141074761765,0.8581907090464548,0.0,0.0,0.0,1.0,0.4944825901848499,0.3463853773435301,0.10485774903146106,14.15497254423429,14.180929095354522,0.6617344300029799,,preprocessed,real,0.0,0,0,1639,409
churn,363623,2,19,20,plain,0.8870493730407524,0.8585365853658536,0.0,0.0,0.0,1.0,0.641660170857982,0.33788841622757876,0.10107032361687254,14.163614163614163,14.146341463414632,0.6509830399882048,,preprocessed,real,0.0,0,0,1638,410
churn,363623,2,19,20,mixed,0.8792613636363635,0.8585365853658536,0.0,0.0,0.0,1.0,0.6082753831909833,0.3498433291318783,0.10512315923843076,14.163614163614163,14.146341463414632,0.6529052389087155,,preprocessed,real,0.0,0,0,1638,410
churn,363623,2,19,20,curriculum,0.8796042319749215,0.8585365853658536,0.0,0.0,0.0,1.0,0.6062156885495927,0.3403775584968119,0.10266740144989965,14.163614163614163,14.146341463414632,0.6527070380980149,,preprocessed,real,0.0,0,0,1638,410
churn,363623,2,19,21,plain,0.84032131661442,0.8585365853658536,0.0,0.0,0.0,1.0,0.55623745940709,0.34085299169449634,0.10238533797080376,14.163614163614163,14.146341463414632,0.6527414070442319,,preprocessed,real,0.0,0,0,1638,410
churn,363623,2,19,21,mixed,0.8375783699059562,0.8585365853658536,0.0,0.0,0.0,1.0,0.5409455708568024,0.3533644888931763,0.10656196001285777,14.163614163614163,14.146341463414632,0.653310319990851,,preprocessed,real,0.0,0,0,1638,410
churn,363623,2,19,21,curriculum,0.8314067398119122,0.8585365853658536,0.0,0.0,0.0,1.0,0.5269224626753738,0.3485229441999807,0.10563295665593367,14.163614163614163,14.146341463414632,0.6536602689884603,,preprocessed,real,0.0,0,0,1638,410
churn,363623,2,19,22,plain,0.886069749216301,0.8585365853658536,0.0,0.0,0.0,1.0,0.6444250550089162,0.33784160824067533,0.10116224759685373,14.163614163614163,14.146341463414632,0.6508234289940447,,preprocessed,real,0.0,0,0,1638,410
churn,363623,2,19,22,mixed,0.8824451410658307,0.8585365853658536,0.0,0.0,0.0,1.0,0.6147628764490161,0.3505189000621016,0.10548157150686227,14.163614163614163,14.146341463414632,0.653629571897909,,preprocessed,real,0.0,0,0,1638,410
churn,363623,2,19,22,curriculum,0.8814655172413793,0.8585365853658536,0.0,0.0,0.0,1.0,0.6142542047637104,0.34231748570437254,0.10349256346460146,14.163614163614163,14.146341463414632,0.653046487015672,,preprocessed,real,0.0,0,0,1638,410
churn,363623,2,19,23,plain,0.811916691227036,0.8581907090464548,0.0,0.0,0.0,1.0,0.4687078062328316,0.34816898318158457,0.10477824453550423,14.15497254423429,14.180929095354522,0.659186136093922,,preprocessed,real,0.0,0,0,1639,409
churn,363623,2,19,23,mixed,0.8060713233127027,0.8581907090464548,0.0,0.0,0.0,1.0,0.44947456887940485,0.35901426760101623,0.10842297165707501,14.15497254423429,14.180929095354522,0.6609258939279243,,preprocessed,real,0.0,0,0,1639,409
churn,363623,2,19,23,curriculum,0.8011101286963357,0.8581907090464548,0.0,0.0,0.0,1.0,0.4560859843103191,0.35524922749268356,0.10765850295926092,14.15497254423429,14.180929095354522,0.6606990450527519,,preprocessed,real,0.0,0,0,1639,409
churn,363623,2,19,24,plain,0.8734158561744769,0.8581907090464548,0.0,0.0,0.0,1.0,0.5972192546227596,0.33917064387213103,0.10177087916414443,14.15497254423429,14.180929095354522,0.657625688938424,,preprocessed,real,0.0,0,0,1639,409
churn,363623,2,19,24,mixed,0.8681599371254545,0.8581907090464548,0.0,0.0,0.0,1.0,0.5677715786884467,0.3518030098878023,0.10606676427741188,14.15497254423429,14.180929095354522,0.6608911600196734,,preprocessed,real,0.0,0,0,1639,409
churn,363623,2,19,24,curriculum,0.8713527851458885,0.8581907090464548,0.0,0.0,0.0,1.0,0.5685754728470173,0.3434658759074631,0.10411288604997307,14.15497254423429,14.180929095354522,0.6611963639734313,,preprocessed,real,0.0,0,0,1639,409
churn,363623,2,19,25,plain,0.8282229623824452,0.8585365853658536,0.0,0.0,0.0,1.0,0.6087779192460726,0.3413600699157287,0.10196810351536739,14.163614163614163,14.146341463414632,0.6509452679893002,,preprocessed,real,0.0,0,0,1638,410
churn,363623,2,19,25,mixed,0.8227370689655172,0.8585365853658536,0.0,0.0,0.0,1.0,0.5786705054119835,0.3531616597847995,0.10614455651874753,14.163614163614163,14.146341463414632,0.6530356550356373,,preprocessed,real,0.0,0,0,1638,410
churn,363623,2,19,25,curriculum,0.8232758620689655,0.8585365853658536,0.0,0.0,0.0,1.0,0.5859660299736653,0.3461038096327711,0.10430973254918206,14.163614163614163,14.146341463414632,0.6544773370260373,,preprocessed,real,0.0,0,0,1638,410
churn,363623,2,19,26,plain,0.8677997648902821,0.8585365853658536,0.0,0.0,0.0,1.0,0.5110199513137453,0.3405099464726478,0.10270571673293134,14.163614163614163,14.146341463414632,0.6506961239501834,,preprocessed,real,0.0,0,0,1638,410
churn,363623,2,19,26,mixed,0.8646649686520376,0.8585365853658536,0.0,0.0,0.0,1.0,0.4978564397777448,0.3524059960839872,0.10645354592623046,14.163614163614163,14.146341463414632,0.6537637810688466,,preprocessed,real,0.0,0,0,1638,410
churn,363623,2,19,26,curriculum,0.8624118338557993,0.8585365853658536,0.0,0.0,0.0,1.0,0.48422516171282187,0.34633191410559905,0.10524410077900606,14.163614163614163,14.146341463414632,0.6527599929831922,,preprocessed,real,0.0,0,0,1638,410
churn,363623,2,19,27,plain,0.8672119905956113,0.8585365853658536,0.0,0.0,0.0,1.0,0.6436013082041423,0.3380447689342594,0.10098269646377042,14.163614163614163,14.146341463414632,0.652489215019159,,preprocessed,real,0.0,0,0,1638,410
churn,363623,2,19,27,mixed,0.8602076802507838,0.8585365853658536,0.0,0.0,0.0,1.0,0.6140404836878254,0.3502078909345469,0.10530982519311531,14.163614163614163,14.146341463414632,0.6538655729964375,,preprocessed,real,0.0,0,0,1638,410
churn,363623,2,19,27,curriculum,0.8565340909090909,0.8585365853658536,0.0,0.0,0.0,1.0,0.6119365521598207,0.3427520601309864,0.10340718581042649,14.163614163614163,14.146341463414632,0.6529353120131418,,preprocessed,real,0.0,0,0,1638,410
churn,363623,2,19,28,plain,0.8530798703212498,0.8581907090464548,0.0,0.0,0.0,1.0,0.5258489384745121,0.34342464896596697,0.1032767341179661,14.15497254423429,14.180929095354522,0.6591085619293153,,preprocessed,real,0.0,0,0,1639,409
churn,363623,2,19,28,mixed,0.8443363788191374,0.8581907090464548,0.0,0.0,0.0,1.0,0.4854317881151652,0.3564545172971427,0.1075759973218935,14.15497254423429,14.180929095354522,0.6605781109537929,,preprocessed,real,0.0,0,0,1639,409
churn,363623,2,19,28,curriculum,0.8473818646232438,0.8581907090464548,0.0,0.0,0.0,1.0,0.4865343604384547,0.3500278586991339,0.10623674587648424,14.15497254423429,14.180929095354522,0.6606794090475887,,preprocessed,real,0.0,0,0,1639,409
churn,363623,2,19,29,plain,0.8779840848806365,0.8581907090464548,0.0,0.0,0.0,1.0,0.6221816499560215,0.3411737828580847,0.1024678818312776,14.15497254423429,14.180929095354522,0.6607751429546624,,preprocessed,real,0.0,0,0,1639,409
churn,363623,2,19,29,mixed,0.8721387169663032,0.8581907090464548,0.0,0.0,0.0,1.0,0.595061391879545,0.35311290200594136,0.10643461398621282,14.15497254423429,14.180929095354522,0.6607188390335068,,preprocessed,real,0.0,0,0,1639,409
churn,363623,2,19,29,curriculum,0.8681108163866784,0.8581907090464548,0.0,0.0,0.0,1.0,0.5937124013982356,0.3453515223366835,0.10465943932243892,14.15497254423429,14.180929095354522,0.6601047529838979,,preprocessed,real,0.0,0,0,1639,409
churn,363623,2,19,30,plain,0.881612460815047,0.8585365853658536,0.0,0.0,0.0,1.0,0.6173830132293602,0.3386601866224433,0.10181791725550292,14.163614163614163,14.146341463414632,0.6515523690031841,,preprocessed,real,0.0,0,0,1638,410
churn,363623,2,19,30,mixed,0.8693181818181819,0.8585365853658536,0.0,0.0,0.0,1.0,0.5936324477642931,0.3518169090728208,0.1061196450242261,14.163614163614163,14.146341463414632,0.6535592359723523,,preprocessed,real,0.0,0,0,1638,410
churn,363623,2,19,30,curriculum,0.8738244514106581,0.8585365853658536,0.0,0.0,0.0,1.0,0.5950590412032132,0.3432181834487928,0.1041520759699379,14.163614163614163,14.146341463414632,0.6529901870526373,,preprocessed,real,0.0,0,0,1638,410
churn,363623,2,19,31,plain,0.876959247648903,0.8585365853658536,0.0,0.0,0.0,1.0,0.6430427739944956,0.34095879671349877,0.10202132928252468,14.163614163614163,14.146341463414632,0.6508470720145851,,preprocessed,real,0.0,0,0,1638,410
churn,363623,2,19,31,mixed,0.8772041536050156,0.8585365853658536,0.0,0.0,0.0,1.0,0.6297392048686936,0.3525301477281411,0.10606572969499209,14.163614163614163,14.146341463414632,0.6527796549489722,,preprocessed,real,0.0,0,0,1638,410
churn,363623,2,19,31,curriculum,0.8694651253918495,0.8585365853658536,0.0,0.0,0.0,1.0,0.6199554238487898,0.34420847147106604,0.10397747539163456,14.163614163614163,14.146341463414632,0.6535156210884452,,preprocessed,real,0.0,0,0,1638,410
churn,363623,2,19,32,plain,0.8456112852664576,0.8585365853658536,0.0,0.0,0.0,1.0,0.5200143669013657,0.33985810690856744,0.10211347969980697,14.163614163614163,14.146341463414632,0.6524212940130383,,preprocessed,real,0.0,0,0,1638,410
churn,363623,2,19,32,mixed,0.8522237460815048,0.8585365853658536,0.0,0.0,0.0,1.0,0.5185330886292443,0.35137774127217825,0.10600750270597367,14.163614163614163,14.146341463414632,0.6534798039356247,,preprocessed,real,0.0,0,0,1638,410
churn,363623,2,19,32,curriculum,0.84717868338558,0.8585365853658536,0.0,0.0,0.0,1.0,0.5209229841404505,0.345484644274306,0.10465839301107702,14.163614163614163,14.146341463414632,0.6531376950442791,,preprocessed,real,0.0,0,0,1638,410
churn,363623,2,19,33,plain,0.8606444640927399,0.8581907090464548,0.0,0.0,0.0,1.0,0.6382118429479959,0.3415707104010249,0.10206236622560305,14.15497254423429,14.180929095354522,0.6596431529615074,,preprocessed,real,0.0,0,0,1639,409
churn,363623,2,19,33,mixed,0.8573533745947539,0.8581907090464548,0.0,0.0,0.0,1.0,0.6061337681362945,0.3534713042897215,0.10623648378231669,14.15497254423429,14.180929095354522,0.661034984048456,,preprocessed,real,0.0,0,0,1639,409
churn,363623,2,19,33,curriculum,0.8588269967580313,0.8581907090464548,0.0,0.0,0.0,1.0,0.6120740370912705,0.34461562280502467,0.10395215393963458,14.15497254423429,14.180929095354522,0.660489747999236,,preprocessed,real,0.0,0,0,1639,409
churn,363623,2,19,34,plain,0.8028293545534924,0.8606356968215159,1.0,0.017241379310344827,0.03389830508474576,1.0,0.42862109886564626,0.3500950340721653,0.10561228690919282,14.15497254423429,14.180929095354522,0.6598305939696729,,preprocessed,real,0.0,0,0,1639,409
churn,363623,2,19,34,mixed,0.7894193928676687,0.8581907090464548,0.0,0.0,0.0,1.0,0.40212557135819427,0.36234471489926484,0.1093342042265024,14.15497254423429,14.180929095354522,0.6604449679143727,,preprocessed,real,0.0,0,0,1639,409
churn,363623,2,19,34,curriculum,0.7894685136064447,0.8581907090464548,0.0,0.0,0.0,1.0,0.3974246057979491,0.35957149203255667,0.10895066463139351,14.15497254423429,14.180929095354522,0.6605537319555879,,preprocessed,real,0.0,0,0,1639,409
churn,363623,2,19,35,plain,0.8803879310344828,0.8585365853658536,0.0,0.0,0.0,1.0,0.6463022052854258,0.34007662477843104,0.10217488074999369,14.163614163614163,14.146341463414632,0.6516194009454921,,preprocessed,real,0.0,0,0,1638,410
churn,363623,2,19,35,mixed,0.8753918495297807,0.8585365853658536,0.0,0.0,0.0,1.0,0.614761315081654,0.3542068391918177,0.10692351259010055,14.163614163614163,14.146341463414632,0.6540821850067005,,preprocessed,real,0.0,0,0,1638,410
churn,363623,2,19,35,curriculum,0.8743142633228841,0.8585365853658536,0.0,0.0,0.0,1.0,0.6185090096613118,0.345693142375161,0.10483218059423612,14.163614163614163,14.146341463414632,0.6532357619144022,,preprocessed,real,0.0,0,0,1638,410
churn,363623,2,19,36,plain,0.841007053291536,0.8585365853658536,0.0,0.0,0.0,1.0,0.6147402277055869,0.3441647642871418,0.10271290419291382,14.163614163614163,14.146341463414632,0.6524880270007998,,preprocessed,real,0.0,0,0,1638,410
churn,363623,2,19,36,mixed,0.8372355015673981,0.8585365853658536,0.0,0.0,0.0,1.0,0.5975354973764347,0.3554747812197901,0.10661741498367484,14.163614163614163,14.146341463414632,0.6536699520656839,,preprocessed,real,0.0,0,0,1638,410
churn,363623,2,19,36,curriculum,0.8381661442006271,0.8585365853658536,0.0,0.0,0.0,1.0,0.5927915819269266,0.34727295211165077,0.10447731210737708,14.163614163614163,14.146341463414632,0.6533077410422266,,preprocessed,real,0.0,0,0,1638,410
churn,363623,2,19,37,plain,0.8480603448275863,0.8585365853658536,0.0,0.0,0.0,1.0,0.48984385607604863,0.3426695890541002,0.10338559764230439,14.163614163614163,14.146341463414632,0.651866624946706,,preprocessed,real,0.0,0,0,1638,410
churn,363623,2,19,37,mixed,0.84375,0.8585365853658536,0.0,0.0,0.0,1.0,0.4710459063860418,0.35455468378170857,0.10715015636933327,14.163614163614163,14.146341463414632,0.6538601199863479,,preprocessed,real,0.0,0,0,1638,410
churn,363623,2,19,37,curriculum,0.8457582288401253,0.8585365853658536,0.0,0.0,0.0,1.0,0.47754209536302317,0.348625209654852,0.10599133906897179,14.163614163614163,14.146341463414632,0.6537617850117385,,preprocessed,real,0.0,0,0,1638,410
churn,363623,2,19,38,plain,0.8474801061007956,0.8581907090464548,0.0,0.0,0.0,1.0,0.5759530747250612,0.3413755282781996,0.10234026998450278,14.15497254423429,14.180929095354522,0.6594570910092443,,preprocessed,real,0.0,0,0,1639,409
churn,363623,2,19,38,mixed,0.8422733077905491,0.8581907090464548,0.0,0.0,0.0,1.0,0.5450518958588221,0.35380980251531585,0.10662731573501884,14.15497254423429,14.180929095354522,0.6613175959791988,,preprocessed,real,0.0,0,0,1639,409
churn,363623,2,19,38,curriculum,0.8389822182925631,0.8581907090464548,0.0,0.0,0.0,1.0,0.5267875186309191,0.3480894595415529,0.10538872187121145,14.15497254423429,14.180929095354522,0.6607960229739547,,preprocessed,real,0.0,0,0,1639,409
churn,363623,2,19,39,plain,0.8584831515865998,0.8581907090464548,0.0,0.0,0.0,1.0,0.5096555188386566,0.34068566045417037,0.10250942762008994,14.15497254423429,14.180929095354522,0.6598347779363394,,preprocessed,real,0.0,0,0,1639,409
churn,363623,2,19,39,mixed,0.8500343845171432,0.8581907090464548,0.0,0.0,0.0,1.0,0.4763982415652331,0.35250437943173796,0.10640727561440777,14.15497254423429,14.180929095354522,0.6624978019390255,,preprocessed,real,0.0,0,0,1639,409
churn,363623,2,19,39,curriculum,0.8495922978681598,0.8581907090464548,0.0,0.0,0.0,1.0,0.4840541260380896,0.34657719100180673,0.10514463348430703,14.15497254423429,14.180929095354522,0.6606862330809236,,preprocessed,real,0.0,0,0,1639,409
churn,363623,2,19,40,plain,0.8595219435736677,0.8585365853658536,0.0,0.0,0.0,1.0,0.6543556162597783,0.3413332406545538,0.10218994802965865,14.163614163614163,14.146341463414632,0.6515766930533573,,preprocessed,real,0.0,0,0,1638,410
churn,363623,2,19,40,mixed,0.8507543103448275,0.8585365853658536,0.0,0.0,0.0,1.0,0.6424876515605658,0.35365691747623534,0.10627933696503696,14.163614163614163,14.146341463414632,0.6534988759085536,,preprocessed,real,0.0,0,0,1638,410
churn,363623,2,19,40,curriculum,0.854134012539185,0.8585365853658536,0.0,0.0,0.0,1.0,0.6473488943201551,0.34504404626070234,0.10417541012753426,14.163614163614163,14.146341463414632,0.6533453920856118,,preprocessed,real,0.0,0,0,1638,410
churn,363623,2,19,41,plain,0.8701508620689655,0.8585365853658536,0.0,0.0,0.0,1.0,0.583882148564309,0.3380361205117361,0.10137293636883934,14.163614163614163,14.146341463414632,0.6510070110671222,,preprocessed,real,0.0,0,0,1638,410
churn,363623,2,19,41,mixed,0.8618240595611285,0.8585365853658536,0.0,0.0,0.0,1.0,0.5611389970880302,0.3504466362258624,0.10560533487682826,14.163614163614163,14.146341463414632,0.6543828370049596,,preprocessed,real,0.0,0,0,1638,410
churn,363623,2,19,41,curriculum,0.8627057210031347,0.8585365853658536,0.0,0.0,0.0,1.0,0.5537586921095857,0.34311921334357903,0.10390827680809014,14.163614163614163,14.146341463414632,0.6536231690552086,,preprocessed,real,0.0,0,0,1638,410
churn,363623,2,19,42,plain,0.8238146551724138,0.8585365853658536,0.0,0.0,0.0,1.0,0.5407843278013214,0.34314996962145305,0.10220395791575285,14.163614163614163,14.146341463414632,0.6518083289265633,,preprocessed,real,0.0,0,0,1638,410
churn,363623,2,19,42,mixed,0.8243044670846396,0.8585365853658536,0.0,0.0,0.0,1.0,0.5273984800316492,0.3535640380259229,0.10586682418115971,14.163614163614163,14.146341463414632,0.653859659912996,,preprocessed,real,0.0,0,0,1638,410
churn,363623,2,19,42,curriculum,0.8156837774294671,0.8585365853658536,0.0,0.0,0.0,1.0,0.5101203569914438,0.3484081572952907,0.10470226445282996,14.163614163614163,14.146341463414632,0.654002955998294,,preprocessed,real,0.0,0,0,1638,410
churn,363623,2,19,43,plain,0.8823558306316928,0.8581907090464548,0.0,0.0,0.0,1.0,0.5980927715872748,0.34000358982204376,0.10223970585108967,14.15497254423429,14.180929095354522,0.6586262539494783,,preprocessed,real,0.0,0,0,1639,409
churn,363623,2,19,43,mixed,0.8676196089989193,0.8581907090464548,0.0,0.0,0.0,1.0,0.5441718775283833,0.35437576499069356,0.10700697463565004,14.15497254423429,14.180929095354522,0.6613124290015548,,preprocessed,real,0.0,0,0,1639,409
churn,363623,2,19,43,curriculum,0.8727772865703899,0.8581907090464548,0.0,0.0,0.0,1.0,0.5626764020776127,0.34678672377009334,0.10525067308924002,14.15497254423429,14.180929095354522,0.6612317609833553,,preprocessed,real,0.0,0,0,1639,409
churn,363623,2,19,44,plain,0.8544061302681992,0.8581907090464548,0.0,0.0,0.0,1.0,0.5175868313829071,0.3416593613369767,0.10317126902672986,14.15497254423429,14.180929095354522,0.6588275249814615,,preprocessed,real,0.0,0,0,1639,409
churn,363623,2,19,44,mixed,0.8497887808232636,0.8581907090464548,0.0,0.0,0.0,1.0,0.4786233066158809,0.3536718681248085,0.10710945503707425,14.15497254423429,14.180929095354522,0.6613019329961389,,preprocessed,real,0.0,0,0,1639,409
churn,363623,2,19,44,curriculum,0.8516553688967482,0.8581907090464548,0.0,0.0,0.0,1.0,0.4918649615299642,0.34732176919361935,0.10570578393178272,14.15497254423429,14.180929095354522,0.6607382500078529,,preprocessed,real,0.0,0,0,1639,409
churn,363623,2,19,45,plain,0.8752938871473354,0.8585365853658536,0.0,0.0,0.0,1.0,0.6414907043483019,0.340870003486294,0.10228136233234583,14.163614163614163,14.146341463414632,0.6528277550823987,,preprocessed,real,0.0,0,0,1638,410
churn,363623,2,19,45,mixed,0.8760286050156741,0.8585365853658536,0.0,0.0,0.0,1.0,0.6236432505844292,0.3531074991395381,0.10647073094540964,14.163614163614163,14.146341463414632,0.6535023800097406,,preprocessed,real,0.0,0,0,1638,410
churn,363623,2,19,45,curriculum,0.869073275862069,0.8585365853658536,0.0,0.0,0.0,1.0,0.614611885575655,0.34550817202606693,0.10462504583716002,14.163614163614163,14.146341463414632,0.6536229730118066,,preprocessed,real,0.0,0,0,1638,410
churn,363623,2,19,46,plain,0.8453663793103448,0.8585365853658536,0.0,0.0,0.0,1.0,0.5546993934901685,0.3426004485930893,0.10266281089837033,14.163614163614163,14.146341463414632,0.6525397710502148,,preprocessed,real,0.0,0,0,1638,410
churn,363623,2,19,46,mixed,0.8402233542319748,0.8585365853658536,0.0,0.0,0.0,1.0,0.5282514820405421,0.35414564155654127,0.10652783260420684,14.163614163614163,14.146341463414632,0.6540586049668491,,preprocessed,real,0.0,0,0,1638,410
churn,363623,2,19,46,curriculum,0.8351293103448275,0.8585365853658536,0.0,0.0,0.0,1.0,0.5249756863825878,0.3488171988316884,0.10531849303277159,14.163614163614163,14.146341463414632,0.6536636750679463,,preprocessed,real,0.0,0,0,1638,410
churn,363623,2,19,47,plain,0.8289576802507836,0.8585365853658536,0.0,0.0,0.0,1.0,0.515035517433356,0.34222929097345,0.10281445315508492,14.163614163614163,14.146341463414632,0.6519836529623717,,preprocessed,real,0.0,0,0,1638,410
churn,363623,2,19,47,mixed,0.8267045454545454,0.8585365853658536,0.0,0.0,0.0,1.0,0.5030858536165096,0.3534027495364692,0.10654971079408271,14.163614163614163,14.146341463414632,0.6536281619919464,,preprocessed,real,0.0,0,0,1638,410
churn,363623,2,19,47,curriculum,0.8272923197492164,0.8585365853658536,0.0,0.0,0.0,1.0,0.49407194352331224,0.34761351114591893,0.10526183323587135,14.163614163614163,14.146341463414632,0.6528385190758854,,preprocessed,real,0.0,0,0,1638,410
churn,363623,2,19,48,plain,0.8102957068474311,0.8581907090464548,0.0,0.0,0.0,1.0,0.46817731785178673,0.34775422992709826,0.10474731802168488,14.15497254423429,14.180929095354522,0.6595703200437129,,preprocessed,real,0.0,0,0,1639,409
churn,363623,2,19,48,mixed,0.79865409175754,0.8581907090464548,0.0,0.0,0.0,1.0,0.4268295274961399,0.3609060837884915,0.10892472638350582,14.15497254423429,14.180929095354522,0.6627581070642918,,preprocessed,real,0.0,0,0,1639,409
churn,363623,2,19,48,curriculum,0.8060222025739268,0.8581907090464548,0.0,0.0,0.0,1.0,0.43844403286696837,0.3553315402406403,0.10778044714201843,14.15497254423429,14.180929095354522,0.6603120840154588,,preprocessed,real,0.0,0,0,1639,409
churn,363623,2,19,49,plain,0.9240593378524412,0.8581907090464548,0.0,0.0,0.0,1.0,0.7079989744922108,0.3374304556632007,0.10095969394244934,14.15497254423429,14.180929095354522,0.658476646989584,,preprocessed,real,0.0,0,0,1639,409
churn,363623,2,19,49,mixed,0.9167403477748305,0.8581907090464548,0.0,0.0,0.0,1.0,0.681478655562127,0.34936956831089655,0.10505678741408532,14.15497254423429,14.180929095354522,0.6628865799866617,,preprocessed,real,0.0,0,0,1639,409
churn,363623,2,19,49,curriculum,0.9142351900972591,0.8581907090464548,0.0,0.0,0.0,1.0,0.6774970033032623,0.33924592584723856,0.10253253110455332,14.15497254423429,14.180929095354522,0.6621375700924546,,preprocessed,real,0.0,0,0,1639,409
credit-g,363626,2,20,0,plain,0.8120238095238095,0.7,0.7,1.0,0.8235294117647058,0.0,0.9138917715764525,0.5726384465207945,0.1941117147524727,70.0,70.0,0.12404865701682866,,preprocessed,real,0.0,0,0,800,200
credit-g,363626,2,20,0,mixed,0.7905952380952381,0.7,0.7,1.0,0.8235294117647058,0.0,0.9064287565868121,0.5710131433774884,0.19371432303055183,70.0,70.0,0.1273242220049724,,preprocessed,real,0.0,0,0,800,200
credit-g,363626,2,20,0,curriculum,0.8092857142857143,0.7,0.7,1.0,0.8235294117647058,0.0,0.9186235428355367,0.5728569495333615,0.1939910553865139,70.0,70.0,0.12751076207496226,,preprocessed,real,0.0,0,0,800,200
credit-g,363626,2,20,1,plain,0.789047619047619,0.7,0.7,1.0,0.8235294117647058,0.0,0.8980976744922611,0.5672595726149864,0.1922779646369424,70.0,70.0,0.12421451101545244,,preprocessed,real,0.0,0,0,800,200
credit-g,363626,2,20,1,mixed,0.7621428571428571,0.7,0.7,1.0,0.8235294117647058,0.0,0.8903928509834609,0.5687404308804012,0.19311410453681893,70.0,70.0,0.12666195700876415,,preprocessed,real,0.0,0,0,800,200
credit-g,363626,2,20,1,curriculum,0.7816666666666666,0.7,0.7,1.0,0.8235294117647058,0.0,0.8976387397028969,0.5705008109668508,0.19323616078475722,70.0,70.0,0.12735293700825423,,preprocessed,real,0.0,0,0,800,200
credit-g,363626,2,20,2,plain,0.7801190476190476,0.7,0.7,1.0,0.8235294117647058,0.0,0.8870018683802924,0.5724438932458934,0.19416427894097132,70.0,70.0,0.12389441207051277,,preprocessed,real,0.0,0,0,800,200
credit-g,363626,2,20,2,mixed,0.770952380952381,0.7,0.7,1.0,0.8235294117647058,0.0,0.8819942711361819,0.571460514068874,0.19401982844461663,70.0,70.0,0.12780610797926784,,preprocessed,real,0.0,0,0,800,200
credit-g,363626,2,20,2,curriculum,0.775,0.7,0.7,1.0,0.8235294117647058,0.0,0.8861844299225523,0.5749240763009393,0.19497570517009544,70.0,70.0,0.12690951896365732,,preprocessed,real,0.0,0,0,800,200
credit-g,363626,2,20,3,plain,0.7525000000000001,0.7,0.7,1.0,0.8235294117647058,0.0,0.8657382127190054,0.5709125388357402,0.19396562805623943,70.0,70.0,0.12389144802000374,,preprocessed,real,0.0,0,0,800,200
credit-g,363626,2,20,3,mixed,0.7196428571428573,0.7,0.7,1.0,0.8235294117647058,0.0,0.8561390165289555,0.5746595052649883,0.19561638414228558,70.0,70.0,0.1270391090074554,,preprocessed,real,0.0,0,0,800,200
credit-g,363626,2,20,3,curriculum,0.7407142857142858,0.7,0.7,1.0,0.8235294117647058,0.0,0.8604720832474398,0.5754827789935026,0.19539686657611852,70.0,70.0,0.12729396589566022,,preprocessed,real,0.0,0,0,800,200
credit-g,363626,2,20,4,plain,0.7198809523809524,0.7,0.7,1.0,0.8235294117647058,0.0,0.8608246188630524,0.5667341787107442,0.1922201720541451,70.0,70.0,0.123778356006369,,preprocessed,real,0.0,0,0,800,200
credit-g,363626,2,20,4,mixed,0.7417857142857143,0.7,0.7,1.0,0.8235294117647058,0.0,0.8666335116647298,0.5683455747666416,0.19282727124997798,70.0,70.0,0.12681803305167705,,preprocessed,real,0.0,0,0,800,200
credit-g,363626,2,20,4,curriculum,0.7282142857142857,0.7,0.7,1.0,0.8235294117647058,0.0,0.8607703446950266,0.5704651620447827,0.19322786540281053,70.0,70.0,0.12744189193472266,,preprocessed,real,0.0,0,0,800,200
credit-g,363626,2,20,5,plain,0.8091666666666668,0.7,0.7,1.0,0.8235294117647058,0.0,0.9116368204281102,0.5726735762633343,0.19407606936766608,70.0,70.0,0.1235255440697074,,preprocessed,real,0.0,0,0,800,200
credit-g,363626,2,20,5,mixed,0.7804761904761904,0.7,0.7,1.0,0.8235294117647058,0.0,0.8957708204438064,0.5719071091462081,0.19404758323774168,70.0,70.0,0.12764604995027184,,preprocessed,real,0.0,0,0,800,200
credit-g,363626,2,20,5,curriculum,0.8076190476190476,0.7,0.7,1.0,0.8235294117647058,0.0,0.9086090761788923,0.5731600992893944,0.19410332676171557,70.0,70.0,0.12719323206692934,,preprocessed,real,0.0,0,0,800,200
credit-g,363626,2,20,6,plain,0.7507142857142857,0.7,0.7,1.0,0.8235294117647058,0.0,0.8668539582394785,0.5684521636101032,0.19276952354040497,70.0,70.0,0.12412487005349249,,preprocessed,real,0.0,0,0,800,200
credit-g,363626,2,20,6,mixed,0.7214285714285715,0.7,0.7,1.0,0.8235294117647058,0.0,0.8587168644576463,0.57208804197564,0.19451275386388864,70.0,70.0,0.12695728801190853,,preprocessed,real,0.0,0,0,800,200
credit-g,363626,2,20,6,curriculum,0.7551190476190476,0.7,0.7,1.0,0.8235294117647058,0.0,0.8727058336599812,0.5720605242367764,0.19387383306531789,70.0,70.0,0.12699264998082072,,preprocessed,real,0.0,0,0,800,200
credit-g,363626,2,20,7,plain,0.7705952380952381,0.7,0.7,1.0,0.8235294117647058,0.0,0.8961689113719133,0.5713042848950542,0.1937985064977566,70.0,70.0,0.12360555701889098,,preprocessed,real,0.0,0,0,800,200
credit-g,363626,2,20,7,mixed,0.7726190476190476,0.7,0.7,1.0,0.8235294117647058,0.0,0.8943017005115903,0.5681605593343023,0.19268805730983274,70.0,70.0,0.12759421905502677,,preprocessed,real,0.0,0,0,800,200
credit-g,363626,2,20,7,curriculum,0.7736904761904762,0.7,0.7,1.0,0.8235294117647058,0.0,0.8962458931270633,0.5736391791099638,0.19451002261001843,70.0,70.0,0.1272471509873867,,preprocessed,real,0.0,0,0,800,200
credit-g,363626,2,20,8,plain,0.7405952380952381,0.7,0.7,1.0,0.8235294117647058,0.0,0.879048079735557,0.5696248753882829,0.1937523853867214,70.0,70.0,0.12369576608762145,,preprocessed,real,0.0,0,0,800,200
credit-g,363626,2,20,8,mixed,0.7213095238095238,0.7,0.7,1.0,0.8235294117647058,0.0,0.8712426031955337,0.5737436528221387,0.19553039302470157,70.0,70.0,0.12737547396682203,,preprocessed,real,0.0,0,0,800,200
credit-g,363626,2,20,8,curriculum,0.7271428571428572,0.7,0.7,1.0,0.8235294117647058,0.0,0.8731018342694237,0.5760129971482351,0.19587089727004198,70.0,70.0,0.1278144030366093,,preprocessed,real,0.0,0,0,800,200
credit-g,363626,2,20,9,plain,0.7541666666666667,0.7,0.7,1.0,0.8235294117647058,0.0,0.8536590611503053,0.5714681389416906,0.19370198965780022,70.0,70.0,0.12426188006065786,,preprocessed,real,0.0,0,0,800,200
credit-g,363626,2,20,9,mixed,0.7728571428571429,0.7,0.7,1.0,0.8235294117647058,0.0,0.867716997713895,0.5706666741280847,0.19357663464581037,70.0,70.0,0.12748079502489418,,preprocessed,real,0.0,0,0,800,200
credit-g,363626,2,20,9,curriculum,0.7596428571428573,0.7,0.7,1.0,0.8235294117647058,0.0,0.8616550177860092,0.5713069717954717,0.19334338943055562,70.0,70.0,0.1274662819923833,,preprocessed,real,0.0,0,0,800,200
credit-g,363626,2,20,10,plain,0.7810714285714285,0.7,0.7,1.0,0.8235294117647058,0.0,0.8903141646891428,0.5703716171447292,0.19349992177625225,70.0,70.0,0.12436674803029746,,preprocessed,real,0.0,0,0,800,200
credit-g,363626,2,20,10,mixed,0.7728571428571429,0.7,0.7,1.0,0.8235294117647058,0.0,0.8897577522548616,0.5687029376512909,0.1930129667794742,70.0,70.0,0.1275131959700957,,preprocessed,real,0.0,0,0,800,200
credit-g,363626,2,20,10,curriculum,0.790595238095238,0.7,0.7,1.0,0.8235294117647058,0.0,0.8956418622030765,0.5706789557679767,0.19319733285441004,70.0,70.0,0.12676212110091,,preprocessed,real,0.0,0,0,800,200
credit-g,363626,2,20,11,plain,0.7401190476190476,0.7,0.7,1.0,0.8235294117647058,0.0,0.8745428452227704,0.572651830329827,0.1945837521150255,70.0,70.0,0.12347366497851908,,preprocessed,real,0.0,0,0,800,200
credit-g,363626,2,20,11,mixed,0.735,0.7,0.7,1.0,0.8235294117647058,0.0,0.8706200377120814,0.5725171407262926,0.19472047965211478,70.0,70.0,0.12813863100018352,,preprocessed,real,0.0,0,0,800,200
credit-g,363626,2,20,11,curriculum,0.7303571428571428,0.7,0.7,1.0,0.8235294117647058,0.0,0.8696086113765003,0.5757335602223117,0.19550098623492387,70.0,70.0,0.1271494320826605,,preprocessed,real,0.0,0,0,800,200
credit-g,363626,2,20,12,plain,0.7671428571428573,0.7,0.7,1.0,0.8235294117647058,0.0,0.8821770798169318,0.5675406739619195,0.1921983409501998,70.0,70.0,0.12332272401545197,,preprocessed,real,0.0,0,0,800,200
credit-g,363626,2,20,12,mixed,0.7666666666666665,0.7,0.7,1.0,0.8235294117647058,0.0,0.8805623905615515,0.5708048086340771,0.1937798206142066,70.0,70.0,0.12724685692228377,,preprocessed,real,0.0,0,0,800,200
credit-g,363626,2,20,12,curriculum,0.7675,0.7,0.7,1.0,0.8235294117647058,0.0,0.8822310472761199,0.5727855102604883,0.1941118450031051,70.0,70.0,0.12783449899870902,,preprocessed,real,0.0,0,0,800,200
credit-g,363626,2,20,13,plain,0.8080952380952381,0.7,0.7,1.0,0.8235294117647058,0.0,0.9029842088766358,0.5767335847249025,0.19584842948237116,70.0,70.0,0.1237168509978801,,preprocessed,real,0.0,0,0,800,200
credit-g,363626,2,20,13,mixed,0.7814285714285715,0.7,0.7,1.0,0.8235294117647058,0.0,0.8915013574623336,0.5750434256586722,0.19541515739198648,70.0,70.0,0.12765175802633166,,preprocessed,real,0.0,0,0,800,200
credit-g,363626,2,20,13,curriculum,0.785,0.7,0.7,1.0,0.8235294117647058,0.0,0.8948148787271083,0.5794762051546494,0.19691654898688518,70.0,70.0,0.12694627803284675,,preprocessed,real,0.0,0,0,800,200
credit-g,363626,2,20,14,plain,0.731547619047619,0.7,0.7,1.0,0.8235294117647058,0.0,0.8665540267752082,0.5657532054683402,0.19198533020026176,70.0,70.0,0.12429327599238604,,preprocessed,real,0.0,0,0,800,200
credit-g,363626,2,20,14,mixed,0.718452380952381,0.7,0.7,1.0,0.8235294117647058,0.0,0.8651675577327709,0.5695803003370035,0.19355854901565317,70.0,70.0,0.12826185103040189,,preprocessed,real,0.0,0,0,800,200
credit-g,363626,2,20,14,curriculum,0.728452380952381,0.7,0.7,1.0,0.8235294117647058,0.0,0.8698632185504089,0.5682390352982948,0.192389487257306,70.0,70.0,0.1275185710983351,,preprocessed,real,0.0,0,0,800,200
credit-g,363626,2,20,15,plain,0.7922619047619047,0.7,0.7,1.0,0.8235294117647058,0.0,0.8967744086532097,0.5671476923990985,0.1920930297796262,70.0,70.0,0.12389993295073509,,preprocessed,real,0.0,0,0,800,200
credit-g,363626,2,20,15,mixed,0.7821428571428571,0.7,0.7,1.0,0.8235294117647058,0.0,0.8923963652403941,0.5683801035122639,0.19281107242783682,70.0,70.0,0.12745069502852857,,preprocessed,real,0.0,0,0,800,200
credit-g,363626,2,20,15,curriculum,0.7978571428571429,0.7,0.7,1.0,0.8235294117647058,0.0,0.8982443880447757,0.5698081835548491,0.19280931199914705,70.0,70.0,0.12689136795233935,,preprocessed,real,0.0,0,0,800,200
credit-g,363626,2,20,16,plain,0.8161904761904762,0.7,0.7,1.0,0.8235294117647058,0.0,0.9027791690719904,0.574573094634606,0.194959265410794,70.0,70.0,0.12355853000190109,,preprocessed,real,0.0,0,0,800,200
credit-g,363626,2,20,16,mixed,0.7746428571428572,0.7,0.7,1.0,0.8235294117647058,0.0,0.8882874056615507,0.5724702064621764,0.19438696856272542,70.0,70.0,0.1273346160305664,,preprocessed,real,0.0,0,0,800,200
credit-g,363626,2,20,16,curriculum,0.7976190476190476,0.7,0.7,1.0,0.8235294117647058,0.0,0.8989088547253674,0.5759437337621276,0.19537161852060886,70.0,70.0,0.12729201500769705,,preprocessed,real,0.0,0,0,800,200
credit-g,363626,2,20,17,plain,0.7748809523809523,0.7,0.7,1.0,0.8235294117647058,0.0,0.8921466321262603,0.5710859487173167,0.19389451353961407,70.0,70.0,0.12395105697214603,,preprocessed,real,0.0,0,0,800,200
credit-g,363626,2,20,17,mixed,0.7525,0.7,0.7,1.0,0.8235294117647058,0.0,0.8821388045977778,0.5728258923532192,0.19475516236202545,70.0,70.0,0.12690525397192687,,preprocessed,real,0.0,0,0,800,200
credit-g,363626,2,20,17,curriculum,0.7619047619047619,0.7,0.7,1.0,0.8235294117647058,0.0,0.8812512745885949,0.5760942988853706,0.19561852593075352,70.0,70.0,0.1271593919955194,,preprocessed,real,0.0,0,0,800,200
credit-g,363626,2,20,18,plain,0.7219047619047618,0.7,0.7,1.0,0.8235294117647058,0.0,0.8502592910360102,0.5705873932675002,0.19367380071368245,70.0,70.0,0.12396606104448438,,preprocessed,real,0.0,0,0,800,200
credit-g,363626,2,20,18,mixed,0.7190476190476192,0.7,0.7,1.0,0.8235294117647058,0.0,0.8494959239820064,0.5730039498341695,0.19470910765993601,70.0,70.0,0.12719484709668905,,preprocessed,real,0.0,0,0,800,200
credit-g,363626,2,20,18,curriculum,0.7255952380952381,0.7,0.7,1.0,0.8235294117647058,0.0,0.854713719844836,0.5721513899094505,0.19386951148092138,70.0,70.0,0.127221153001301,,preprocessed,real,0.0,0,0,800,200
credit-g,363626,2,20,19,plain,0.7380952380952381,0.7,0.7,1.0,0.8235294117647058,0.0,0.8778387348199751,0.5707348921149388,0.1937945727163766,70.0,70.0,0.1238499260507524,,preprocessed,real,0.0,0,0,800,200
credit-g,363626,2,20,19,mixed,0.7416666666666668,0.7,0.7,1.0,0.8235294117647058,0.0,0.8790815442302358,0.5704253955283441,0.19384582721462923,70.0,70.0,0.12707426096312702,,preprocessed,real,0.0,0,0,800,200
credit-g,363626,2,20,19,curriculum,0.7260714285714285,0.7,0.7,1.0,0.8235294117647058,0.0,0.8735889713295346,0.5742797713111493,0.19496828826987594,70.0,70.0,0.12658435699995607,,preprocessed,real,0.0,0,0,800,200
credit-g,363626,2,20,20,plain,0.786547619047619,0.7,0.7,1.0,0.8235294117647058,0.0,0.9012093437702118,0.5683434693354914,0.19261872257186177,70.0,70.0,0.12352922302670777,,preprocessed,real,0.0,0,0,800,200
credit-g,363626,2,20,20,mixed,0.7830952380952382,0.7,0.7,1.0,0.8235294117647058,0.0,0.9003971448880635,0.5671497508669091,0.19239456904471638,70.0,70.0,0.12715407693758607,,preprocessed,real,0.0,0,0,800,200
credit-g,363626,2,20,20,curriculum,0.787857142857143,0.7,0.7,1.0,0.8235294117647058,0.0,0.9015808340965457,0.5707052079234204,0.19322010886079702,70.0,70.0,0.1275417929282412,,preprocessed,real,0.0,0,0,800,200
credit-g,363626,2,20,21,plain,0.751547619047619,0.7,0.7,1.0,0.8235294117647058,0.0,0.8742413214513074,0.5676912080444434,0.19251741284796375,70.0,70.0,0.1236429950222373,,preprocessed,real,0.0,0,0,800,200
credit-g,363626,2,20,21,mixed,0.724047619047619,0.7,0.7,1.0,0.8235294117647058,0.0,0.8577551386273095,0.5738635885862836,0.19512572538051443,70.0,70.0,0.12753014895133674,,preprocessed,real,0.0,0,0,800,200
credit-g,363626,2,20,21,curriculum,0.7382142857142857,0.7,0.7,1.0,0.8235294117647058,0.0,0.867557485482232,0.5731892652132325,0.19431798564973093,70.0,70.0,0.12626592605374753,,preprocessed,real,0.0,0,0,800,200
credit-g,363626,2,20,22,plain,0.7813095238095238,0.7,0.7,1.0,0.8235294117647058,0.0,0.8937746299678626,0.5700540779358255,0.1932919950388934,70.0,70.0,0.12395509798079729,,preprocessed,real,0.0,0,0,800,200
credit-g,363626,2,20,22,mixed,0.7626190476190476,0.7,0.7,1.0,0.8235294117647058,0.0,0.8886197277004486,0.5705484691566146,0.19374229949236507,70.0,70.0,0.12768133298959583,,preprocessed,real,0.0,0,0,800,200
credit-g,363626,2,20,22,curriculum,0.7721428571428572,0.7,0.7,1.0,0.8235294117647058,0.0,0.8920764641355574,0.5728908367534558,0.19415349547416433,70.0,70.0,0.12678245501592755,,preprocessed,real,0.0,0,0,800,200
credit-g,363626,2,20,23,plain,0.758452380952381,0.7,0.7,1.0,0.8235294117647058,0.0,0.8777045799280997,0.5691472848019005,0.19326044319465588,70.0,70.0,0.12437990203034133,,preprocessed,real,0.0,0,0,800,200
credit-g,363626,2,20,23,mixed,0.763452380952381,0.7,0.7,1.0,0.8235294117647058,0.0,0.8819965246394605,0.5691848946141534,0.19335964816253642,70.0,70.0,0.12731134693603963,,preprocessed,real,0.0,0,0,800,200
credit-g,363626,2,20,23,curriculum,0.7613095238095239,0.7,0.7,1.0,0.8235294117647058,0.0,0.8801986904943535,0.5715712017106906,0.19380688482447755,70.0,70.0,0.12745188304688781,,preprocessed,real,0.0,0,0,800,200
credit-g,363626,2,20,24,plain,0.7851190476190477,0.7,0.7,1.0,0.8235294117647058,0.0,0.8837221464528395,0.5725138700298302,0.19404800650903944,70.0,70.0,0.12330044992268085,,preprocessed,real,0.0,0,0,800,200
credit-g,363626,2,20,24,mixed,0.7767857142857143,0.7,0.7,1.0,0.8235294117647058,0.0,0.8824778887583202,0.5720243821146065,0.19414659589197264,70.0,70.0,0.12742455292027444,,preprocessed,real,0.0,0,0,800,200
credit-g,363626,2,20,24,curriculum,0.7882142857142856,0.7,0.7,1.0,0.8235294117647058,0.0,0.8866543259947071,0.5745107168482773,0.19476120206012787,70.0,70.0,0.12719642801675946,,preprocessed,real,0.0,0,0,800,200
credit-g,363626,2,20,25,plain,0.7427380952380952,0.7,0.7,1.0,0.8235294117647058,0.0,0.8612195753966878,0.5757040696593019,0.19567565159806097,70.0,70.0,0.12361947097815573,,preprocessed,real,0.0,0,0,800,200
credit-g,363626,2,20,25,mixed,0.7147619047619047,0.7,0.7,1.0,0.8235294117647058,0.0,0.8508548188954888,0.5782717913598722,0.19686726940329216,70.0,70.0,0.12738901807460934,,preprocessed,real,0.0,0,0,800,200
credit-g,363626,2,20,25,curriculum,0.7199999999999999,0.7,0.7,1.0,0.8235294117647058,0.0,0.8532452279751035,0.580325936015454,0.19740460179137467,70.0,70.0,0.12738906510639936,,preprocessed,real,0.0,0,0,800,200
credit-g,363626,2,20,26,plain,0.7838095238095237,0.7,0.7,1.0,0.8235294117647058,0.0,0.8930905324606153,0.5683241331172522,0.19242580172082,70.0,70.0,0.12346283404622227,,preprocessed,real,0.0,0,0,800,200
credit-g,363626,2,20,26,mixed,0.7892857142857143,0.7,0.7,1.0,0.8235294117647058,0.0,0.8982012115357325,0.5667902818328906,0.19211061224352524,70.0,70.0,0.12787957803811878,,preprocessed,real,0.0,0,0,800,200
credit-g,363626,2,20,26,curriculum,0.778452380952381,0.7,0.7,1.0,0.8235294117647058,0.0,0.8920442790468456,0.5716995629647519,0.19355374043497853,70.0,70.0,0.12750979408156127,,preprocessed,real,0.0,0,0,800,200
credit-g,363626,2,20,27,plain,0.7995238095238095,0.7,0.7,1.0,0.8235294117647058,0.0,0.9030410217979192,0.5675735926584972,0.19231402723083865,70.0,70.0,0.12379322096239775,,preprocessed,real,0.0,0,0,800,200
credit-g,363626,2,20,27,mixed,0.7720238095238094,0.7,0.7,1.0,0.8235294117647058,0.0,0.8915667523366138,0.5691931649296297,0.19320627486903405,70.0,70.0,0.1278576049953699,,preprocessed,real,0.0,0,0,800,200
credit-g,363626,2,20,27,curriculum,0.8013095238095239,0.7,0.7,1.0,0.8235294117647058,0.0,0.9032019387246688,0.5693830112297806,0.19264169038902793,70.0,70.0,0.1274702469818294,,preprocessed,real,0.0,0,0,800,200
credit-g,363626,2,20,28,plain,0.7691666666666667,0.7,0.7,1.0,0.8235294117647058,0.0,0.8920523167731146,0.5654995616283901,0.19162108024522653,70.0,70.0,0.1234955390682444,,preprocessed,real,0.0,0,0,800,200
credit-g,363626,2,20,28,mixed,0.7694047619047619,0.7,0.7,1.0,0.8235294117647058,0.0,0.888553327845593,0.5648930523865079,0.1914911870302231,70.0,70.0,0.12722030596341938,,preprocessed,real,0.0,0,0,800,200
credit-g,363626,2,20,28,curriculum,0.770952380952381,0.7,0.7,1.0,0.8235294117647058,0.0,0.8896403750954943,0.5675773712679796,0.1920267396189007,70.0,70.0,0.12810143898241222,,preprocessed,real,0.0,0,0,800,200
credit-g,363626,2,20,29,plain,0.7491666666666666,0.7,0.7,1.0,0.8235294117647058,0.0,0.8653661524971499,0.5715866126689505,0.19402557259825773,70.0,70.0,0.1234829310560599,,preprocessed,real,0.0,0,0,800,200
credit-g,363626,2,20,29,mixed,0.7327380952380952,0.7,0.7,1.0,0.8235294117647058,0.0,0.865864279902469,0.5739000270792056,0.19517901834109844,70.0,70.0,0.12736230506561697,,preprocessed,real,0.0,0,0,800,200
credit-g,363626,2,20,29,curriculum,0.7514285714285714,0.7,0.7,1.0,0.8235294117647058,0.0,0.8734660605398078,0.5753723714389339,0.1952904134641188,70.0,70.0,0.12701137689873576,,preprocessed,real,0.0,0,0,800,200
credit-g,363626,2,20,30,plain,0.756547619047619,0.7,0.7,1.0,0.8235294117647058,0.0,0.8830718774165205,0.5662909848526932,0.19165245983024626,70.0,70.0,0.1235232490580529,,preprocessed,real,0.0,0,0,800,200
credit-g,363626,2,20,30,mixed,0.7376190476190476,0.7,0.7,1.0,0.8235294117647058,0.0,0.8776992901385046,0.5669880534736987,0.19211328620737242,70.0,70.0,0.12691740703303367,,preprocessed,real,0.0,0,0,800,200
credit-g,363626,2,20,30,curriculum,0.7469047619047618,0.7,0.7,1.0,0.8235294117647058,0.0,0.8799979975104085,0.5687198315844503,0.19230246715720853,70.0,70.0,0.12738502502907068,,preprocessed,real,0.0,0,0,800,200
credit-g,363626,2,20,31,plain,0.7573809523809525,0.7,0.7,1.0,0.8235294117647058,0.0,0.8686508359681807,0.5724987623845061,0.19429266571707196,70.0,70.0,0.12419463694095612,,preprocessed,real,0.0,0,0,800,200
credit-g,363626,2,20,31,mixed,0.7614285714285716,0.7,0.7,1.0,0.8235294117647058,0.0,0.8700643318622464,0.5739925827382333,0.1950530561986775,70.0,70.0,0.12751384393777698,,preprocessed,real,0.0,0,0,800,200
credit-g,363626,2,20,31,curriculum,0.7732142857142857,0.7,0.7,1.0,0.8235294117647058,0.0,0.8798923593590958,0.5746146254716654,0.19490419334760026,70.0,70.0,0.12680915091186762,,preprocessed,real,0.0,0,0,800,200
credit-g,363626,2,20,32,plain,0.7504761904761905,0.7,0.7,1.0,0.8235294117647058,0.0,0.8734199159122542,0.5661436944528899,0.19235389585401969,70.0,70.0,0.12343019596301019,,preprocessed,real,0.0,0,0,800,200
credit-g,363626,2,20,32,mixed,0.7382142857142856,0.7,0.7,1.0,0.8235294117647058,0.0,0.8717323569281467,0.5715608562204815,0.1945131678968898,70.0,70.0,0.1274736940395087,,preprocessed,real,0.0,0,0,800,200
credit-g,363626,2,20,32,curriculum,0.7503571428571428,0.7,0.7,1.0,0.8235294117647058,0.0,0.8742323248908495,0.5710911673416122,0.19369082720027905,70.0,70.0,0.1271311080781743,,preprocessed,real,0.0,0,0,800,200
credit-g,363626,2,20,33,plain,0.7890476190476191,0.7,0.7,1.0,0.8235294117647058,0.0,0.8921094105067077,0.5688046282410966,0.19276011571460402,70.0,70.0,0.12408011697698385,,preprocessed,real,0.0,0,0,800,200
credit-g,363626,2,20,33,mixed,0.7495238095238095,0.7,0.7,1.0,0.8235294117647058,0.0,0.8740968505604467,0.5707327845190728,0.19385599406013562,70.0,70.0,0.12742118502501398,,preprocessed,real,0.0,0,0,800,200
credit-g,363626,2,20,33,curriculum,0.7730952380952381,0.7,0.7,1.0,0.8235294117647058,0.0,0.8868464930401624,0.5727017818077603,0.19409258968728935,70.0,70.0,0.12725531205069274,,preprocessed,real,0.0,0,0,800,200
credit-g,363626,2,20,34,plain,0.7953571428571429,0.7,0.7,1.0,0.8235294117647058,0.0,0.9029892010118717,0.5795987232515798,0.19704412246516664,70.0,70.0,0.12360289006028324,,preprocessed,real,0.0,0,0,800,200
credit-g,363626,2,20,34,mixed,0.7842857142857144,0.7,0.7,1.0,0.8235294117647058,0.0,0.8995530457430843,0.5748157121510171,0.19538318310144612,70.0,70.0,0.12744936300441623,,preprocessed,real,0.0,0,0,800,200
credit-g,363626,2,20,34,curriculum,0.7780952380952381,0.7,0.7,1.0,0.8235294117647058,0.0,0.8969556838323826,0.5790110809191895,0.1967234675633572,70.0,70.0,0.12705818202812225,,preprocessed,real,0.0,0,0,800,200
credit-g,363626,2,20,35,plain,0.7326190476190476,0.7,0.7,1.0,0.8235294117647058,0.0,0.8579131344222033,0.5733247292278572,0.19487334522399585,70.0,70.0,0.12383121706079692,,preprocessed,real,0.0,0,0,800,200
credit-g,363626,2,20,35,mixed,0.715,0.7,0.7,1.0,0.8235294117647058,0.0,0.851360473775054,0.5759093626610615,0.1960752863321429,70.0,70.0,0.1274837739765644,,preprocessed,real,0.0,0,0,800,200
credit-g,363626,2,20,35,curriculum,0.719047619047619,0.7,0.7,1.0,0.8235294117647058,0.0,0.8540518826240101,0.5779606235091255,0.19641520800551285,70.0,70.0,0.12573967990465462,,preprocessed,real,0.0,0,0,800,200
credit-g,363626,2,20,36,plain,0.7951190476190477,0.7,0.7,1.0,0.8235294117647058,0.0,0.902083155228744,0.5693192879955327,0.19300869593853429,70.0,70.0,0.12354262906592339,,preprocessed,real,0.0,0,0,800,200
credit-g,363626,2,20,36,mixed,0.8134523809523809,0.7,0.7,1.0,0.8235294117647058,0.0,0.9091371001108466,0.5685209801592727,0.19284263746181973,70.0,70.0,0.12686068296898156,,preprocessed,real,0.0,0,0,800,200
credit-g,363626,2,20,36,curriculum,0.7997619047619047,0.7,0.7,1.0,0.8235294117647058,0.0,0.9037962364039529,0.5732142838325892,0.19429026152442572,70.0,70.0,0.12759297096636146,,preprocessed,real,0.0,0,0,800,200
credit-g,363626,2,20,37,plain,0.7034523809523809,0.7,0.7,1.0,0.8235294117647058,0.0,0.8555991052063217,0.5729254173902453,0.19502305816041357,70.0,70.0,0.12412897706963122,,preprocessed,real,0.0,0,0,800,200
credit-g,363626,2,20,37,mixed,0.7069047619047619,0.7,0.7,1.0,0.8235294117647058,0.0,0.8557110473701868,0.5759705847367341,0.19621635925374886,70.0,70.0,0.1270049239974469,,preprocessed,real,0.0,0,0,800,200
credit-g,363626,2,20,37,curriculum,0.7020238095238094,0.7,0.7,1.0,0.8235294117647058,0.0,0.8541078111774371,0.577574435138768,0.19657447825022323,70.0,70.0,0.1275061130290851,,preprocessed,real,0.0,0,0,800,200
credit-g,363626,2,20,38,plain,0.8,0.7,0.7,1.0,0.8235294117647058,0.0,0.906562934851105,0.5683935838707208,0.19258173936774534,70.0,70.0,0.12354784400667995,,preprocessed,real,0.0,0,0,800,200
credit-g,363626,2,20,38,mixed,0.7638095238095238,0.7,0.7,1.0,0.8235294117647058,0.0,0.8931780108656593,0.5689950495116556,0.19315581684935562,70.0,70.0,0.12754689995199442,,preprocessed,real,0.0,0,0,800,200
credit-g,363626,2,20,38,curriculum,0.7904761904761904,0.7,0.7,1.0,0.8235294117647058,0.0,0.9039492827309504,0.5695321725167807,0.1927340886594452,70.0,70.0,0.12735629291273654,,preprocessed,real,0.0,0,0,800,200
credit-g,363626,2,20,39,plain,0.8027380952380953,0.7,0.7,1.0,0.8235294117647058,0.0,0.8960487453821175,0.5723558421424495,0.19394476701416785,70.0,70.0,0.12428454600740224,,preprocessed,real,0.0,0,0,800,200
credit-g,363626,2,20,39,mixed,0.7813095238095239,0.7,0.7,1.0,0.8235294117647058,0.0,0.8918538312364999,0.5688337132464176,0.19284907756226105,70.0,70.0,0.12749459699261934,,preprocessed,real,0.0,0,0,800,200
credit-g,363626,2,20,39,curriculum,0.8027380952380953,0.7,0.7,1.0,0.8235294117647058,0.0,0.8957000888037204,0.5715304727750075,0.19338706160130595,70.0,70.0,0.12708241189830005,,preprocessed,real,0.0,0,0,800,200
credit-g,363626,2,20,40,plain,0.8001190476190476,0.7,0.7,1.0,0.8235294117647058,0.0,0.8991779955278941,0.571247574147906,0.19365263355525245,70.0,70.0,0.12367163493763655,,preprocessed,real,0.0,0,0,800,200
credit-g,363626,2,20,40,mixed,0.7795238095238094,0.7,0.7,1.0,0.8235294117647058,0.0,0.890906061714812,0.5720784663948745,0.19425919029002492,70.0,70.0,0.12758302805013955,,preprocessed,real,0.0,0,0,800,200
credit-g,363626,2,20,40,curriculum,0.8010714285714285,0.7,0.7,1.0,0.8235294117647058,0.0,0.8997053607453831,0.5740032781315758,0.19453681994411384,70.0,70.0,0.12713007803540677,,preprocessed,real,0.0,0,0,800,200
credit-g,363626,2,20,41,plain,0.7024999999999999,0.7,0.7,1.0,0.8235294117647058,0.0,0.8397217996703035,0.5772835884475437,0.19661435882769993,70.0,70.0,0.12354444502852857,,preprocessed,real,0.0,0,0,800,200
credit-g,363626,2,20,41,mixed,0.6809523809523809,0.7,0.7,1.0,0.8235294117647058,0.0,0.834712845820826,0.5827982624614632,0.19885298983255836,70.0,70.0,0.12741506099700928,,preprocessed,real,0.0,0,0,800,200
credit-g,363626,2,20,41,curriculum,0.6952380952380952,0.7,0.7,1.0,0.8235294117647058,0.0,0.8386037568850631,0.5812121674658135,0.19778028822860208,70.0,70.0,0.12706713599618524,,preprocessed,real,0.0,0,0,800,200
credit-g,363626,2,20,42,plain,0.8409523809523809,0.7,0.7,1.0,0.8235294117647058,0.0,0.9238099499392929,0.5736158263433392,0.19453489674938423,70.0,70.0,0.12365552608389407,,preprocessed,real,0.0,0,0,800,200
credit-g,363626,2,20,42,mixed,0.815952380952381,0.7,0.7,1.0,0.8235294117647058,0.0,0.914019972488569,0.5681252353780847,0.19264431745142757,70.0,70.0,0.12693239108193666,,preprocessed,real,0.0,0,0,800,200
credit-g,363626,2,20,42,curriculum,0.8294047619047619,0.7,0.7,1.0,0.8235294117647058,0.0,0.920139597305379,0.5721430610697624,0.19376933784164851,70.0,70.0,0.12706399604212493,,preprocessed,real,0.0,0,0,800,200
credit-g,363626,2,20,43,plain,0.7572619047619047,0.7,0.7,1.0,0.8235294117647058,0.0,0.8704509454084659,0.5692145414413562,0.19295453577453217,70.0,70.0,0.12660950399003923,,preprocessed,real,0.0,0,0,800,200
credit-g,363626,2,20,43,mixed,0.7595238095238096,0.7,0.7,1.0,0.8235294117647058,0.0,0.8782238217058187,0.5680869862809985,0.1927927559907949,70.0,70.0,0.12690681300591677,,preprocessed,real,0.0,0,0,800,200
credit-g,363626,2,20,43,curriculum,0.7697619047619048,0.7,0.7,1.0,0.8235294117647058,0.0,0.8804920368741753,0.5700339949165155,0.19303791449144783,70.0,70.0,0.12735742900986224,,preprocessed,real,0.0,0,0,800,200
credit-g,363626,2,20,44,plain,0.7479761904761904,0.7,0.7,1.0,0.8235294117647058,0.0,0.8805354538327572,0.5677638155823144,0.192414729245965,70.0,70.0,0.12401268200483173,,preprocessed,real,0.0,0,0,800,200
credit-g,363626,2,20,44,mixed,0.7445238095238095,0.7,0.7,1.0,0.8235294117647058,0.0,0.8772035101156185,0.5696633850527867,0.1933453507157013,70.0,70.0,0.12761206494178623,,preprocessed,real,0.0,0,0,800,200
credit-g,363626,2,20,44,curriculum,0.7341666666666667,0.7,0.7,1.0,0.8235294117647058,0.0,0.8737535552160511,0.5722833685023629,0.19392629639415343,70.0,70.0,0.1266305319732055,,preprocessed,real,0.0,0,0,800,200
credit-g,363626,2,20,45,plain,0.7733333333333333,0.7,0.7,1.0,0.8235294117647058,0.0,0.8984244153112256,0.5662946873588756,0.1917561575362125,70.0,70.0,0.12342146097216755,,preprocessed,real,0.0,0,0,800,200
credit-g,363626,2,20,45,mixed,0.7486904761904762,0.7,0.7,1.0,0.8235294117647058,0.0,0.8863547293975651,0.5690418273841309,0.19313867355500128,70.0,70.0,0.12769280292559415,,preprocessed,real,0.0,0,0,800,200
credit-g,363626,2,20,45,curriculum,0.7652380952380953,0.7,0.7,1.0,0.8235294117647058,0.0,0.8934956581601491,0.5706097402506042,0.19317319485379802,70.0,70.0,0.12771330401301384,,preprocessed,real,0.0,0,0,800,200
credit-g,363626,2,20,46,plain,0.7478571428571429,0.7,0.7,1.0,0.8235294117647058,0.0,0.865854114703243,0.5678468192500925,0.19249496619182177,70.0,70.0,0.12338304799050093,,preprocessed,real,0.0,0,0,800,200
credit-g,363626,2,20,46,mixed,0.7373809523809522,0.7,0.7,1.0,0.8235294117647058,0.0,0.8661980467037151,0.5695089181154102,0.19335148975498165,70.0,70.0,0.12666061299387366,,preprocessed,real,0.0,0,0,800,200
credit-g,363626,2,20,46,curriculum,0.7471428571428571,0.7,0.7,1.0,0.8235294117647058,0.0,0.868812953968014,0.570311196717192,0.19308575523579954,70.0,70.0,0.12740082701202482,,preprocessed,real,0.0,0,0,800,200
credit-g,363626,2,20,47,plain,0.8140476190476192,0.7,0.7,1.0,0.8235294117647058,0.0,0.9112097989807578,0.5739353547529893,0.19480672305162777,70.0,70.0,0.12371458299458027,,preprocessed,real,0.0,0,0,800,200
credit-g,363626,2,20,47,mixed,0.7642857142857145,0.7,0.7,1.0,0.8235294117647058,0.0,0.890567376140517,0.5726451498435654,0.19461314879481242,70.0,70.0,0.12711395299993455,,preprocessed,real,0.0,0,0,800,200
credit-g,363626,2,20,47,curriculum,0.7979761904761905,0.7,0.7,1.0,0.8235294117647058,0.0,0.9038658855062571,0.5755568443064941,0.1952582249832287,70.0,70.0,0.12710174289532006,,preprocessed,real,0.0,0,0,800,200
credit-g,363626,2,20,48,plain,0.7658333333333334,0.7,0.7,1.0,0.8235294117647058,0.0,0.8769662075780463,0.5723743099530206,0.19431879846102337,70.0,70.0,0.12364954699296504,,preprocessed,real,0.0,0,0,800,200
credit-g,363626,2,20,48,mixed,0.7689285714285714,0.7,0.7,1.0,0.8235294117647058,0.0,0.8781918654933032,0.5744569849210945,0.19532289560702878,70.0,70.0,0.1274170660180971,,preprocessed,real,0.0,0,0,800,200
credit-g,363626,2,20,48,curriculum,0.758452380952381,0.7,0.7,1.0,0.8235294117647058,0.0,0.8760036135221918,0.5760694498686538,0.19546975290415822,70.0,70.0,0.1268389979377389,,preprocessed,real,0.0,0,0,800,200
credit-g,363626,2,20,49,plain,0.7313095238095237,0.7,0.7,1.0,0.8235294117647058,0.0,0.8701276957382389,0.5721889768247814,0.19456415634593763,70.0,70.0,0.12396367103792727,,preprocessed,real,0.0,0,0,800,200
credit-g,363626,2,20,49,mixed,0.7407142857142857,0.7,0.7,1.0,0.8235294117647058,0.0,0.8723730079130592,0.5679464761488544,0.1927902081262975,70.0,70.0,0.12729033397044986,,preprocessed,real,0.0,0,0,800,200
credit-g,363626,2,20,49,curriculum,0.7429761904761906,0.7,0.7,1.0,0.8235294117647058,0.0,0.8740169299355867,0.5728485138009504,0.19450187454037912,70.0,70.0,0.12674269801937044,,preprocessed,real,0.0,0,0,800,200
credit_card_clients_default,363627,2,23,0,plain,0.7524544421096145,0.7780487804878049,0.5,0.01098901098901099,0.021505376344086023,0.9968652037617555,0.5245957515333876,0.47179974781094763,0.150244174722892,22.1001221001221,22.195121951219512,0.767109849024564,,preprocessed,real,0.0,0,0,1638,410
credit_card_clients_default,363627,2,23,0,mixed,0.7471838506321266,0.775609756097561,0.0,0.0,0.0,0.9968652037617555,0.5148029984175099,0.4762147540406596,0.1525877870993635,22.1001221001221,22.195121951219512,0.7734312580432743,,preprocessed,real,0.0,0,0,1638,410
credit_card_clients_default,363627,2,23,0,curriculum,0.753763477901409,0.7804878048780488,1.0,0.01098901098901099,0.021739130434782608,1.0,0.5344651640639898,0.468868471439148,0.1496003620429414,22.1001221001221,22.195121951219512,0.7730705939466134,,preprocessed,real,0.0,0,0,1638,410
credit_card_clients_default,363627,2,23,1,plain,0.7798408488063661,0.7804878048780488,1.0,0.01098901098901099,0.021739130434782608,1.0,0.5683084413597249,0.4675546802202202,0.14872597319238579,22.1001221001221,22.195121951219512,0.772074616048485,,preprocessed,real,0.0,0,0,1638,410
credit_card_clients_default,363627,2,23,1,mixed,0.7381239450204968,0.7780487804878049,0.0,0.0,0.0,1.0,0.5401985517826677,0.47397929809352696,0.15166258370546826,22.1001221001221,22.195121951219512,0.7736282260157168,,preprocessed,real,0.0,0,0,1638,410
credit_card_clients_default,363627,2,23,1,curriculum,0.7788073994970547,0.7780487804878049,0.0,0.0,0.0,1.0,0.5506417015587176,0.46444251245226087,0.14813614867303682,22.1001221001221,22.195121951219512,0.7714571359101683,,preprocessed,real,0.0,0,0,1638,410
credit_card_clients_default,363627,2,23,2,plain,0.759034069378897,0.7731707317073171,0.3333333333333333,0.02197802197802198,0.041237113402061855,0.987460815047022,0.5087238043681339,0.4721780513018009,0.15108158467447555,22.1001221001221,22.195121951219512,0.7712294650264084,,preprocessed,real,0.0,0,0,1638,410
credit_card_clients_default,363627,2,23,2,mixed,0.7630989699955217,0.7731707317073171,0.25,0.01098901098901099,0.021052631578947368,0.9905956112852664,0.5009034269430482,0.47577018163940243,0.1529512766191362,22.1001221001221,22.195121951219512,0.7742105820216238,,preprocessed,real,0.0,0,0,1638,410
credit_card_clients_default,363627,2,23,2,curriculum,0.7591374143098281,0.7731707317073171,0.25,0.01098901098901099,0.021052631578947368,0.9905956112852664,0.5057655454721423,0.4683864369991855,0.14991514989203075,22.1001221001221,22.195121951219512,0.7730966350063682,,preprocessed,real,0.0,0,0,1638,410
credit_card_clients_default,363627,2,23,3,plain,0.7425635667014978,0.784841075794621,0.6666666666666666,0.044444444444444446,0.08333333333333333,0.9937304075235109,0.51931836533913,0.47118703085050256,0.1502154269925578,22.14765100671141,22.00488997555012,0.7805282240733504,,preprocessed,real,0.0,0,0,1639,409
credit_card_clients_default,363627,2,23,3,mixed,0.7465343086032742,0.78239608801956,0.6666666666666666,0.022222222222222223,0.043010752688172046,0.9968652037617555,0.5044669896806826,0.4747394555072622,0.1520930019755042,22.14765100671141,22.00488997555012,0.782020453014411,,preprocessed,real,0.0,0,0,1639,409
credit_card_clients_default,363627,2,23,3,curriculum,0.7507140369209334,0.7799511002444988,0.0,0.0,0.0,1.0,0.5130529322403277,0.46797474172602205,0.14962799026973297,22.14765100671141,22.00488997555012,0.7807580770459026,,preprocessed,real,0.0,0,0,1639,409
credit_card_clients_default,363627,2,23,4,plain,0.7786485545106234,0.7799511002444988,0.5,0.022222222222222223,0.0425531914893617,0.9937304075235109,0.5287213478990309,0.4615763333890758,0.14642166552764443,22.14765100671141,22.00488997555012,0.7800852250074968,,preprocessed,real,0.0,0,0,1639,409
credit_card_clients_default,363627,2,23,4,mixed,0.7733194009056078,0.7799511002444988,0.0,0.0,0.0,1.0,0.5350482212663541,0.4633120480787544,0.1476343730151603,22.14765100671141,22.00488997555012,0.783635784056969,,preprocessed,real,0.0,0,0,1639,409
credit_card_clients_default,363627,2,23,4,curriculum,0.7812608847091604,0.7750611246943765,0.0,0.0,0.0,0.9937304075235109,0.5183163239210176,0.4582449427531618,0.14573708994473222,22.14765100671141,22.00488997555012,0.7826793720014393,,preprocessed,real,0.0,0,0,1639,409
credit_card_clients_default,363627,2,23,5,plain,0.8054359433669779,0.7780487804878049,0.0,0.0,0.0,1.0,0.6310519387992539,0.4646648064358913,0.14766024379048776,22.1001221001221,22.195121951219512,0.7721059919567779,,preprocessed,real,0.0,0,0,1638,410
credit_card_clients_default,363627,2,23,5,mixed,0.7829756450446106,0.7780487804878049,0.0,0.0,0.0,1.0,0.6074208525920827,0.47020452826248915,0.15025561936839238,22.1001221001221,22.195121951219512,0.7736426100600511,,preprocessed,real,0.0,0,0,1638,410
credit_card_clients_default,363627,2,23,5,curriculum,0.7975817286162115,0.7780487804878049,0.0,0.0,0.0,1.0,0.6201383693418168,0.46085554956864017,0.1467643432255753,22.1001221001221,22.195121951219512,0.7746238959953189,,preprocessed,real,0.0,0,0,1638,410
credit_card_clients_default,363627,2,23,6,plain,0.7271004857211754,0.7780487804878049,0.5,0.01098901098901099,0.021505376344086023,0.9968652037617555,0.5322227168127185,0.46902379112420894,0.14893313684064372,22.1001221001221,22.195121951219512,0.7713181111030281,,preprocessed,real,0.0,0,0,1638,410
credit_card_clients_default,363627,2,23,6,mixed,0.7391918426401185,0.7780487804878049,0.0,0.0,0.0,1.0,0.5349292637603876,0.471527574664173,0.15068383443031472,22.1001221001221,22.195121951219512,0.7753649989608675,,preprocessed,real,0.0,0,0,1638,410
credit_card_clients_default,363627,2,23,6,curriculum,0.7448758138413311,0.7780487804878049,0.0,0.0,0.0,1.0,0.5325117064121261,0.4647669228143551,0.14782865156901656,22.1001221001221,22.195121951219512,0.7724614830221981,,preprocessed,real,0.0,0,0,1638,410
credit_card_clients_default,363627,2,23,7,plain,0.703813427951359,0.7780487804878049,0.5,0.07692307692307693,0.13333333333333333,0.9780564263322884,0.4101014995538741,0.4871266176654507,0.15697238192122293,22.1001221001221,22.195121951219512,0.771167553961277,,preprocessed,real,0.0,0,0,1638,410
credit_card_clients_default,363627,2,23,7,mixed,0.7035033931585656,0.7731707317073171,0.3333333333333333,0.02197802197802198,0.041237113402061855,0.987460815047022,0.4016825570367035,0.48872878649261586,0.15781247738257478,22.1001221001221,22.195121951219512,0.7731772299157456,,preprocessed,real,0.0,0,0,1638,410
credit_card_clients_default,363627,2,23,7,curriculum,0.7082917082917083,0.7658536585365854,0.14285714285714285,0.01098901098901099,0.02040816326530612,0.9811912225705329,0.40387879117603465,0.48615475684356735,0.1569431110915057,22.1001221001221,22.195121951219512,0.77330171095673,,preprocessed,real,0.0,0,0,1638,410
credit_card_clients_default,363627,2,23,8,plain,0.8112504353883664,0.78239608801956,1.0,0.011111111111111112,0.02197802197802198,1.0,0.5652418931661827,0.46648057356423905,0.14857839425506625,22.14765100671141,22.00488997555012,0.7813066049711779,,preprocessed,real,0.0,0,0,1639,409
credit_card_clients_default,363627,2,23,8,mixed,0.7663183559735284,0.78239608801956,1.0,0.011111111111111112,0.02197802197802198,1.0,0.5376712863297083,0.4731102778858422,0.15146642890002981,22.14765100671141,22.00488997555012,0.7822827559430152,,preprocessed,real,0.0,0,0,1639,409
credit_card_clients_default,363627,2,23,8,curriculum,0.8133751306165098,0.7799511002444988,0.0,0.0,0.0,1.0,0.5538507870776054,0.4616551428987938,0.14733211744490968,22.14765100671141,22.00488997555012,0.7820148500613868,,preprocessed,real,0.0,0,0,1639,409
credit_card_clients_default,363627,2,23,9,plain,0.7534656913967259,0.7872860635696821,0.8,0.044444444444444446,0.08421052631578947,0.9968652037617555,0.5271938945540611,0.46680628593875084,0.1483549684624027,22.14765100671141,22.00488997555012,0.7804391790414229,,preprocessed,real,0.0,0,0,1639,409
credit_card_clients_default,363627,2,23,9,mixed,0.7545802856147685,0.7799511002444988,0.5,0.011111111111111112,0.021739130434782608,0.9968652037617555,0.5316945467096377,0.4708112244837811,0.15049666726664238,22.14765100671141,22.00488997555012,0.7825100279878825,,preprocessed,real,0.0,0,0,1639,409
credit_card_clients_default,363627,2,23,9,curriculum,0.7573319400905608,0.78239608801956,1.0,0.011111111111111112,0.02197802197802198,1.0,0.5303469240536389,0.4639801073538519,0.14760872322513208,22.14765100671141,22.00488997555012,0.781560888979584,,preprocessed,real,0.0,0,0,1639,409
credit_card_clients_default,363627,2,23,10,plain,0.7253436218953461,0.7878048780487805,0.8333333333333334,0.054945054945054944,0.10309278350515463,0.9968652037617555,0.49616101835844584,0.4758094289067707,0.15187052275336188,22.1001221001221,22.195121951219512,0.7723304780665785,,preprocessed,real,0.0,0,0,1638,410
credit_card_clients_default,363627,2,23,10,mixed,0.709635192393813,0.7780487804878049,0.0,0.0,0.0,1.0,0.5078831284640077,0.47923584428492144,0.15342544834016997,22.1001221001221,22.195121951219512,0.773428633925505,,preprocessed,real,0.0,0,0,1638,410
credit_card_clients_default,363627,2,23,10,curriculum,0.7207619966240656,0.7780487804878049,0.5,0.01098901098901099,0.021505376344086023,0.9968652037617555,0.48576178436138,0.4752390509117196,0.15191418620434932,22.1001221001221,22.195121951219512,0.7737083008978516,,preprocessed,real,0.0,0,0,1638,410
credit_card_clients_default,363627,2,23,11,plain,0.7859726480416136,0.775609756097561,0.0,0.0,0.0,0.9968652037617555,0.5401652197336674,0.46389516898542255,0.14767531164352704,22.1001221001221,22.195121951219512,0.7726778379874304,,preprocessed,real,0.0,0,0,1638,410
credit_card_clients_default,363627,2,23,11,mixed,0.7906576182438251,0.7780487804878049,0.0,0.0,0.0,1.0,0.5479740655013746,0.46708132499494875,0.14948600369096918,22.1001221001221,22.195121951219512,0.7741263710195199,,preprocessed,real,0.0,0,0,1638,410
credit_card_clients_default,363627,2,23,11,curriculum,0.8018188707843881,0.7780487804878049,0.0,0.0,0.0,1.0,0.5470886569501797,0.45626153733537156,0.14539700384557047,22.1001221001221,22.195121951219512,0.7732310600113124,,preprocessed,real,0.0,0,0,1638,410
credit_card_clients_default,363627,2,23,12,plain,0.7912776878294119,0.7829268292682927,0.75,0.03296703296703297,0.06315789473684211,0.9968652037617555,0.5699148274556654,0.4624049093680876,0.14678917806266661,22.1001221001221,22.195121951219512,0.773634796962142,,preprocessed,real,0.0,0,0,1638,410
credit_card_clients_default,363627,2,23,12,mixed,0.7769127424299836,0.7780487804878049,0.0,0.0,0.0,1.0,0.5543787168513737,0.46732815761929214,0.14927845339583157,22.1001221001221,22.195121951219512,0.7725486010313034,,preprocessed,real,0.0,0,0,1638,410
credit_card_clients_default,363627,2,23,12,curriculum,0.7917599641737573,0.7780487804878049,0.0,0.0,0.0,1.0,0.5601048769998329,0.4585538056589868,0.14593426432268491,22.1001221001221,22.195121951219512,0.7734874160960317,,preprocessed,real,0.0,0,0,1638,410
credit_card_clients_default,363627,2,23,13,plain,0.7416579588993382,0.7872860635696821,0.6666666666666666,0.06666666666666667,0.12121212121212122,0.9905956112852664,0.48365947932857734,0.4735308999789293,0.15106786389315682,22.14765100671141,22.00488997555012,0.7810734750237316,,preprocessed,real,0.0,0,0,1639,409
credit_card_clients_default,363627,2,23,13,mixed,0.7477533960292582,0.7750611246943765,0.25,0.011111111111111112,0.02127659574468085,0.9905956112852664,0.47911513883503154,0.4777727945879512,0.15328379733585773,22.14765100671141,22.00488997555012,0.7831097040325403,,preprocessed,real,0.0,0,0,1639,409
credit_card_clients_default,363627,2,23,13,curriculum,0.7459073493556252,0.7775061124694377,0.4,0.022222222222222223,0.042105263157894736,0.9905956112852664,0.48233832964850504,0.4725662929870882,0.15110766800856162,22.14765100671141,22.00488997555012,0.7830740750068799,,preprocessed,real,0.0,0,0,1639,409
credit_card_clients_default,363627,2,23,14,plain,0.7555381400208987,0.784841075794621,0.75,0.03333333333333333,0.06382978723404255,0.9968652037617555,0.5321716591264622,0.4714895433341577,0.15033559206624675,22.14765100671141,22.00488997555012,0.7817005880642682,,preprocessed,real,0.0,0,0,1639,409
credit_card_clients_default,363627,2,23,14,mixed,0.7486938349007315,0.7799511002444988,0.0,0.0,0.0,1.0,0.5058398710856397,0.47582666214378705,0.15260343675708332,22.14765100671141,22.00488997555012,0.7836714000441134,,preprocessed,real,0.0,0,0,1639,409
credit_card_clients_default,363627,2,23,14,curriculum,0.765168930686172,0.78239608801956,1.0,0.011111111111111112,0.02197802197802198,1.0,0.5261367064855599,0.4685572504354191,0.14988036339832522,22.14765100671141,22.00488997555012,0.7819197910139337,,preprocessed,real,0.0,0,0,1639,409
credit_card_clients_default,363627,2,23,15,plain,0.7683006648523889,0.7804878048780488,0.6666666666666666,0.02197802197802198,0.0425531914893617,0.9968652037617555,0.5560118236060615,0.4702284696701572,0.1499663933932361,22.1001221001221,22.195121951219512,0.7726609439123422,,preprocessed,real,0.0,0,0,1638,410
credit_card_clients_default,363627,2,23,15,mixed,0.7430156050845707,0.7780487804878049,0.5,0.01098901098901099,0.021505376344086023,0.9968652037617555,0.536513556679408,0.4761717431948376,0.15276259376614998,22.1001221001221,22.195121951219512,0.7729690859559923,,preprocessed,real,0.0,0,0,1638,410
credit_card_clients_default,363627,2,23,15,curriculum,0.773295669847394,0.7780487804878049,0.0,0.0,0.0,1.0,0.5692467247882477,0.4670063630050165,0.1491788081728267,22.1001221001221,22.195121951219512,0.774420514004305,,preprocessed,real,0.0,0,0,1638,410
credit_card_clients_default,363627,2,23,16,plain,0.7354369768162872,0.7829268292682927,0.6,0.06593406593406594,0.1188118811881188,0.987460815047022,0.48470132623310497,0.47137589881844744,0.15018773509085082,22.1001221001221,22.195121951219512,0.7716810039710253,,preprocessed,real,0.0,0,0,1638,410
credit_card_clients_default,363627,2,23,16,mixed,0.7396396706741535,0.7780487804878049,0.5,0.02197802197802198,0.042105263157894736,0.9937304075235109,0.47977423964445975,0.47480455291552115,0.1520240157260105,22.1001221001221,22.195121951219512,0.7748556330334395,,preprocessed,real,0.0,0,0,1638,410
credit_card_clients_default,363627,2,23,16,curriculum,0.7443590891866754,0.7731707317073171,0.25,0.01098901098901099,0.021052631578947368,0.9905956112852664,0.478514121191982,0.4693578900891741,0.15005975508650274,22.1001221001221,22.195121951219512,0.773273242986761,,preprocessed,real,0.0,0,0,1638,410
credit_card_clients_default,363627,2,23,17,plain,0.7341279410244927,0.7780487804878049,0.5,0.01098901098901099,0.021505376344086023,0.9968652037617555,0.5226024755693562,0.47362546383208404,0.15104776060490366,22.1001221001221,22.195121951219512,0.7715828299988061,,preprocessed,real,0.0,0,0,1638,410
credit_card_clients_default,363627,2,23,17,mixed,0.7464604361156085,0.775609756097561,0.0,0.0,0.0,0.9968652037617555,0.5104864784534423,0.4775302683553881,0.15318401460303627,22.1001221001221,22.195121951219512,0.7738433269551024,,preprocessed,real,0.0,0,0,1638,410
credit_card_clients_default,363627,2,23,17,curriculum,0.7451514003238141,0.7804878048780488,1.0,0.01098901098901099,0.021739130434782608,1.0,0.5177674419618327,0.4705785262782744,0.15026771943954195,22.1001221001221,22.195121951219512,0.7744887570152059,,preprocessed,real,0.0,0,0,1638,410
credit_card_clients_default,363627,2,23,18,plain,0.7650296064089168,0.78239608801956,1.0,0.011111111111111112,0.02197802197802198,1.0,0.5381202275849748,0.47041458090412286,0.15015997460448938,22.14765100671141,22.00488997555012,0.7815751350717619,,preprocessed,real,0.0,0,0,1639,409
credit_card_clients_default,363627,2,23,18,mixed,0.7551027516544758,0.7799511002444988,0.0,0.0,0.0,1.0,0.5276017905352857,0.4742221148393173,0.15207211536465398,22.14765100671141,22.00488997555012,0.7822014909470454,,preprocessed,real,0.0,0,0,1639,409
credit_card_clients_default,363627,2,23,18,curriculum,0.7666666666666666,0.7799511002444988,0.0,0.0,0.0,1.0,0.5252256927630271,0.46735043621654404,0.14945419379690794,22.14765100671141,22.00488997555012,0.7825696740765125,,preprocessed,real,0.0,0,0,1639,409
credit_card_clients_default,363627,2,23,19,plain,0.7987112504353884,0.7872860635696821,0.6363636363636364,0.07777777777777778,0.13861386138613863,0.987460815047022,0.5454057254149284,0.45850967587691854,0.14533155040959805,22.14765100671141,22.00488997555012,0.7823222039733082,,preprocessed,real,0.0,0,0,1639,409
credit_card_clients_default,363627,2,23,19,mixed,0.7941832114245908,0.7799511002444988,0.5,0.011111111111111112,0.021739130434782608,0.9968652037617555,0.5528572243579905,0.461358258538936,0.14692268979032574,22.14765100671141,22.00488997555012,0.7829081999370828,,preprocessed,real,0.0,0,0,1639,409
credit_card_clients_default,363627,2,23,19,curriculum,0.7943573667711599,0.7799511002444988,0.5,0.03333333333333333,0.0625,0.9905956112852664,0.527295411844125,0.4535080005817028,0.14414012396721643,22.14765100671141,22.00488997555012,0.7827358150389045,,preprocessed,real,0.0,0,0,1639,409
credit_card_clients_default,363627,2,23,20,plain,0.7791863309104687,0.7804878048780488,0.6,0.03296703296703297,0.0625,0.9937304075235109,0.5305944983443767,0.46702282135613693,0.14880076154682853,22.1001221001221,22.195121951219512,0.7718765810132027,,preprocessed,real,0.0,0,0,1638,410
credit_card_clients_default,363627,2,23,20,mixed,0.7903131351407213,0.7780487804878049,0.5,0.02197802197802198,0.042105263157894736,0.9937304075235109,0.5295434466185176,0.4669256281532552,0.14946613169526674,22.1001221001221,22.195121951219512,0.7746292609954253,,preprocessed,real,0.0,0,0,1638,410
credit_card_clients_default,363627,2,23,20,curriculum,0.7915877226222053,0.7780487804878049,0.0,0.0,0.0,1.0,0.5349103163077265,0.4605238159617443,0.14708420204232256,22.1001221001221,22.195121951219512,0.7737610740587115,,preprocessed,real,0.0,0,0,1638,410
credit_card_clients_default,363627,2,23,21,plain,0.7810293155120742,0.7804878048780488,1.0,0.01098901098901099,0.021739130434782608,1.0,0.5579682786892942,0.4737141711279593,0.15162200250032584,22.1001221001221,22.195121951219512,0.7718442960176617,,preprocessed,real,0.0,0,0,1638,410
credit_card_clients_default,363627,2,23,21,mixed,0.747046057390885,0.7780487804878049,0.0,0.0,0.0,1.0,0.5347210231616067,0.47822507918969953,0.15364746115449127,22.1001221001221,22.195121951219512,0.7744351740693673,,preprocessed,real,0.0,0,0,1638,410
credit_card_clients_default,363627,2,23,21,curriculum,0.7767405008784319,0.7780487804878049,0.0,0.0,0.0,1.0,0.5549310650939185,0.4710679716820122,0.150968916714862,22.1001221001221,22.195121951219512,0.7740934930043295,,preprocessed,real,0.0,0,0,1638,410
credit_card_clients_default,363627,2,23,22,plain,0.7764649143959489,0.7804878048780488,0.6666666666666666,0.02197802197802198,0.0425531914893617,0.9968652037617555,0.5702508107357376,0.4640588234770556,0.14735984904916405,22.1001221001221,22.195121951219512,0.7729180289898068,,preprocessed,real,0.0,0,0,1638,410
credit_card_clients_default,363627,2,23,22,mixed,0.7604464501016225,0.7780487804878049,0.0,0.0,0.0,1.0,0.5547965691322945,0.4704304386478878,0.15029453526543698,22.1001221001221,22.195121951219512,0.7743888839613646,,preprocessed,real,0.0,0,0,1638,410
credit_card_clients_default,363627,2,23,22,curriculum,0.7810465396672294,0.7780487804878049,0.0,0.0,0.0,1.0,0.5623812034364496,0.4604237494088809,0.1463053870308614,22.1001221001221,22.195121951219512,0.7739925530040637,,preprocessed,real,0.0,0,0,1638,410
credit_card_clients_default,363627,2,23,23,plain,0.7660745384883316,0.784841075794621,0.75,0.03333333333333333,0.06382978723404255,0.9968652037617555,0.5466530640557252,0.4657408997533741,0.14793330082999043,22.14765100671141,22.00488997555012,0.7816985030658543,,preprocessed,real,0.0,0,0,1639,409
credit_card_clients_default,363627,2,23,23,mixed,0.7523510971786834,0.7799511002444988,0.0,0.0,0.0,1.0,0.5217626551582807,0.4721180511653343,0.15096214960659848,22.14765100671141,22.00488997555012,0.782768924953416,,preprocessed,real,0.0,0,0,1639,409
credit_card_clients_default,363627,2,23,23,curriculum,0.7732845698362938,0.7799511002444988,0.0,0.0,0.0,1.0,0.5427319192392818,0.4637028249085984,0.14788011294760145,22.14765100671141,22.00488997555012,0.783363574068062,,preprocessed,real,0.0,0,0,1639,409
credit_card_clients_default,363627,2,23,24,plain,0.6936955764541971,0.784841075794621,0.6,0.06666666666666667,0.12,0.987460815047022,0.45794142367657814,0.47707137256302434,0.15212226036884785,22.14765100671141,22.00488997555012,0.7828695609932765,,preprocessed,real,0.0,0,0,1639,409
credit_card_clients_default,363627,2,23,24,mixed,0.7037269244165795,0.7799511002444988,0.5,0.022222222222222223,0.0425531914893617,0.9937304075235109,0.4564259664986836,0.47917444129774894,0.15342916866526188,22.14765100671141,22.00488997555012,0.7840373850194737,,preprocessed,real,0.0,0,0,1639,409
credit_card_clients_default,363627,2,23,24,curriculum,0.7024033437826542,0.7750611246943765,0.25,0.011111111111111112,0.02127659574468085,0.9905956112852664,0.4507661473544333,0.4749801223907376,0.15171597712740698,22.14765100671141,22.00488997555012,0.7825251859612763,,preprocessed,real,0.0,0,0,1639,409
credit_card_clients_default,363627,2,23,25,plain,0.7498363705260257,0.7804878048780488,0.6,0.03296703296703297,0.0625,0.9937304075235109,0.508220281101731,0.4713674668704629,0.15045147891519053,22.1001221001221,22.195121951219512,0.7716411970322952,,preprocessed,real,0.0,0,0,1638,410
credit_card_clients_default,363627,2,23,25,mixed,0.7597919322057254,0.7780487804878049,0.5,0.01098901098901099,0.021505376344086023,0.9968652037617555,0.4972109798964385,0.47460859546314493,0.1523372940977099,22.1001221001221,22.195121951219512,0.7754529879894108,,preprocessed,real,0.0,0,0,1638,410
credit_card_clients_default,363627,2,23,25,curriculum,0.7707120465741156,0.7780487804878049,0.5,0.01098901098901099,0.021505376344086023,0.9968652037617555,0.5087115327308345,0.46800083585037555,0.1498699756034165,22.1001221001221,22.195121951219512,0.7732509369961917,,preprocessed,real,0.0,0,0,1638,410
credit_card_clients_default,363627,2,23,26,plain,0.7809431947362981,0.7780487804878049,0.5,0.01098901098901099,0.021505376344086023,0.9968652037617555,0.5732380221418805,0.4657613399756571,0.14827687616517335,22.1001221001221,22.195121951219512,0.772989360964857,,preprocessed,real,0.0,0,0,1638,410
credit_card_clients_default,363627,2,23,26,mixed,0.7750525336732234,0.7780487804878049,0.0,0.0,0.0,1.0,0.5672066719483657,0.4682061814693941,0.14970920245675448,22.1001221001221,22.195121951219512,0.774646683013998,,preprocessed,real,0.0,0,0,1638,410
credit_card_clients_default,363627,2,23,26,curriculum,0.7936546212408281,0.7780487804878049,0.0,0.0,0.0,1.0,0.5798103331289708,0.45866485535350027,0.14615310904433776,22.1001221001221,22.195121951219512,0.7741181959863752,,preprocessed,real,0.0,0,0,1638,410
credit_card_clients_default,363627,2,23,27,plain,0.6996451824038031,0.7804878048780488,0.5714285714285714,0.04395604395604396,0.08163265306122448,0.9905956112852664,0.42379875808563816,0.48927037961622505,0.1573015865327877,22.1001221001221,22.195121951219512,0.7727957939496264,,preprocessed,real,0.0,0,0,1638,410
credit_card_clients_default,363627,2,23,27,mixed,0.6904130352406215,0.775609756097561,0.0,0.0,0.0,0.9968652037617555,0.4133907633418729,0.4945326001753615,0.15959373502054996,22.1001221001221,22.195121951219512,0.7735606220085174,,preprocessed,real,0.0,0,0,1638,410
credit_card_clients_default,363627,2,23,27,curriculum,0.7051913603637741,0.775609756097561,0.4,0.02197802197802198,0.041666666666666664,0.9905956112852664,0.4259536107416718,0.4895739607212754,0.1577211015594148,22.1001221001221,22.195121951219512,0.7755498569458723,,preprocessed,real,0.0,0,0,1638,410
credit_card_clients_default,363627,2,23,28,plain,0.7656565656565658,0.78239608801956,0.6666666666666666,0.022222222222222223,0.043010752688172046,0.9968652037617555,0.5488329778210155,0.468440837300564,0.14906028988935344,22.14765100671141,22.00488997555012,0.7812998050358146,,preprocessed,real,0.0,0,0,1639,409
credit_card_clients_default,363627,2,23,28,mixed,0.7538140020898643,0.78239608801956,1.0,0.011111111111111112,0.02197802197802198,1.0,0.534589782185573,0.4719806155512196,0.1509487191740549,22.14765100671141,22.00488997555012,0.7830878170207143,,preprocessed,real,0.0,0,0,1639,409
credit_card_clients_default,363627,2,23,28,curriculum,0.7666318355973528,0.78239608801956,1.0,0.011111111111111112,0.02197802197802198,1.0,0.5469540839626511,0.4657762159568967,0.1485468784858578,22.14765100671141,22.00488997555012,0.7822387699270621,,preprocessed,real,0.0,0,0,1639,409
credit_card_clients_default,363627,2,23,29,plain,0.8094392197840474,0.78239608801956,0.6,0.03333333333333333,0.06315789473684211,0.9937304075235109,0.5930084251482919,0.4560466432910049,0.1442840143999699,22.14765100671141,22.00488997555012,0.7815450830385089,,preprocessed,real,0.0,0,0,1639,409
credit_card_clients_default,363627,2,23,29,mixed,0.7964472309299895,0.7799511002444988,0.0,0.0,0.0,1.0,0.5946337388466538,0.46125365987330813,0.14684579033943623,22.14765100671141,22.00488997555012,0.7836845939746127,,preprocessed,real,0.0,0,0,1639,409
credit_card_clients_default,363627,2,23,29,curriculum,0.8018112156043189,0.7775061124694377,0.0,0.0,0.0,0.9968652037617555,0.5710052152549434,0.4520622231029777,0.1431927913335536,22.14765100671141,22.00488997555012,0.7836738449987024,,preprocessed,real,0.0,0,0,1639,409
credit_card_clients_default,363627,2,23,30,plain,0.770298666850391,0.7926829268292683,0.875,0.07692307692307693,0.1414141414141414,0.9968652037617555,0.5264467541830062,0.46707552743510666,0.14879739617488466,22.1001221001221,22.195121951219512,0.7716352000134066,,preprocessed,real,0.0,0,0,1638,410
credit_card_clients_default,363627,2,23,30,mixed,0.7653381101656963,0.7780487804878049,0.5,0.01098901098901099,0.021505376344086023,0.9968652037617555,0.5125870189135049,0.4703619825614527,0.15047382190339342,22.1001221001221,22.195121951219512,0.7750948879402131,,preprocessed,real,0.0,0,0,1638,410
credit_card_clients_default,363627,2,23,30,curriculum,0.7666815942678012,0.7780487804878049,0.0,0.0,0.0,1.0,0.4999195065445847,0.4643319135713423,0.14825655938853136,22.1001221001221,22.195121951219512,0.7732436879305169,,preprocessed,real,0.0,0,0,1638,410
credit_card_clients_default,363627,2,23,31,plain,0.7443935374969857,0.7780487804878049,0.5,0.01098901098901099,0.021505376344086023,0.9968652037617555,0.5574728151487827,0.4671953589279291,0.14815219754407338,22.1001221001221,22.195121951219512,0.7726401099935174,,preprocessed,real,0.0,0,0,1638,410
credit_card_clients_default,363627,2,23,31,mixed,0.7248613455510008,0.7780487804878049,0.0,0.0,0.0,1.0,0.5473829643949017,0.47387469218281875,0.15129093165397398,22.1001221001221,22.195121951219512,0.7732688520336524,,preprocessed,real,0.0,0,0,1638,410
credit_card_clients_default,363627,2,23,31,curriculum,0.7459781597712632,0.7780487804878049,0.0,0.0,0.0,1.0,0.565779900673162,0.4644961458215548,0.14741015011567424,22.1001221001221,22.195121951219512,0.7741046870360151,,preprocessed,real,0.0,0,0,1638,410
credit_card_clients_default,363627,2,23,32,plain,0.7777739501877433,0.7829268292682927,1.0,0.02197802197802198,0.043010752688172046,1.0,0.6043937997613849,0.4651188324760163,0.14787655395582214,22.1001221001221,22.195121951219512,0.7724011020036414,,preprocessed,real,0.0,0,0,1638,410
credit_card_clients_default,363627,2,23,32,mixed,0.7787385028764338,0.7780487804878049,0.0,0.0,0.0,1.0,0.5870293756869001,0.4692574109854463,0.15026722216263314,22.1001221001221,22.195121951219512,0.7743498990312219,,preprocessed,real,0.0,0,0,1638,410
credit_card_clients_default,363627,2,23,32,curriculum,0.7875228220055807,0.7780487804878049,0.0,0.0,0.0,1.0,0.6021055154310592,0.4606460178523102,0.14685600610003344,22.1001221001221,22.195121951219512,0.7747429739683867,,preprocessed,real,0.0,0,0,1638,410
credit_card_clients_default,363627,2,23,33,plain,0.7377568791361895,0.7775061124694377,0.0,0.0,0.0,0.9968652037617555,0.5075522895965403,0.4739387492815755,0.151511099440344,22.14765100671141,22.00488997555012,0.7812068690545857,,preprocessed,real,0.0,0,0,1639,409
credit_card_clients_default,363627,2,23,33,mixed,0.747161267850923,0.7799511002444988,0.0,0.0,0.0,1.0,0.5035971897813996,0.47574589448142485,0.15275640609466573,22.14765100671141,22.00488997555012,0.7832061169901863,,preprocessed,real,0.0,0,0,1639,409
credit_card_clients_default,363627,2,23,33,curriculum,0.7465343086032742,0.78239608801956,1.0,0.011111111111111112,0.02197802197802198,1.0,0.5079089633358951,0.4707820777498422,0.15095469934138278,22.14765100671141,22.00488997555012,0.7827613889239728,,preprocessed,real,0.0,0,0,1639,409
credit_card_clients_default,363627,2,23,34,plain,0.7640543364681296,0.7750611246943765,0.4166666666666667,0.05555555555555555,0.09803921568627451,0.9780564263322884,0.46756724554812235,0.47307933193855867,0.15136813063957597,22.14765100671141,22.00488997555012,0.7813164350809529,,preprocessed,real,0.0,0,0,1639,409
credit_card_clients_default,363627,2,23,34,mixed,0.7468129571577847,0.7726161369193154,0.2,0.011111111111111112,0.021052631578947368,0.987460815047022,0.46891002148332284,0.4764039440955401,0.15297532750584966,22.14765100671141,22.00488997555012,0.7823998980456963,,preprocessed,real,0.0,0,0,1639,409
credit_card_clients_default,363627,2,23,34,curriculum,0.7727272727272728,0.7701711491442543,0.3,0.03333333333333333,0.06,0.9780564263322884,0.4668464781172414,0.46887527044146043,0.15020524091140522,22.14765100671141,22.00488997555012,0.784286631969735,,preprocessed,real,0.0,0,0,1639,409
credit_card_clients_default,363627,2,23,35,plain,0.7559681697612732,0.7804878048780488,0.6666666666666666,0.02197802197802198,0.0425531914893617,0.9968652037617555,0.5531934805476554,0.46351722712189036,0.14680779180248277,22.1001221001221,22.195121951219512,0.7734936909982935,,preprocessed,real,0.0,0,0,1638,410
credit_card_clients_default,363627,2,23,35,mixed,0.7682317682317682,0.7780487804878049,0.0,0.0,0.0,1.0,0.5584716942943447,0.4688298267487349,0.14965739536667788,22.1001221001221,22.195121951219512,0.7732886100420728,,preprocessed,real,0.0,0,0,1638,410
credit_card_clients_default,363627,2,23,35,curriculum,0.7649591787522823,0.775609756097561,0.0,0.0,0.0,0.9968652037617555,0.5392840080288759,0.46085185471366935,0.14630212452189076,22.1001221001221,22.195121951219512,0.7726612110855058,,preprocessed,real,0.0,0,0,1638,410
credit_card_clients_default,363627,2,23,36,plain,0.7265493127562092,0.7902439024390244,0.7272727272727273,0.08791208791208792,0.1568627450980392,0.9905956112852664,0.47580591726566507,0.4763770280154054,0.15214581176654704,22.1001221001221,22.195121951219512,0.7733300550607964,,preprocessed,real,0.0,0,0,1638,410
credit_card_clients_default,363627,2,23,36,mixed,0.7280994867201764,0.7780487804878049,0.5,0.03296703296703297,0.061855670103092786,0.9905956112852664,0.4750886004194169,0.4791018021003952,0.1535749940590372,22.1001221001221,22.195121951219512,0.7732317900517955,,preprocessed,real,0.0,0,0,1638,410
credit_card_clients_default,363627,2,23,36,curriculum,0.7354369768162873,0.775609756097561,0.4,0.02197802197802198,0.041666666666666664,0.9905956112852664,0.47399303999275433,0.4743584401439844,0.15164720405193707,22.1001221001221,22.195121951219512,0.7744319529738277,,preprocessed,real,0.0,0,0,1638,410
credit_card_clients_default,363627,2,23,37,plain,0.8229012366943401,0.7780487804878049,0.5,0.01098901098901099,0.021505376344086023,0.9968652037617555,0.5859238083435824,0.4633948854642886,0.14755103716292725,22.1001221001221,22.195121951219512,0.7727991070132703,,preprocessed,real,0.0,0,0,1638,410
credit_card_clients_default,363627,2,23,37,mixed,0.8043335974370457,0.7780487804878049,0.0,0.0,0.0,1.0,0.5696985947444226,0.46846647128496643,0.15012387842948113,22.1001221001221,22.195121951219512,0.7740437570028007,,preprocessed,real,0.0,0,0,1638,410
credit_card_clients_default,363627,2,23,37,curriculum,0.829790898756416,0.7780487804878049,0.0,0.0,0.0,1.0,0.5905674214227052,0.4579455341707609,0.14619126585316505,22.1001221001221,22.195121951219512,0.7725896500051022,,preprocessed,real,0.0,0,0,1638,410
credit_card_clients_default,363627,2,23,38,plain,0.7324277255311739,0.78239608801956,0.6666666666666666,0.022222222222222223,0.043010752688172046,0.9968652037617555,0.5353997080080105,0.4700699517393191,0.14967443622439797,22.14765100671141,22.00488997555012,0.7811949389288202,,preprocessed,real,0.0,0,0,1639,409
credit_card_clients_default,363627,2,23,38,mixed,0.7262626262626263,0.7799511002444988,0.0,0.0,0.0,1.0,0.5239852014603004,0.47370661935192615,0.15162329112852696,22.14765100671141,22.00488997555012,0.7830190269742161,,preprocessed,real,0.0,0,0,1639,409
credit_card_clients_default,363627,2,23,38,curriculum,0.7387321490769767,0.7799511002444988,0.0,0.0,0.0,1.0,0.5193826775833551,0.46784631166055557,0.14944705253076948,22.14765100671141,22.00488997555012,0.7834129580296576,,preprocessed,real,0.0,0,0,1639,409
credit_card_clients_default,363627,2,23,39,plain,0.7650296064089167,0.7799511002444988,0.5,0.022222222222222223,0.0425531914893617,0.9937304075235109,0.5011578505140987,0.472513027183117,0.15093897833595019,22.14765100671141,22.00488997555012,0.7814877509372309,,preprocessed,real,0.0,0,0,1639,409
credit_card_clients_default,363627,2,23,39,mixed,0.7423545802856149,0.7775061124694377,0.0,0.0,0.0,0.9968652037617555,0.4917603772801236,0.4759729210682525,0.15258484685150978,22.14765100671141,22.00488997555012,0.782725112978369,,preprocessed,real,0.0,0,0,1639,409
credit_card_clients_default,363627,2,23,39,curriculum,0.7668408220132358,0.784841075794621,1.0,0.022222222222222223,0.043478260869565216,1.0,0.5107859510071875,0.4684368781002946,0.1498478869953978,22.14765100671141,22.00488997555012,0.7835792800178751,,preprocessed,real,0.0,0,0,1639,409
credit_card_clients_default,363627,2,23,40,plain,0.7619966240655895,0.7731707317073171,0.25,0.01098901098901099,0.021052631578947368,0.9905956112852664,0.5245584296985116,0.4703579909435611,0.1496548162862329,22.1001221001221,22.195121951219512,0.7730831879889593,,preprocessed,real,0.0,0,0,1638,410
credit_card_clients_default,363627,2,23,40,mixed,0.7500775086981982,0.775609756097561,0.3333333333333333,0.01098901098901099,0.02127659574468085,0.9937304075235109,0.5134816980293417,0.476102442593505,0.15241345912582915,22.1001221001221,22.195121951219512,0.7732552320230752,,preprocessed,real,0.0,0,0,1638,410
credit_card_clients_default,363627,2,23,40,curriculum,0.7759137414309827,0.775609756097561,0.0,0.0,0.0,0.9968652037617555,0.5270060513622798,0.467482293787021,0.14913147506163923,22.1001221001221,22.195121951219512,0.7734819089528173,,preprocessed,real,0.0,0,0,1638,410
credit_card_clients_default,363627,2,23,41,plain,0.6996451824038031,0.7878048780487805,0.8333333333333334,0.054945054945054944,0.10309278350515463,0.9968652037617555,0.4786151765510084,0.4758775284256235,0.15168202803104164,22.1001221001221,22.195121951219512,0.7723331600427628,,preprocessed,real,0.0,0,0,1638,410
credit_card_clients_default,363627,2,23,41,mixed,0.711082021426849,0.7780487804878049,0.0,0.0,0.0,1.0,0.48302581130032624,0.4804850640624356,0.15403404681708843,22.1001221001221,22.195121951219512,0.773639039020054,,preprocessed,real,0.0,0,0,1638,410
credit_card_clients_default,363627,2,23,41,curriculum,0.7077060870164319,0.7804878048780488,0.6666666666666666,0.02197802197802198,0.0425531914893617,0.9968652037617555,0.48326996129437083,0.47512782954482846,0.15171720840995354,22.1001221001221,22.195121951219512,0.7721160450018942,,preprocessed,real,0.0,0,0,1638,410
credit_card_clients_default,363627,2,23,42,plain,0.7875917186262013,0.7853658536585366,1.0,0.03296703296703297,0.06382978723404255,1.0,0.5760264310784525,0.46224771458855823,0.1469057533964596,22.1001221001221,22.195121951219512,0.7738131969235837,,preprocessed,real,0.0,0,0,1638,410
credit_card_clients_default,363627,2,23,42,mixed,0.792276688828413,0.7780487804878049,0.0,0.0,0.0,1.0,0.5727803520257952,0.4640149278281695,0.14815640805256852,22.1001221001221,22.195121951219512,0.7744646490318701,,preprocessed,real,0.0,0,0,1638,410
credit_card_clients_default,363627,2,23,42,curriculum,0.8042991491267354,0.7780487804878049,0.0,0.0,0.0,1.0,0.5530108093408315,0.45557415122763534,0.14502035892687984,22.1001221001221,22.195121951219512,0.7728782329941168,,preprocessed,real,0.0,0,0,1638,410
credit_card_clients_default,363627,2,23,43,plain,0.7771508185301289,0.78239608801956,0.6,0.03333333333333333,0.06315789473684211,0.9937304075235109,0.5492394143604823,0.46640702407152607,0.14827342651262143,22.14765100671141,22.00488997555012,0.7819614949403331,,preprocessed,real,0.0,0,0,1639,409
credit_card_clients_default,363627,2,23,43,mixed,0.7574364332985023,0.7799511002444988,0.0,0.0,0.0,1.0,0.5323074601252142,0.4714302480033426,0.1507840681883016,22.14765100671141,22.00488997555012,0.7835014290176332,,preprocessed,real,0.0,0,0,1639,409
credit_card_clients_default,363627,2,23,43,curriculum,0.7743295019157089,0.7799511002444988,0.0,0.0,0.0,1.0,0.537294338776204,0.46267905911999424,0.14746587115174117,22.14765100671141,22.00488997555012,0.7821033189538866,,preprocessed,real,0.0,0,0,1639,409
credit_card_clients_default,363627,2,23,44,plain,0.7650992685475444,0.78239608801956,0.6,0.03333333333333333,0.06315789473684211,0.9937304075235109,0.5051618183816804,0.4733075915783488,0.15154194959450945,22.14765100671141,22.00488997555012,0.78128261200618,,preprocessed,real,0.0,0,0,1639,409
credit_card_clients_default,363627,2,23,44,mixed,0.7538140020898643,0.78239608801956,1.0,0.011111111111111112,0.02197802197802198,1.0,0.49969627752200474,0.47530336618888186,0.15269165005950205,22.14765100671141,22.00488997555012,0.7825158649357036,,preprocessed,real,0.0,0,0,1639,409
credit_card_clients_default,363627,2,23,44,curriculum,0.7598397770811564,0.7775061124694377,0.0,0.0,0.0,0.9968652037617555,0.4966744508600607,0.4701861881338583,0.1507637172722642,22.14765100671141,22.00488997555012,0.7810069990810007,,preprocessed,real,0.0,0,0,1639,409
credit_card_clients_default,363627,2,23,45,plain,0.732336628888353,0.7902439024390244,0.8571428571428571,0.06593406593406594,0.12244897959183673,0.9968652037617555,0.48888845239453504,0.47726208417407884,0.15263531749066028,22.1001221001221,22.195121951219512,0.7717454980593175,,preprocessed,real,0.0,0,0,1638,410
credit_card_clients_default,363627,2,23,45,mixed,0.7207619966240656,0.7804878048780488,1.0,0.01098901098901099,0.021739130434782608,1.0,0.46934218121311894,0.47886341860757714,0.1536727481627024,22.1001221001221,22.195121951219512,0.7746634390205145,,preprocessed,real,0.0,0,0,1638,410
credit_card_clients_default,363627,2,23,45,curriculum,0.7289262461676255,0.7804878048780488,0.6,0.03296703296703297,0.0625,0.9937304075235109,0.46731419417612663,0.47570493421276844,0.1524166898809044,22.1001221001221,22.195121951219512,0.7732137369457632,,preprocessed,real,0.0,0,0,1638,410
credit_card_clients_default,363627,2,23,46,plain,0.7375383237452202,0.7829268292682927,1.0,0.02197802197802198,0.043010752688172046,1.0,0.5288344233184686,0.4760042828802033,0.15213831546876974,22.1001221001221,22.195121951219512,0.7720517489360645,,preprocessed,real,0.0,0,0,1638,410
credit_card_clients_default,363627,2,23,46,mixed,0.7221054807261703,0.7780487804878049,0.0,0.0,0.0,1.0,0.5004384902240224,0.48225926476414094,0.15503977884007375,22.1001221001221,22.195121951219512,0.7732339919311926,,preprocessed,real,0.0,0,0,1638,410
credit_card_clients_default,363627,2,23,46,curriculum,0.7508353715250268,0.7780487804878049,0.0,0.0,0.0,1.0,0.5335769613804039,0.4737082774178084,0.15191569722762516,22.1001221001221,22.195121951219512,0.7732353820465505,,preprocessed,real,0.0,0,0,1638,410
credit_card_clients_default,363627,2,23,47,plain,0.7733301181577044,0.7804878048780488,1.0,0.01098901098901099,0.021739130434782608,1.0,0.5493056027098986,0.4695246324793066,0.14995378834512108,22.1001221001221,22.195121951219512,0.771622922969982,,preprocessed,real,0.0,0,0,1638,410
credit_card_clients_default,363627,2,23,47,mixed,0.7684384580936305,0.7780487804878049,0.0,0.0,0.0,1.0,0.5631413719360365,0.4715472900183078,0.15120495765623837,22.1001221001221,22.195121951219512,0.7734305609483272,,preprocessed,real,0.0,0,0,1638,410
credit_card_clients_default,363627,2,23,47,curriculum,0.7776017086361915,0.7780487804878049,0.0,0.0,0.0,1.0,0.546525543380198,0.46483423058787193,0.14871087265464272,22.1001221001221,22.195121951219512,0.7721558860503137,,preprocessed,real,0.0,0,0,1638,410
credit_card_clients_default,363627,2,23,48,plain,0.7589690003483107,0.7799511002444988,0.5,0.044444444444444446,0.08163265306122448,0.987460815047022,0.5104579894297335,0.4694939857795769,0.1494740556236231,22.14765100671141,22.00488997555012,0.781039378955029,,preprocessed,real,0.0,0,0,1639,409
credit_card_clients_default,363627,2,23,48,mixed,0.7552769070010449,0.78239608801956,0.6666666666666666,0.022222222222222223,0.043010752688172046,0.9968652037617555,0.5089994364268953,0.4733939780692017,0.1514273976557904,22.14765100671141,22.00488997555012,0.7819191489834338,,preprocessed,real,0.0,0,0,1639,409
credit_card_clients_default,363627,2,23,48,curriculum,0.7538836642284918,0.7799511002444988,0.5,0.022222222222222223,0.0425531914893617,0.9937304075235109,0.49898314364816265,0.4659204151017714,0.1484504449295588,22.14765100671141,22.00488997555012,0.7821089539211243,,preprocessed,real,0.0,0,0,1639,409
credit_card_clients_default,363627,2,23,49,plain,0.7905956112852665,0.7799511002444988,0.5,0.03333333333333333,0.0625,0.9905956112852664,0.5490564518853229,0.4572766257749859,0.1445294106858301,22.14765100671141,22.00488997555012,0.7811959739774466,,preprocessed,real,0.0,0,0,1639,409
credit_card_clients_default,363627,2,23,49,mixed,0.7879136189481017,0.7799511002444988,0.5,0.03333333333333333,0.0625,0.9905956112852664,0.5419042761525535,0.4636268307963873,0.14763513854550056,22.14765100671141,22.00488997555012,0.7820634230738506,,preprocessed,real,0.0,0,0,1639,409
credit_card_clients_default,363627,2,23,49,curriculum,0.7929989550679206,0.7799511002444988,0.0,0.0,0.0,1.0,0.5480636159643588,0.4534745880813444,0.1436243781730196,22.14765100671141,22.00488997555012,0.7826850049896166,,preprocessed,real,0.0,0,0,1639,409
diabetes,363629,2,8,0,plain,0.8335185185185185,0.7662337662337663,0.75,0.5,0.6,0.91,0.7562170132779602,0.4979436370414764,0.16215893155378203,34.85342019543974,35.064935064935064,0.03974610008299351,,preprocessed,real,0.0,0,0,614,154
diabetes,363629,2,8,0,mixed,0.8274074074074074,0.7857142857142857,0.7560975609756098,0.5740740740740741,0.6526315789473685,0.9,0.7320110515844184,0.5120578205404359,0.16802701602242484,34.85342019543974,35.064935064935064,0.0390748429344967,,preprocessed,real,0.0,0,0,614,154
diabetes,363629,2,8,0,curriculum,0.8342592592592594,0.7922077922077922,0.7619047619047619,0.5925925925925926,0.6666666666666666,0.9,0.7625211826567808,0.4963475465114626,0.162088751876624,34.85342019543974,35.064935064935064,0.038882564986124635,,preprocessed,real,0.0,0,0,614,154
diabetes,363629,2,8,1,plain,0.8222222222222223,0.7662337662337663,0.8,0.4444444444444444,0.5714285714285714,0.94,0.7033045713972409,0.5065274003926845,0.16649292017708928,34.85342019543974,35.064935064935064,0.036784555995836854,,preprocessed,real,0.0,0,0,614,154
diabetes,363629,2,8,1,mixed,0.81,0.7662337662337663,0.78125,0.46296296296296297,0.5813953488372093,0.93,0.7025879176117126,0.5155649209486681,0.1702371492907903,34.85342019543974,35.064935064935064,0.038912891992367804,,preprocessed,real,0.0,0,0,614,154
diabetes,363629,2,8,1,curriculum,0.811111111111111,0.7597402597402597,0.7575757575757576,0.46296296296296297,0.5747126436781609,0.92,0.7181421327033206,0.508202469285789,0.16782127426278343,34.85342019543974,35.064935064935064,0.03886285505723208,,preprocessed,real,0.0,0,0,614,154
diabetes,363629,2,8,2,plain,0.8396296296296296,0.7272727272727273,0.7307692307692307,0.35185185185185186,0.475,0.93,0.6967681597762442,0.5005696823164464,0.1667051780799218,34.85342019543974,35.064935064935064,0.03690398996695876,,preprocessed,real,0.0,0,0,614,154
diabetes,363629,2,8,2,mixed,0.8344444444444444,0.7532467532467533,0.75,0.4444444444444444,0.5581395348837209,0.92,0.6781374858142303,0.5022208217786783,0.16712286945760704,34.85342019543974,35.064935064935064,0.03891847899649292,,preprocessed,real,0.0,0,0,614,154
diabetes,363629,2,8,2,curriculum,0.8337037037037037,0.7532467532467533,0.75,0.4444444444444444,0.5581395348837209,0.92,0.6727410140775308,0.4948741515668827,0.16489467048819467,34.85342019543974,35.064935064935064,0.03903247497510165,,preprocessed,real,0.0,0,0,614,154
diabetes,363629,2,8,3,plain,0.8192452830188679,0.7254901960784313,0.6774193548387096,0.39622641509433965,0.5,0.9,0.6919229461260985,0.5059207977544252,0.16769388317943007,34.959349593495936,34.64052287581699,0.03695988503750414,,preprocessed,real,0.0,0,0,615,153
diabetes,363629,2,8,3,mixed,0.820188679245283,0.7450980392156863,0.6944444444444444,0.4716981132075472,0.5617977528089888,0.89,0.6888407090525872,0.5114210673612649,0.16945915900574096,34.959349593495936,34.64052287581699,0.03901684295851737,,preprocessed,real,0.0,0,0,615,153
diabetes,363629,2,8,3,curriculum,0.8122641509433961,0.7320261437908496,0.6578947368421053,0.4716981132075472,0.5494505494505495,0.87,0.682384156564416,0.5066716126054254,0.16894214769736066,34.959349593495936,34.64052287581699,0.03908238001167774,,preprocessed,real,0.0,0,0,615,153
diabetes,363629,2,8,4,plain,0.8752830188679245,0.7647058823529411,0.7931034482758621,0.4339622641509434,0.5609756097560976,0.94,0.7724730874888925,0.4809929350675226,0.15610727737894797,34.959349593495936,34.64052287581699,0.03701868106145412,,preprocessed,real,0.0,0,0,615,153
diabetes,363629,2,8,4,mixed,0.88,0.7647058823529411,0.7428571428571429,0.49056603773584906,0.5909090909090909,0.91,0.7808003892509632,0.48669703441692613,0.15785063537837712,34.959349593495936,34.64052287581699,0.039020897005684674,,preprocessed,real,0.0,0,0,615,153
diabetes,363629,2,8,4,curriculum,0.8832075471698113,0.7777777777777778,0.7435897435897436,0.5471698113207547,0.6304347826086957,0.9,0.7815038107271913,0.46751011717723395,0.15064352793852484,34.959349593495936,34.64052287581699,0.0390102929668501,,preprocessed,real,0.0,0,0,615,153
diabetes,363629,2,8,5,plain,0.8422222222222222,0.7142857142857143,0.6666666666666666,0.37037037037037035,0.47619047619047616,0.9,0.6979120128195172,0.5049212774775511,0.16786462818636666,34.85342019543974,35.064935064935064,0.03681776800658554,,preprocessed,real,0.0,0,0,614,154
diabetes,363629,2,8,5,mixed,0.8400000000000001,0.7337662337662337,0.7096774193548387,0.4074074074074074,0.5176470588235295,0.91,0.6812190978568473,0.5027324023285722,0.16641994737448473,34.85342019543974,35.064935064935064,0.038903928943909705,,preprocessed,real,0.0,0,0,614,154
diabetes,363629,2,8,5,curriculum,0.8390740740740741,0.7207792207792207,0.6666666666666666,0.4074074074074074,0.5057471264367817,0.89,0.6936948944902879,0.4930488446468523,0.16390968228978323,34.85342019543974,35.064935064935064,0.0388124599121511,,preprocessed,real,0.0,0,0,614,154
diabetes,363629,2,8,6,plain,0.892962962962963,0.7662337662337663,0.8461538461538461,0.4074074074074074,0.55,0.96,0.7956657727851497,0.47786779630297277,0.15414189684515803,34.85342019543974,35.064935064935064,0.041979735950008035,,preprocessed,real,0.0,0,0,614,154
diabetes,363629,2,8,6,mixed,0.8887037037037037,0.7922077922077922,0.8666666666666667,0.48148148148148145,0.6190476190476191,0.96,0.798056634410235,0.4879477671237678,0.15779818835830917,34.85342019543974,35.064935064935064,0.038875802885740995,,preprocessed,real,0.0,0,0,614,154
diabetes,363629,2,8,6,curriculum,0.8883333333333333,0.7792207792207793,0.7631578947368421,0.5370370370370371,0.6304347826086957,0.91,0.8011282375538917,0.4716507843966865,0.15202214084810772,34.85342019543974,35.064935064935064,0.03917318501044065,,preprocessed,real,0.0,0,0,614,154
diabetes,363629,2,8,7,plain,0.8322222222222222,0.7662337662337663,0.7647058823529411,0.48148148148148145,0.5909090909090909,0.92,0.6950533801765092,0.5114942680508604,0.16836191371962608,34.85342019543974,35.064935064935064,0.036856040940620005,,preprocessed,real,0.0,0,0,614,154
diabetes,363629,2,8,7,mixed,0.8305555555555556,0.7597402597402597,0.7297297297297297,0.5,0.5934065934065934,0.9,0.6939287595626434,0.5203414432265684,0.17170262658843105,34.85342019543974,35.064935064935064,0.039463452994823456,,preprocessed,real,0.0,0,0,614,154
diabetes,363629,2,8,7,curriculum,0.8255555555555556,0.7792207792207793,0.7631578947368421,0.5370370370370371,0.6304347826086957,0.91,0.6914997963308822,0.5081860819830951,0.16698578018002666,34.85342019543974,35.064935064935064,0.038904320914298296,,preprocessed,real,0.0,0,0,614,154
diabetes,363629,2,8,8,plain,0.8139622641509435,0.7516339869281046,0.7419354838709677,0.4339622641509434,0.5476190476190477,0.92,0.7269227749670175,0.5059530103050068,0.16629574162734678,34.959349593495936,34.64052287581699,0.03691671905107796,,preprocessed,real,0.0,0,0,615,153
diabetes,363629,2,8,8,mixed,0.8047169811320755,0.7516339869281046,0.7142857142857143,0.4716981132075472,0.5681818181818182,0.9,0.6919835017982907,0.5166047530700668,0.1710726011558394,34.959349593495936,34.64052287581699,0.03934017999563366,,preprocessed,real,0.0,0,0,615,153
diabetes,363629,2,8,8,curriculum,0.8043396226415094,0.7581699346405228,0.7222222222222222,0.49056603773584906,0.5842696629213483,0.9,0.6936582406229314,0.5113694501414576,0.16880267181892114,34.959349593495936,34.64052287581699,0.03932113200426102,,preprocessed,real,0.0,0,0,615,153
diabetes,363629,2,8,9,plain,0.8222641509433963,0.7647058823529411,0.7741935483870968,0.4528301886792453,0.5714285714285714,0.93,0.7548032518389354,0.49667157131581297,0.16354898042459248,34.959349593495936,34.64052287581699,0.036990839056670666,,preprocessed,real,0.0,0,0,615,153
diabetes,363629,2,8,9,mixed,0.8216981132075472,0.7777777777777778,0.7878787878787878,0.49056603773584906,0.6046511627906976,0.93,0.7506129334416239,0.5039468931262813,0.1668135273277481,34.959349593495936,34.64052287581699,0.0393239411059767,,preprocessed,real,0.0,0,0,615,153
diabetes,363629,2,8,9,curriculum,0.8218867924528303,0.7712418300653595,0.7647058823529411,0.49056603773584906,0.5977011494252874,0.92,0.7481426446890307,0.49442546312559055,0.16357787855609113,34.959349593495936,34.64052287581699,0.03935116599313915,,preprocessed,real,0.0,0,0,615,153
diabetes,363629,2,8,10,plain,0.7324074074074074,0.7012987012987013,0.6176470588235294,0.3888888888888889,0.4772727272727273,0.87,0.6276175079274062,0.5642921295197921,0.19139466516240672,34.85342019543974,35.064935064935064,0.036807065014727414,,preprocessed,real,0.0,0,0,614,154
diabetes,363629,2,8,10,mixed,0.7294444444444445,0.7077922077922078,0.6216216216216216,0.42592592592592593,0.5054945054945055,0.86,0.6108661427738034,0.5671652117579102,0.19353655130961364,34.85342019543974,35.064935064935064,0.03886278602294624,,preprocessed,real,0.0,0,0,614,154
diabetes,363629,2,8,10,curriculum,0.7362962962962962,0.6948051948051948,0.5897435897435898,0.42592592592592593,0.4946236559139785,0.84,0.607722499480103,0.5683177858497307,0.1935251862923838,34.85342019543974,35.064935064935064,0.038945456966757774,,preprocessed,real,0.0,0,0,614,154
diabetes,363629,2,8,11,plain,0.8837037037037037,0.7792207792207793,0.8125,0.48148148148148145,0.6046511627906976,0.94,0.7645701105275635,0.4794068959728167,0.15527647808195122,34.85342019543974,35.064935064935064,0.03725004498846829,,preprocessed,real,0.0,0,0,614,154
diabetes,363629,2,8,11,mixed,0.8814814814814815,0.8051948051948052,0.8333333333333334,0.5555555555555556,0.6666666666666666,0.94,0.7676664967512168,0.4861421378228773,0.15745261702532726,34.85342019543974,35.064935064935064,0.03881267493125051,,preprocessed,real,0.0,0,0,614,154
diabetes,363629,2,8,11,curriculum,0.8812962962962962,0.7922077922077922,0.7894736842105263,0.5555555555555556,0.6521739130434783,0.92,0.7695537187613614,0.4680929479610454,0.15091322149883574,34.85342019543974,35.064935064935064,0.038798883091658354,,preprocessed,real,0.0,0,0,614,154
diabetes,363629,2,8,12,plain,0.8207407407407408,0.7792207792207793,0.8125,0.48148148148148145,0.6046511627906976,0.94,0.7091123729433814,0.5088643863258437,0.1679573480790176,34.85342019543974,35.064935064935064,0.036701829987578094,,preprocessed,real,0.0,0,0,614,154
diabetes,363629,2,8,12,mixed,0.8131481481481481,0.7857142857142857,0.8,0.5185185185185185,0.6292134831460674,0.93,0.6815281198694848,0.5151082455734679,0.1707577375205678,34.85342019543974,35.064935064935064,0.039179399027489126,,preprocessed,real,0.0,0,0,614,154
diabetes,363629,2,8,12,curriculum,0.8107407407407408,0.7792207792207793,0.7777777777777778,0.5185185185185185,0.6222222222222222,0.92,0.6921266669509913,0.5103241825464916,0.16900186311619433,34.85342019543974,35.064935064935064,0.03910144290421158,,preprocessed,real,0.0,0,0,614,154
diabetes,363629,2,8,13,plain,0.8586792452830189,0.7581699346405228,0.7352941176470589,0.4716981132075472,0.5747126436781609,0.91,0.750534327518304,0.49001391405371436,0.15920455390076962,34.959349593495936,34.64052287581699,0.03682053799275309,,preprocessed,real,0.0,0,0,615,153
diabetes,363629,2,8,13,mixed,0.8558490566037736,0.7516339869281046,0.7142857142857143,0.4716981132075472,0.5681818181818182,0.9,0.7346865851252974,0.5014048725945317,0.16345093831549426,34.959349593495936,34.64052287581699,0.03896360599901527,,preprocessed,real,0.0,0,0,615,153
diabetes,363629,2,8,13,curriculum,0.8511320754716981,0.7581699346405228,0.7105263157894737,0.5094339622641509,0.5934065934065934,0.89,0.7276865184766025,0.4905106344956245,0.1598954427773847,34.959349593495936,34.64052287581699,0.03900731191970408,,preprocessed,real,0.0,0,0,615,153
diabetes,363629,2,8,14,plain,0.8881132075471698,0.7777777777777778,0.88,0.41509433962264153,0.5641025641025641,0.97,0.7728775889408194,0.47717791944128535,0.1537784948921951,34.959349593495936,34.64052287581699,0.03698515403084457,,preprocessed,real,0.0,0,0,615,153
diabetes,363629,2,8,14,mixed,0.8886792452830189,0.7973856209150327,0.8666666666666667,0.49056603773584906,0.6265060240963856,0.96,0.7659414335026025,0.4882619566719458,0.1580940703305153,34.959349593495936,34.64052287581699,0.03897723101545125,,preprocessed,real,0.0,0,0,615,153
diabetes,363629,2,8,14,curriculum,0.8926415094339623,0.7908496732026143,0.8387096774193549,0.49056603773584906,0.6190476190476191,0.95,0.7867389941113845,0.46813099824611565,0.15054652016505457,34.959349593495936,34.64052287581699,0.03906715800985694,,preprocessed,real,0.0,0,0,615,153
diabetes,363629,2,8,15,plain,0.8311111111111111,0.7792207792207793,0.8571428571428571,0.4444444444444444,0.5853658536585366,0.96,0.7504855844694112,0.4986229576675884,0.16351761476837579,34.85342019543974,35.064935064935064,0.036742907017469406,,preprocessed,real,0.0,0,0,614,154
diabetes,363629,2,8,15,mixed,0.8368518518518518,0.7662337662337663,0.8,0.4444444444444444,0.5714285714285714,0.94,0.7568478787481333,0.5042533557548015,0.1658105047514897,34.85342019543974,35.064935064935064,0.03882108605466783,,preprocessed,real,0.0,0,0,614,154
diabetes,363629,2,8,15,curriculum,0.8396296296296296,0.7597402597402597,0.7575757575757576,0.46296296296296297,0.5747126436781609,0.92,0.7721869143524177,0.48926353663227357,0.16040755110175198,34.85342019543974,35.064935064935064,0.038839312037453055,,preprocessed,real,0.0,0,0,614,154
diabetes,363629,2,8,16,plain,0.8737037037037036,0.7467532467532467,0.9411764705882353,0.2962962962962963,0.4507042253521127,0.99,0.7950210022053052,0.4929918818030682,0.16124977163091703,34.85342019543974,35.064935064935064,0.036764468997716904,,preprocessed,real,0.0,0,0,614,154
diabetes,363629,2,8,16,mixed,0.8625925925925925,0.7532467532467533,0.9444444444444444,0.3148148148148148,0.4722222222222222,0.99,0.7738823179575912,0.5026341586142378,0.1651140097032168,34.85342019543974,35.064935064935064,0.038856507977470756,,preprocessed,real,0.0,0,0,614,154
diabetes,363629,2,8,16,curriculum,0.8664814814814815,0.7727272727272727,0.9130434782608695,0.3888888888888889,0.5454545454545454,0.98,0.7947714762271492,0.486315736806226,0.15871691742255994,34.85342019543974,35.064935064935064,0.03887382801622152,,preprocessed,real,0.0,0,0,614,154
diabetes,363629,2,8,17,plain,0.7996296296296297,0.7272727272727273,0.6875,0.4074074074074074,0.5116279069767442,0.9,0.6834120249573027,0.517713879348731,0.17317365647959795,34.85342019543974,35.064935064935064,0.036696643102914095,,preprocessed,real,0.0,0,0,614,154
diabetes,363629,2,8,17,mixed,0.794074074074074,0.7467532467532467,0.7142857142857143,0.46296296296296297,0.5617977528089888,0.9,0.6739030773495891,0.5240972633197324,0.17538624337839323,34.85342019543974,35.064935064935064,0.039177283993922174,,preprocessed,real,0.0,0,0,614,154
diabetes,363629,2,8,17,curriculum,0.7964814814814815,0.7402597402597403,0.6842105263157895,0.48148148148148145,0.5652173913043478,0.88,0.6865858252211764,0.5169698340119907,0.1729965108525458,34.85342019543974,35.064935064935064,0.039166072965599597,,preprocessed,real,0.0,0,0,614,154
diabetes,363629,2,8,18,plain,0.81,0.7516339869281046,0.7027027027027027,0.49056603773584906,0.5777777777777777,0.89,0.6535691229216286,0.5210061171545525,0.17233836097771038,34.959349593495936,34.64052287581699,0.03717572707682848,,preprocessed,real,0.0,0,0,615,153
diabetes,363629,2,8,18,mixed,0.8049056603773584,0.7450980392156863,0.6666666666666666,0.5283018867924528,0.5894736842105263,0.86,0.6303385771936317,0.5265509214449283,0.17457473674122517,34.959349593495936,34.64052287581699,0.04141733597498387,,preprocessed,real,0.0,0,0,615,153
diabetes,363629,2,8,18,curriculum,0.7977358490566038,0.738562091503268,0.6444444444444445,0.5471698113207547,0.5918367346938775,0.84,0.6256895056975565,0.5231222677430125,0.1737707212571227,34.959349593495936,34.64052287581699,0.03927001007832587,,preprocessed,real,0.0,0,0,615,153
diabetes,363629,2,8,19,plain,0.8733962264150943,0.7973856209150327,0.75,0.6226415094339622,0.6804123711340206,0.89,0.760098059938771,0.46517716069504006,0.14954544598239877,34.959349593495936,34.64052287581699,0.03734095103573054,,preprocessed,real,0.0,0,0,615,153
diabetes,363629,2,8,19,mixed,0.8667924528301887,0.8104575163398693,0.7608695652173914,0.660377358490566,0.7070707070707071,0.89,0.7457558330636403,0.47532506897320354,0.15364374628797997,34.959349593495936,34.64052287581699,0.03928830393124372,,preprocessed,real,0.0,0,0,615,153
diabetes,363629,2,8,19,curriculum,0.8686792452830188,0.803921568627451,0.7446808510638298,0.660377358490566,0.7,0.88,0.759470798282954,0.46198606389522634,0.1494708779152335,34.959349593495936,34.64052287581699,0.03893868101295084,,preprocessed,real,0.0,0,0,615,153
diabetes,363629,2,8,20,plain,0.7544444444444444,0.7142857142857143,0.6923076923076923,0.3333333333333333,0.45,0.92,0.6610487673810083,0.5429082132361113,0.18298567345618172,34.85342019543974,35.064935064935064,0.03716994798742235,,preprocessed,real,0.0,0,0,614,154
diabetes,363629,2,8,20,mixed,0.7487037037037038,0.7272727272727273,0.7142857142857143,0.37037037037037035,0.4878048780487805,0.92,0.624473655588399,0.548993613728192,0.18610226781421924,34.85342019543974,35.064935064935064,0.03923880297224969,,preprocessed,real,0.0,0,0,614,154
diabetes,363629,2,8,20,curriculum,0.7518518518518518,0.7337662337662337,0.7096774193548387,0.4074074074074074,0.5176470588235295,0.91,0.6537314815661561,0.546424688755401,0.18471276123745203,34.85342019543974,35.064935064935064,0.038869670941494405,,preprocessed,real,0.0,0,0,614,154
diabetes,363629,2,8,21,plain,0.8481481481481481,0.7467532467532467,0.7777777777777778,0.3888888888888889,0.5185185185185185,0.94,0.720486228138487,0.4960523956779993,0.16294946583235673,34.85342019543974,35.064935064935064,0.03706137300468981,,preprocessed,real,0.0,0,0,614,154
diabetes,363629,2,8,21,mixed,0.8525925925925927,0.7727272727272727,0.8064516129032258,0.46296296296296297,0.5882352941176471,0.94,0.7327749454312523,0.4981706443211293,0.1633358651160767,34.85342019543974,35.064935064935064,0.03903316496871412,,preprocessed,real,0.0,0,0,614,154
diabetes,363629,2,8,21,curriculum,0.8555555555555556,0.7727272727272727,0.7435897435897436,0.5370370370370371,0.6236559139784946,0.9,0.7482124113690065,0.48183592799153746,0.1572600807468098,34.85342019543974,35.064935064935064,0.03888874803669751,,preprocessed,real,0.0,0,0,614,154
diabetes,363629,2,8,22,plain,0.8731481481481481,0.7857142857142857,0.8,0.5185185185185185,0.6292134831460674,0.93,0.7478323246200742,0.490377502968722,0.158097648322308,34.85342019543974,35.064935064935064,0.03707470290828496,,preprocessed,real,0.0,0,0,614,154
diabetes,363629,2,8,22,mixed,0.8720370370370369,0.7987012987012987,0.8108108108108109,0.5555555555555556,0.6593406593406593,0.93,0.7405147447413136,0.5029485743561088,0.16316490669688377,34.85342019543974,35.064935064935064,0.03905258700251579,,preprocessed,real,0.0,0,0,614,154
diabetes,363629,2,8,22,curriculum,0.875,0.7922077922077922,0.8055555555555556,0.5370370370370371,0.6444444444444445,0.93,0.7520254759151029,0.4805559715627617,0.15451400489128198,34.85342019543974,35.064935064935064,0.03893126000184566,,preprocessed,real,0.0,0,0,614,154
diabetes,363629,2,8,23,plain,0.8552830188679246,0.7712418300653595,0.8461538461538461,0.41509433962264153,0.5569620253164557,0.96,0.7656598726580754,0.4864615216323929,0.15901461377089568,34.959349593495936,34.64052287581699,0.037253860966302454,,preprocessed,real,0.0,0,0,615,153
diabetes,363629,2,8,23,mixed,0.8577358490566038,0.7843137254901961,0.8571428571428571,0.4528301886792453,0.5925925925925926,0.96,0.7595112957182567,0.4891232047896715,0.15978862521773976,34.959349593495936,34.64052287581699,0.039174867095425725,,preprocessed,real,0.0,0,0,615,153
diabetes,363629,2,8,23,curriculum,0.860566037735849,0.7843137254901961,0.8571428571428571,0.4528301886792453,0.5925925925925926,0.96,0.7499746133604513,0.47530118330828003,0.15501187044169706,34.959349593495936,34.64052287581699,0.03898196399677545,,preprocessed,real,0.0,0,0,615,153
diabetes,363629,2,8,24,plain,0.8254716981132075,0.7320261437908496,0.6428571428571429,0.5094339622641509,0.5684210526315789,0.85,0.6841999109794452,0.5014907638800472,0.16619154920464055,34.959349593495936,34.64052287581699,0.03711185394786298,,preprocessed,real,0.0,0,0,615,153
diabetes,363629,2,8,24,mixed,0.8118867924528301,0.7320261437908496,0.625,0.5660377358490566,0.594059405940594,0.82,0.6463447713548958,0.5124579459737888,0.17067229044706866,34.959349593495936,34.64052287581699,0.0392090940149501,,preprocessed,real,0.0,0,0,615,153
diabetes,363629,2,8,24,curriculum,0.8030188679245284,0.7254901960784313,0.6122448979591837,0.5660377358490566,0.5882352941176471,0.81,0.6271274931866263,0.5131271029033443,0.17216896697396927,34.959349593495936,34.64052287581699,0.03921644703950733,,preprocessed,real,0.0,0,0,615,153
diabetes,363629,2,8,25,plain,0.8585185185185186,0.7532467532467533,0.75,0.4444444444444444,0.5581395348837209,0.92,0.7425582268590297,0.4874641029115609,0.15911761282741538,34.85342019543974,35.064935064935064,0.036995238973759115,,preprocessed,real,0.0,0,0,614,154
diabetes,363629,2,8,25,mixed,0.8555555555555555,0.7662337662337663,0.75,0.5,0.6,0.91,0.7250393762816864,0.4971014315072256,0.16297741916314482,34.85342019543974,35.064935064935064,0.03889095003250986,,preprocessed,real,0.0,0,0,614,154
diabetes,363629,2,8,25,curriculum,0.8472222222222222,0.7467532467532467,0.6923076923076923,0.5,0.5806451612903226,0.88,0.7087633394692268,0.4901288200463113,0.1611779426632378,34.85342019543974,35.064935064935064,0.03923552995547652,,preprocessed,real,0.0,0,0,614,154
diabetes,363629,2,8,26,plain,0.8851851851851852,0.7987012987012987,0.9259259259259259,0.46296296296296297,0.6172839506172839,0.98,0.8328476224445321,0.4807995276485373,0.15481966232574773,34.85342019543974,35.064935064935064,0.03703367500565946,,preprocessed,real,0.0,0,0,614,154
diabetes,363629,2,8,26,mixed,0.8803703703703704,0.8116883116883117,0.9032258064516129,0.5185185185185185,0.6588235294117647,0.97,0.8151503650281468,0.48936205480720807,0.15859764369301615,34.85342019543974,35.064935064935064,0.03904927207622677,,preprocessed,real,0.0,0,0,614,154
diabetes,363629,2,8,26,curriculum,0.8788888888888889,0.7987012987012987,0.8484848484848485,0.5185185185185185,0.6436781609195402,0.95,0.8193215602333039,0.4750963108008996,0.15349325609283246,34.85342019543974,35.064935064935064,0.039255006005987525,,preprocessed,real,0.0,0,0,614,154
diabetes,363629,2,8,27,plain,0.865,0.7727272727272727,0.8518518518518519,0.42592592592592593,0.5679012345679012,0.96,0.729590824214005,0.4838642160941073,0.15768538810733607,34.85342019543974,35.064935064935064,0.03738362295553088,,preprocessed,real,0.0,0,0,614,154
diabetes,363629,2,8,27,mixed,0.8651851851851853,0.7662337662337663,0.8,0.4444444444444444,0.5714285714285714,0.94,0.7351968979527711,0.48781273185796314,0.15892219977287625,34.85342019543974,35.064935064935064,0.0389799369731918,,preprocessed,real,0.0,0,0,614,154
diabetes,363629,2,8,27,curriculum,0.8655555555555555,0.7857142857142857,0.8387096774193549,0.48148148148148145,0.611764705882353,0.95,0.747033970842441,0.47291893558310666,0.15405105137609135,34.85342019543974,35.064935064935064,0.03919295407831669,,preprocessed,real,0.0,0,0,614,154
diabetes,363629,2,8,28,plain,0.8039622641509434,0.7254901960784313,0.6410256410256411,0.4716981132075472,0.5434782608695652,0.86,0.6601373375046549,0.5215945766489025,0.17501415434117348,34.959349593495936,34.64052287581699,0.037392036989331245,,preprocessed,real,0.0,0,0,615,153
diabetes,363629,2,8,28,mixed,0.7986792452830188,0.7254901960784313,0.6341463414634146,0.49056603773584906,0.5531914893617021,0.85,0.6379004796813181,0.523669813774272,0.1753222497380535,34.959349593495936,34.64052287581699,0.03925818996503949,,preprocessed,real,0.0,0,0,615,153
diabetes,363629,2,8,28,curriculum,0.8018867924528301,0.7254901960784313,0.6341463414634146,0.49056603773584906,0.5531914893617021,0.85,0.6430191115567312,0.5166771275932937,0.17340745442356614,34.959349593495936,34.64052287581699,0.03926201304420829,,preprocessed,real,0.0,0,0,615,153
diabetes,363629,2,8,29,plain,0.7815094339622641,0.7581699346405228,0.75,0.4528301886792453,0.5647058823529412,0.92,0.679929207852313,0.5359718602920592,0.17965318050834347,34.959349593495936,34.64052287581699,0.0370341669768095,,preprocessed,real,0.0,0,0,615,153
diabetes,363629,2,8,29,mixed,0.7828301886792454,0.7516339869281046,0.7142857142857143,0.4716981132075472,0.5681818181818182,0.9,0.695712005804537,0.5412659686447331,0.1817089662313484,34.959349593495936,34.64052287581699,0.038974752998910844,,preprocessed,real,0.0,0,0,615,153
diabetes,363629,2,8,29,curriculum,0.7837735849056604,0.7516339869281046,0.7027027027027027,0.49056603773584906,0.5777777777777777,0.89,0.6788577512172901,0.5327967567185559,0.17834708941209437,34.959349593495936,34.64052287581699,0.03934333298821002,,preprocessed,real,0.0,0,0,615,153
diabetes,363629,2,8,30,plain,0.8472222222222222,0.7402597402597403,0.7058823529411765,0.4444444444444444,0.5454545454545454,0.9,0.7033322498195255,0.49426236759060976,0.1627883794596368,34.85342019543974,35.064935064935064,0.03676064091268927,,preprocessed,real,0.0,0,0,614,154
diabetes,363629,2,8,30,mixed,0.8433333333333333,0.7402597402597403,0.6842105263157895,0.48148148148148145,0.5652173913043478,0.88,0.6615731739068088,0.5005919822095684,0.16505155382249548,34.85342019543974,35.064935064935064,0.03876680100802332,,preprocessed,real,0.0,0,0,614,154
diabetes,363629,2,8,30,curriculum,0.8481481481481482,0.7207792207792207,0.6341463414634146,0.48148148148148145,0.5473684210526316,0.85,0.7114381338225378,0.4837069520655455,0.15919100282881582,34.85342019543974,35.064935064935064,0.0389461440499872,,preprocessed,real,0.0,0,0,614,154
diabetes,363629,2,8,31,plain,0.8320370370370369,0.7792207792207793,0.7777777777777778,0.5185185185185185,0.6222222222222222,0.92,0.7024387543208938,0.4967436072927739,0.16111718416882437,34.85342019543974,35.064935064935064,0.03673571301624179,,preprocessed,real,0.0,0,0,614,154
diabetes,363629,2,8,31,mixed,0.8277777777777777,0.7792207792207793,0.75,0.5555555555555556,0.6382978723404256,0.9,0.6978625456183468,0.5107213846286156,0.16700418833175132,34.85342019543974,35.064935064935064,0.03888995898887515,,preprocessed,real,0.0,0,0,614,154
diabetes,363629,2,8,31,curriculum,0.8344444444444444,0.7987012987012987,0.7804878048780488,0.5925925925925926,0.6736842105263158,0.91,0.713189674877069,0.4972787489711919,0.16162243410053836,34.85342019543974,35.064935064935064,0.03919490205589682,,preprocessed,real,0.0,0,0,614,154
diabetes,363629,2,8,32,plain,0.8446296296296296,0.7597402597402597,0.7741935483870968,0.4444444444444444,0.5647058823529412,0.93,0.7367321781454146,0.4985278438230055,0.16371459442966949,34.85342019543974,35.064935064935064,0.03690432698931545,,preprocessed,real,0.0,0,0,614,154
diabetes,363629,2,8,32,mixed,0.8527777777777777,0.7792207792207793,0.7631578947368421,0.5370370370370371,0.6304347826086957,0.91,0.7520293418647769,0.4989895806544769,0.1634604933688008,34.85342019543974,35.064935064935064,0.03886755905114114,,preprocessed,real,0.0,0,0,614,154
diabetes,363629,2,8,32,curriculum,0.8381481481481482,0.7727272727272727,0.7567567567567568,0.5185185185185185,0.6153846153846154,0.91,0.7174852094653663,0.4945244178026799,0.1628784493653744,34.85342019543974,35.064935064935064,0.0389125719666481,,preprocessed,real,0.0,0,0,614,154
diabetes,363629,2,8,33,plain,0.8484905660377358,0.7581699346405228,0.7666666666666667,0.4339622641509434,0.5542168674698795,0.93,0.7573151416686823,0.49073003098616075,0.1611739940113803,34.959349593495936,34.64052287581699,0.036943776067346334,,preprocessed,real,0.0,0,0,615,153
diabetes,363629,2,8,33,mixed,0.8428301886792452,0.7516339869281046,0.7419354838709677,0.4339622641509434,0.5476190476190477,0.92,0.740258609156282,0.49738374940859154,0.16341974050452324,34.959349593495936,34.64052287581699,0.039019883959554136,,preprocessed,real,0.0,0,0,615,153
diabetes,363629,2,8,33,curriculum,0.8432075471698114,0.7516339869281046,0.7272727272727273,0.4528301886792453,0.5581395348837209,0.91,0.733201015938025,0.4862882591272474,0.16006136785559427,34.959349593495936,34.64052287581699,0.03901607706211507,,preprocessed,real,0.0,0,0,615,153
diabetes,363629,2,8,34,plain,0.8084905660377358,0.7581699346405228,0.8076923076923077,0.39622641509433965,0.5316455696202531,0.95,0.7180018342801914,0.5092644498331614,0.16911749085120104,34.959349593495936,34.64052287581699,0.037018483970314264,,preprocessed,real,0.0,0,0,615,153
diabetes,363629,2,8,34,mixed,0.800188679245283,0.7581699346405228,0.7857142857142857,0.41509433962264153,0.5432098765432098,0.94,0.6944591512888629,0.5185207902309236,0.17306392495678352,34.959349593495936,34.64052287581699,0.03904488601256162,,preprocessed,real,0.0,0,0,615,153
diabetes,363629,2,8,34,curriculum,0.8060377358490566,0.7450980392156863,0.71875,0.4339622641509434,0.5411764705882353,0.91,0.7021059280779439,0.5089164798921311,0.16996679385720337,34.959349593495936,34.64052287581699,0.03936301893554628,,preprocessed,real,0.0,0,0,615,153
diabetes,363629,2,8,35,plain,0.8846296296296297,0.7272727272727273,0.8,0.2962962962962963,0.43243243243243246,0.96,0.7694881329042011,0.49100554388172724,0.16175775280516672,34.85342019543974,35.064935064935064,0.036938845994882286,,preprocessed,real,0.0,0,0,614,154
diabetes,363629,2,8,35,mixed,0.8835185185185185,0.7402597402597403,0.7916666666666666,0.35185185185185186,0.48717948717948717,0.95,0.75432971607691,0.48987471228496127,0.16028671319806104,34.85342019543974,35.064935064935064,0.03918840503320098,,preprocessed,real,0.0,0,0,614,154
diabetes,363629,2,8,35,curriculum,0.8740740740740741,0.7467532467532467,0.8,0.37037037037037035,0.5063291139240507,0.95,0.7448754931970196,0.4818581961857722,0.15844562290138164,34.85342019543974,35.064935064935064,0.03906721598468721,,preprocessed,real,0.0,0,0,614,154
diabetes,363629,2,8,36,plain,0.8311111111111111,0.7337662337662337,0.6857142857142857,0.4444444444444444,0.5393258426966292,0.89,0.7251565630976986,0.5001821006958662,0.1652325670773728,34.85342019543974,35.064935064935064,0.03679457295220345,,preprocessed,real,0.0,0,0,614,154
diabetes,363629,2,8,36,mixed,0.8238888888888889,0.7467532467532467,0.7027027027027027,0.48148148148148145,0.5714285714285714,0.89,0.7076202394305511,0.5087051379279496,0.1684345217980726,34.85342019543974,35.064935064935064,0.03920915292110294,,preprocessed,real,0.0,0,0,614,154
diabetes,363629,2,8,36,curriculum,0.8277777777777777,0.7532467532467533,0.7105263157894737,0.5,0.5869565217391305,0.89,0.72486208653886,0.49941897610336206,0.16556175898322578,34.85342019543974,35.064935064935064,0.039115193067118526,,preprocessed,real,0.0,0,0,614,154
diabetes,363629,2,8,37,plain,0.7922222222222222,0.7402597402597403,0.7333333333333333,0.4074074074074074,0.5238095238095238,0.92,0.6819319859872539,0.5248213606683118,0.17497371796551414,34.85342019543974,35.064935064935064,0.036859546904452145,,preprocessed,real,0.0,0,0,614,154
diabetes,363629,2,8,37,mixed,0.7901851851851852,0.7272727272727273,0.6578947368421053,0.46296296296296297,0.5434782608695652,0.87,0.6607193982114997,0.5293573129939987,0.1770590015756101,34.85342019543974,35.064935064935064,0.039148841984570026,,preprocessed,real,0.0,0,0,614,154
diabetes,363629,2,8,37,curriculum,0.7920370370370371,0.7402597402597403,0.6842105263157895,0.48148148148148145,0.5652173913043478,0.88,0.6727936417567076,0.5261279852304507,0.1759119451503837,34.85342019543974,35.064935064935064,0.03891946596559137,,preprocessed,real,0.0,0,0,614,154
diabetes,363629,2,8,38,plain,0.8409433962264151,0.7843137254901961,0.7631578947368421,0.5471698113207547,0.6373626373626373,0.91,0.757940656401792,0.4923341367121917,0.16099741278739454,34.959349593495936,34.64052287581699,0.036971329944208264,,preprocessed,real,0.0,0,0,615,153
diabetes,363629,2,8,38,mixed,0.8350943396226415,0.7777777777777778,0.7317073170731707,0.5660377358490566,0.6382978723404256,0.89,0.7465355069552154,0.5018910225110018,0.1649507201310464,34.959349593495936,34.64052287581699,0.039351267041638494,,preprocessed,real,0.0,0,0,615,153
diabetes,363629,2,8,38,curriculum,0.8390566037735849,0.7777777777777778,0.7209302325581395,0.5849056603773585,0.6458333333333334,0.88,0.7400739966469371,0.4873392307548771,0.15999651782448132,34.959349593495936,34.64052287581699,0.03918436192907393,,preprocessed,real,0.0,0,0,615,153
diabetes,363629,2,8,39,plain,0.8518867924528302,0.7908496732026143,0.7837837837837838,0.5471698113207547,0.6444444444444445,0.92,0.7095377920207351,0.48880927530888,0.1580800790316296,34.959349593495936,34.64052287581699,0.03680936899036169,,preprocessed,real,0.0,0,0,615,153
diabetes,363629,2,8,39,mixed,0.8515094339622642,0.8104575163398693,0.8,0.6037735849056604,0.6881720430107527,0.92,0.7179652151072081,0.49901402686863616,0.1622671278222869,34.959349593495936,34.64052287581699,0.03938202699646354,,preprocessed,real,0.0,0,0,615,153
diabetes,363629,2,8,39,curriculum,0.8596226415094339,0.8169934640522876,0.7906976744186046,0.6415094339622641,0.7083333333333334,0.91,0.7301965871566061,0.4793822026524988,0.1547475590935876,34.959349593495936,34.64052287581699,0.039277836913242936,,preprocessed,real,0.0,0,0,615,153
diabetes,363629,2,8,40,plain,0.8833333333333333,0.8181818181818182,0.8823529411764706,0.5555555555555556,0.6818181818181818,0.96,0.7935926718109756,0.4709484157341786,0.15140886590592958,34.85342019543974,35.064935064935064,0.03665446804370731,,preprocessed,real,0.0,0,0,614,154
diabetes,363629,2,8,40,mixed,0.8677777777777778,0.8116883116883117,0.8571428571428571,0.5555555555555556,0.6741573033707865,0.95,0.7697104084786084,0.48366332289143327,0.15686900176244994,34.85342019543974,35.064935064935064,0.038780292961746454,,preprocessed,real,0.0,0,0,614,154
diabetes,363629,2,8,40,curriculum,0.8729629629629629,0.8116883116883117,0.8205128205128205,0.5925925925925926,0.6881720430107527,0.93,0.7786205615728269,0.4661712862618414,0.1504708076678536,34.85342019543974,35.064935064935064,0.0388216549763456,,preprocessed,real,0.0,0,0,614,154
diabetes,363629,2,8,41,plain,0.857037037037037,0.7337662337662337,0.76,0.35185185185185186,0.4810126582278481,0.94,0.7471361547582294,0.49727573031071437,0.16320004863003584,34.85342019543974,35.064935064935064,0.03689460293389857,,preprocessed,real,0.0,0,0,614,154
diabetes,363629,2,8,41,mixed,0.8542592592592594,0.7337662337662337,0.7096774193548387,0.4074074074074074,0.5176470588235295,0.91,0.7400872644814738,0.5022240848936151,0.16477786635358532,34.85342019543974,35.064935064935064,0.05074390699155629,,preprocessed,real,0.0,0,0,614,154
diabetes,363629,2,8,41,curriculum,0.8540740740740741,0.7402597402597403,0.71875,0.42592592592592593,0.5348837209302325,0.91,0.7368231992817659,0.49045945640911104,0.16076763100902122,34.85342019543974,35.064935064935064,0.03713701490778476,,preprocessed,real,0.0,0,0,614,154
diabetes,363629,2,8,42,plain,0.8475925925925926,0.7467532467532467,0.7027027027027027,0.48148148148148145,0.5714285714285714,0.89,0.6676854769248551,0.5027678651156706,0.16595330216647364,34.85342019543974,35.064935064935064,0.036892186966724694,,preprocessed,real,0.0,0,0,614,154
diabetes,363629,2,8,42,mixed,0.8440740740740741,0.7402597402597403,0.675,0.5,0.574468085106383,0.87,0.6442790389085327,0.5054603738887138,0.16657145430395776,34.85342019543974,35.064935064935064,0.03886816801968962,,preprocessed,real,0.0,0,0,614,154
diabetes,363629,2,8,42,curriculum,0.8512962962962963,0.7467532467532467,0.6829268292682927,0.5185185185185185,0.5894736842105263,0.87,0.6595853501509503,0.4873139760233615,0.16016033822672832,34.85342019543974,35.064935064935064,0.0388758759945631,,preprocessed,real,0.0,0,0,614,154
diabetes,363629,2,8,43,plain,0.7560377358490566,0.7124183006535948,0.6097560975609756,0.4716981132075472,0.5319148936170213,0.84,0.6450608894106902,0.5454641759612447,0.1838582799421168,34.959349593495936,34.64052287581699,0.03958242805674672,,preprocessed,real,0.0,0,0,615,153
diabetes,363629,2,8,43,mixed,0.7630188679245283,0.7124183006535948,0.6,0.5094339622641509,0.5510204081632653,0.82,0.6533113595296516,0.5444752546173465,0.18365657608071168,34.959349593495936,34.64052287581699,0.03900422900915146,,preprocessed,real,0.0,0,0,615,153
diabetes,363629,2,8,43,curriculum,0.7550943396226415,0.6993464052287581,0.574468085106383,0.5094339622641509,0.54,0.8,0.6377892334841189,0.5485212821446298,0.18616866665590087,34.959349593495936,34.64052287581699,0.039024151978082955,,preprocessed,real,0.0,0,0,615,153
diabetes,363629,2,8,44,plain,0.8392452830188679,0.7647058823529411,0.8148148148148148,0.41509433962264153,0.55,0.95,0.7523175678121243,0.4988993969248911,0.16401108869854403,34.959349593495936,34.64052287581699,0.03717897098977119,,preprocessed,real,0.0,0,0,615,153
diabetes,363629,2,8,44,mixed,0.8301886792452831,0.7712418300653595,0.8214285714285714,0.4339622641509434,0.5679012345679012,0.95,0.7309190378854555,0.5071482205639558,0.16727664724826788,34.959349593495936,34.64052287581699,0.03922426700592041,,preprocessed,real,0.0,0,0,615,153
diabetes,363629,2,8,44,curriculum,0.8288679245283019,0.7843137254901961,0.8333333333333334,0.4716981132075472,0.6024096385542169,0.95,0.7293688394698391,0.49654006392251127,0.16352297393850196,34.959349593495936,34.64052287581699,0.03900591703131795,,preprocessed,real,0.0,0,0,615,153
diabetes,363629,2,8,45,plain,0.824074074074074,0.7662337662337663,0.78125,0.46296296296296297,0.5813953488372093,0.93,0.7155220776662643,0.5064952997597938,0.16758767157298446,34.85342019543974,35.064935064935064,0.03706859494559467,,preprocessed,real,0.0,0,0,614,154
diabetes,363629,2,8,45,mixed,0.8205555555555555,0.7727272727272727,0.7567567567567568,0.5185185185185185,0.6153846153846154,0.91,0.7109170685323385,0.513493483703181,0.17025705813688655,34.85342019543974,35.064935064935064,0.03913801698945463,,preprocessed,real,0.0,0,0,614,154
diabetes,363629,2,8,45,curriculum,0.8198148148148148,0.7662337662337663,0.75,0.5,0.6,0.91,0.7285479644148447,0.5013232764357559,0.1659349421077859,34.85342019543974,35.064935064935064,0.03886739001609385,,preprocessed,real,0.0,0,0,614,154
diabetes,363629,2,8,46,plain,0.8751851851851852,0.7402597402597403,0.85,0.3148148148148148,0.4594594594594595,0.97,0.7926356884964256,0.4881601368476442,0.15954841239722775,34.85342019543974,35.064935064935064,0.0371347120963037,,preprocessed,real,0.0,0,0,614,154
diabetes,363629,2,8,46,mixed,0.8742592592592593,0.7402597402597403,0.8181818181818182,0.3333333333333333,0.47368421052631576,0.96,0.787756219852232,0.496462432690485,0.16244481167328229,34.85342019543974,35.064935064935064,0.039034457062371075,,preprocessed,real,0.0,0,0,614,154
diabetes,363629,2,8,46,curriculum,0.8772222222222222,0.7402597402597403,0.7916666666666666,0.35185185185185186,0.48717948717948717,0.95,0.7868059815442201,0.47943688905480325,0.15654315414821143,34.85342019543974,35.064935064935064,0.038822925998829305,,preprocessed,real,0.0,0,0,614,154
diabetes,363629,2,8,47,plain,0.8166666666666667,0.7337662337662337,0.6666666666666666,0.48148148148148145,0.5591397849462365,0.87,0.6998855910247205,0.5077513147369511,0.16825814999593122,34.85342019543974,35.064935064935064,0.03712264692876488,,preprocessed,real,0.0,0,0,614,154
diabetes,363629,2,8,47,mixed,0.812962962962963,0.7337662337662337,0.6585365853658537,0.5,0.5684210526315789,0.86,0.6623786582188455,0.5133728168938567,0.1701576405117012,34.85342019543974,35.064935064935064,0.03907667403109372,,preprocessed,real,0.0,0,0,614,154
diabetes,363629,2,8,47,curriculum,0.8098148148148149,0.7337662337662337,0.6444444444444445,0.5370370370370371,0.5858585858585859,0.84,0.676767992854094,0.5088633733854637,0.16905149515606893,34.85342019543974,35.064935064935064,0.038689019973389804,,preprocessed,real,0.0,0,0,614,154
diabetes,363629,2,8,48,plain,0.810377358490566,0.7254901960784313,0.6571428571428571,0.4339622641509434,0.5227272727272727,0.88,0.649112890745638,0.5124923990528055,0.17074910633375673,34.959349593495936,34.64052287581699,0.03710918303113431,,preprocessed,real,0.0,0,0,615,153
diabetes,363629,2,8,48,mixed,0.8124528301886793,0.7320261437908496,0.6578947368421053,0.4716981132075472,0.5494505494505495,0.87,0.6465423152760954,0.5120078598743261,0.17059720218842617,34.959349593495936,34.64052287581699,0.0391523779835552,,preprocessed,real,0.0,0,0,615,153
diabetes,363629,2,8,48,curriculum,0.8103773584905661,0.7320261437908496,0.6578947368421053,0.4716981132075472,0.5494505494505495,0.87,0.6538782878346752,0.5054945272867055,0.16868454938844438,34.959349593495936,34.64052287581699,0.038947986089624465,,preprocessed,real,0.0,0,0,615,153
diabetes,363629,2,8,49,plain,0.8552830188679246,0.7973856209150327,0.8666666666666667,0.49056603773584906,0.6265060240963856,0.96,0.7658608541026991,0.4871694518169714,0.15729752852032763,34.959349593495936,34.64052287581699,0.03738218697253615,,preprocessed,real,0.0,0,0,615,153
diabetes,363629,2,8,49,mixed,0.8524528301886792,0.7843137254901961,0.8125,0.49056603773584906,0.611764705882353,0.94,0.7544718062682598,0.49740288272392363,0.16168285228533893,34.959349593495936,34.64052287581699,0.03943677304778248,,preprocessed,real,0.0,0,0,615,153
diabetes,363629,2,8,49,curriculum,0.8549056603773585,0.7843137254901961,0.7941176470588235,0.5094339622641509,0.6206896551724138,0.93,0.7520951318488389,0.48353131096742613,0.1565072895156817,34.959349593495936,34.64052287581699,0.03940500202588737,,preprocessed,real,0.0,0,0,615,153
E-CommereShippingData,363632,2,10,0,plain,0.7570116531700573,0.624390243902439,0.6196808510638298,0.9549180327868853,0.7516129032258064,0.13855421686746988,0.8620581027008598,0.5510043076227098,0.19241055623582698,59.70695970695971,59.512195121951216,0.3574425659608096,,preprocessed,real,0.0,0,0,1638,410
E-CommereShippingData,363632,2,10,0,mixed,0.7620481927710843,0.6731707317073171,0.6950354609929078,0.8032786885245902,0.7452471482889734,0.4819277108433735,0.8610910040649871,0.56090802036538,0.1934344487379568,59.70695970695971,59.512195121951216,0.36258655705023557,,preprocessed,real,0.0,0,0,1638,410
E-CommereShippingData,363632,2,10,0,curriculum,0.7595052340509578,0.6926829268292682,0.9097222222222222,0.5368852459016393,0.6752577319587629,0.9216867469879518,0.8639952177763686,0.5395267770608122,0.18669122267969074,59.70695970695971,59.512195121951216,0.36254742403980345,,preprocessed,real,0.0,0,0,1638,410
E-CommereShippingData,363632,2,10,1,plain,0.7542857142857142,0.5902439024390244,0.6026666666666667,0.9224489795918367,0.7290322580645161,0.09696969696969697,0.8660133313221166,0.5464279397878398,0.19104941695283828,59.64590964590965,59.756097560975604,0.360505677992478,,preprocessed,real,0.0,0,0,1638,410
E-CommereShippingData,363632,2,10,1,mixed,0.7335312306740878,0.6317073170731707,0.674074074074074,0.7428571428571429,0.7067961165048544,0.4666666666666667,0.8528881258352781,0.5571880832020459,0.19242068917879063,59.64590964590965,59.756097560975604,0.36330833402462304,,preprocessed,real,0.0,0,0,1638,410
E-CommereShippingData,363632,2,10,1,curriculum,0.7487198515769944,0.6951219512195121,0.8703703703703703,0.5755102040816327,0.6928746928746928,0.8727272727272727,0.8626361660989859,0.5348217714770921,0.1853190250491607,59.64590964590965,59.756097560975604,0.3619250679621473,,preprocessed,real,0.0,0,0,1638,410
E-CommereShippingData,363632,2,10,2,plain,0.7216079158936302,0.6170731707317073,0.6333333333333333,0.8530612244897959,0.7269565217391304,0.26666666666666666,0.8365567688059683,0.5513120754008489,0.1930982778448372,59.64590964590965,59.756097560975604,0.3613390719983727,,preprocessed,real,0.0,0,0,1638,410
E-CommereShippingData,363632,2,10,2,mixed,0.7249721706864565,0.651219512195122,0.7276785714285714,0.6653061224489796,0.6950959488272921,0.6303030303030303,0.8394456579879368,0.561644564541655,0.1945940946776937,59.64590964590965,59.756097560975604,0.3623499319655821,,preprocessed,real,0.0,0,0,1638,410
E-CommereShippingData,363632,2,10,2,curriculum,0.7161162646876933,0.6317073170731707,0.8507462686567164,0.46530612244897956,0.6015831134564644,0.8787878787878788,0.8344845551997062,0.5461647067155491,0.1909459914075184,59.64590964590965,59.756097560975604,0.36274271307047457,,preprocessed,real,0.0,0,0,1638,410
E-CommereShippingData,363632,2,10,3,plain,0.7406855439642324,0.6014669926650367,0.6091644204851752,0.9262295081967213,0.734959349593496,0.12121212121212122,0.8537968397163498,0.5492750710932657,0.19211736831172083,59.670530811470414,59.65770171149144,0.3665912199066952,,preprocessed,real,0.0,0,0,1639,409
E-CommereShippingData,363632,2,10,3,mixed,0.7150024838549429,0.6161369193154034,0.6494845360824743,0.7745901639344263,0.7065420560747664,0.38181818181818183,0.842287752477512,0.5612814700159167,0.19411006218345903,59.670530811470414,59.65770171149144,0.3660818620119244,,preprocessed,real,0.0,0,0,1639,409
E-CommereShippingData,363632,2,10,3,curriculum,0.7369597615499255,0.6650366748166259,0.8496732026143791,0.5327868852459017,0.654911838790932,0.8606060606060606,0.8502149616787888,0.5405787789723318,0.18768532624026132,59.670530811470414,59.65770171149144,0.3674812170211226,,preprocessed,real,0.0,0,0,1639,409
E-CommereShippingData,363632,2,10,4,plain,0.7656358668653749,0.6112469437652812,0.6098191214470284,0.9672131147540983,0.7480190174326465,0.08484848484848485,0.8679899509862412,0.5473391478718763,0.19111409663723536,59.670530811470414,59.65770171149144,0.3660267459927127,,preprocessed,real,0.0,0,0,1639,409
E-CommereShippingData,363632,2,10,4,mixed,0.7328117237953304,0.6356968215158925,0.6557377049180327,0.819672131147541,0.7285974499089253,0.36363636363636365,0.8505173449893233,0.560395069094124,0.19351319892302085,59.670530811470414,59.65770171149144,0.366343084955588,,preprocessed,real,0.0,0,0,1639,409
E-CommereShippingData,363632,2,10,4,curriculum,0.7488077496274218,0.6992665036674817,0.8903225806451613,0.5655737704918032,0.6917293233082706,0.896969696969697,0.8609204403153538,0.5388799316514046,0.18645294815060112,59.670530811470414,59.65770171149144,0.36675869300961494,,preprocessed,real,0.0,0,0,1639,409
E-CommereShippingData,363632,2,10,5,plain,0.7660724866679834,0.6048780487804878,0.6030150753768844,0.9836065573770492,0.7476635514018691,0.04819277108433735,0.8647548602404341,0.5489917924270857,0.19137255210304935,59.70695970695971,59.512195121951216,0.3622169310692698,,preprocessed,real,0.0,0,0,1638,410
E-CommereShippingData,363632,2,10,5,mixed,0.7559994074659293,0.6341463414634146,0.6432926829268293,0.8647540983606558,0.7377622377622378,0.29518072289156627,0.8610914927263178,0.562270982490843,0.19403141798824555,59.70695970695971,59.512195121951216,0.36240637896116823,,preprocessed,real,0.0,0,0,1638,410
E-CommereShippingData,363632,2,10,5,curriculum,0.7710102705905589,0.6780487804878049,0.8589743589743589,0.5491803278688525,0.67,0.8674698795180723,0.8670972970087946,0.5379493102829139,0.18584403272075795,59.70695970695971,59.512195121951216,0.36262968101073056,,preprocessed,real,0.0,0,0,1638,410
E-CommereShippingData,363632,2,10,6,plain,0.7284601113172542,0.5975609756097561,0.6234567901234568,0.8244897959183674,0.7100175746924429,0.2606060606060606,0.8494825810224949,0.5582003648777774,0.19573539386496866,59.64590964590965,59.756097560975604,0.361423775088042,,preprocessed,real,0.0,0,0,1638,410
E-CommereShippingData,363632,2,10,6,mixed,0.7078293135435992,0.624390243902439,0.6887966804979253,0.6775510204081633,0.6831275720164609,0.5454545454545454,0.8382852911308809,0.5671976403341434,0.19695385159132348,59.64590964590965,59.756097560975604,0.3618011979851872,,preprocessed,real,0.0,0,0,1638,410
E-CommereShippingData,363632,2,10,6,curriculum,0.7186889301175016,0.6658536585365854,0.8802816901408451,0.5102040816326531,0.6459948320413437,0.896969696969697,0.8446904197914675,0.5519920366130933,0.19268994483826177,59.64590964590965,59.756097560975604,0.36338485195301473,,preprocessed,real,0.0,0,0,1638,410
E-CommereShippingData,363632,2,10,7,plain,0.7608410636982066,0.5902439024390244,0.6026666666666667,0.9224489795918367,0.7290322580645161,0.09696969696969697,0.8653916663803166,0.5450873942259369,0.1905375725228584,59.64590964590965,59.756097560975604,0.36161226709373295,,preprocessed,real,0.0,0,0,1638,410
E-CommereShippingData,363632,2,10,7,mixed,0.7549288806431664,0.6707317073170732,0.6992753623188406,0.7877551020408163,0.7408829174664108,0.49696969696969695,0.8596048030743354,0.5562395608086914,0.19190559734612705,59.64590964590965,59.756097560975604,0.3639401909895241,,preprocessed,real,0.0,0,0,1638,410
E-CommereShippingData,363632,2,10,7,curriculum,0.7496846011131726,0.6804878048780488,0.875,0.5428571428571428,0.6700251889168766,0.8848484848484849,0.8582739925687989,0.5366574342074698,0.1861487929611446,59.64590964590965,59.756097560975604,0.36576519103255123,,preprocessed,real,0.0,0,0,1638,410
E-CommereShippingData,363632,2,10,8,plain,0.7394932935916543,0.6136919315403423,0.612565445026178,0.9590163934426229,0.7476038338658147,0.10303030303030303,0.8540111921218907,0.5425086314414894,0.1890539290387994,59.670530811470414,59.65770171149144,0.36658621893730015,,preprocessed,real,0.0,0,0,1639,409
E-CommereShippingData,363632,2,10,8,mixed,0.7528315946348734,0.6479217603911981,0.6811594202898551,0.7704918032786885,0.7230769230769231,0.4666666666666667,0.85662024972354,0.5523282729565818,0.18964003023020393,59.670530811470414,59.65770171149144,0.36670793197117746,,preprocessed,real,0.0,0,0,1639,409
E-CommereShippingData,363632,2,10,8,curriculum,0.7482861400894187,0.6943765281173594,0.8993288590604027,0.5491803278688525,0.6819338422391857,0.9090909090909091,0.8593764423800441,0.5289154322654018,0.1823361913158939,59.670530811470414,59.65770171149144,0.3665110539877787,,preprocessed,real,0.0,0,0,1639,409
E-CommereShippingData,363632,2,10,9,plain,0.7320914058618977,0.5965770171149144,0.6106442577030813,0.8934426229508197,0.7254575707154742,0.15757575757575756,0.8507681576464139,0.550269663773257,0.19284786242918814,59.670530811470414,59.65770171149144,0.3667660231003538,,preprocessed,real,0.0,0,0,1639,409
E-CommereShippingData,363632,2,10,9,mixed,0.7166169895678092,0.6136919315403423,0.6692913385826772,0.6967213114754098,0.6827309236947792,0.4909090909090909,0.8391122181305433,0.5618547222523955,0.19465336441139883,59.670530811470414,59.65770171149144,0.36651964497286826,,preprocessed,real,0.0,0,0,1639,409
E-CommereShippingData,363632,2,10,9,curriculum,0.7235469448584203,0.6821515892420538,0.9014084507042254,0.5245901639344263,0.6632124352331606,0.9151515151515152,0.8461247001564924,0.5428251334927916,0.1891426198432887,59.670530811470414,59.65770171149144,0.3669274509884417,,preprocessed,real,0.0,0,0,1639,409
E-CommereShippingData,363632,2,10,10,plain,0.7404947659490421,0.6073170731707317,0.6231454005934718,0.860655737704918,0.7228915662650602,0.23493975903614459,0.8545827632399903,0.5456557130693372,0.19017232479764015,59.70695970695971,59.512195121951216,0.3618206410901621,,preprocessed,real,0.0,0,0,1638,410
E-CommereShippingData,363632,2,10,10,mixed,0.7314339324511159,0.6219512195121951,0.6654275092936803,0.7336065573770492,0.6978557504873294,0.4578313253012048,0.8493818037920717,0.5568652589586335,0.19186003487486805,59.70695970695971,59.512195121951216,0.36293193290475756,,preprocessed,real,0.0,0,0,1638,410
E-CommereShippingData,363632,2,10,10,curriculum,0.7348163144380802,0.6878048780487804,0.8493975903614458,0.5778688524590164,0.6878048780487804,0.8493975903614458,0.8515168782954387,0.5368876766805036,0.18617037480957419,59.70695970695971,59.512195121951216,0.362337275990285,,preprocessed,real,0.0,0,0,1638,410
E-CommereShippingData,363632,2,10,11,plain,0.7427829313543599,0.6292682926829268,0.6273972602739726,0.9346938775510204,0.7508196721311475,0.17575757575757575,0.8536071294057307,0.556660865292364,0.19434569752289502,59.64590964590965,59.756097560975604,0.36237811495084316,,preprocessed,real,0.0,0,0,1638,410
E-CommereShippingData,363632,2,10,11,mixed,0.7309338280766852,0.6390243902439025,0.6763636363636364,0.7591836734693878,0.7153846153846154,0.46060606060606063,0.847132174790344,0.5677121949221026,0.19631422623826505,59.64590964590965,59.756097560975604,0.3629814049927518,,preprocessed,real,0.0,0,0,1638,410
E-CommereShippingData,363632,2,10,11,curriculum,0.7402844774273346,0.6780487804878049,0.900709219858156,0.5183673469387755,0.6580310880829016,0.9151515151515152,0.8517981006670978,0.5480961658643693,0.19004459409465127,59.64590964590965,59.756097560975604,0.3629848520504311,,preprocessed,real,0.0,0,0,1638,410
E-CommereShippingData,363632,2,10,12,plain,0.7615337043908472,0.6048780487804878,0.6050632911392405,0.9755102040816327,0.746875,0.05454545454545454,0.8698227015709232,0.5441042819930203,0.1900710589389738,59.64590964590965,59.756097560975604,0.36249654507264495,,preprocessed,real,0.0,0,0,1638,410
E-CommereShippingData,363632,2,10,12,mixed,0.7685095856524427,0.6585365853658537,0.6755852842809364,0.8244897959183674,0.7426470588235294,0.4121212121212121,0.8717669724704381,0.5540514112466268,0.19077239980002308,59.64590964590965,59.756097560975604,0.3622942459769547,,preprocessed,real,0.0,0,0,1638,410
E-CommereShippingData,363632,2,10,12,curriculum,0.7597526283240569,0.7024390243902439,0.9019607843137255,0.563265306122449,0.6934673366834171,0.9090909090909091,0.8674842676316941,0.5329462590407676,0.1843099268921085,59.64590964590965,59.756097560975604,0.3628733439836651,,preprocessed,real,0.0,0,0,1638,410
E-CommereShippingData,363632,2,10,13,plain,0.7397913561847989,0.5916870415647921,0.6032171581769437,0.9221311475409836,0.7293354943273906,0.10303030303030303,0.8548873368549237,0.5434254930136739,0.19002769947806372,59.670530811470414,59.65770171149144,0.36655144998803735,,preprocessed,real,0.0,0,0,1639,409
E-CommereShippingData,363632,2,10,13,mixed,0.7206408345752608,0.6234718826405868,0.65625,0.7745901639344263,0.7105263157894737,0.4,0.844973201898381,0.5553067757182273,0.19167488108703382,59.670530811470414,59.65770171149144,0.36707815004047006,,preprocessed,real,0.0,0,0,1639,409
E-CommereShippingData,363632,2,10,13,curriculum,0.7418777943368108,0.6723716381418093,0.8313253012048193,0.5655737704918032,0.6731707317073171,0.8303030303030303,0.8560537166058394,0.5312550128432436,0.18399484823830595,59.670530811470414,59.65770171149144,0.3660980759887025,,preprocessed,real,0.0,0,0,1639,409
E-CommereShippingData,363632,2,10,14,plain,0.7389468455042225,0.6014669926650367,0.6109589041095891,0.9139344262295082,0.7323481116584565,0.1393939393939394,0.8503447602073734,0.5573812244673575,0.19596264689121423,59.670530811470414,59.65770171149144,0.36537779297214,,preprocessed,real,0.0,0,0,1639,409
E-CommereShippingData,363632,2,10,14,mixed,0.7199701937406855,0.6332518337408313,0.6793893129770993,0.7295081967213115,0.7035573122529645,0.4909090909090909,0.8339604050455611,0.5687330935386553,0.19792580880857671,59.670530811470414,59.65770171149144,0.3673118919832632,,preprocessed,real,0.0,0,0,1639,409
E-CommereShippingData,363632,2,10,14,curriculum,0.7237704918032787,0.6601466992665037,0.9007633587786259,0.48360655737704916,0.6293333333333333,0.9212121212121213,0.8450349337581312,0.5525004561159904,0.19336159176362813,59.670530811470414,59.65770171149144,0.367062906967476,,preprocessed,real,0.0,0,0,1639,409
E-CommereShippingData,363632,2,10,15,plain,0.7847866877345446,0.6,0.5985221674876847,0.9959016393442623,0.7476923076923077,0.018072289156626505,0.8802854796038604,0.5425037083857073,0.18903955893535912,59.70695970695971,59.512195121951216,0.3618580609327182,,preprocessed,real,0.0,0,0,1638,410
E-CommereShippingData,363632,2,10,15,mixed,0.7764171439857792,0.6390243902439025,0.6445783132530121,0.8770491803278688,0.7430555555555556,0.2891566265060241,0.874231242760668,0.5548230308331658,0.1904299461674361,59.70695970695971,59.512195121951216,0.3622976759215817,,preprocessed,real,0.0,0,0,1638,410
E-CommereShippingData,363632,2,10,15,curriculum,0.7904157614062809,0.724390243902439,0.9281045751633987,0.5819672131147541,0.7153652392947103,0.9337349397590361,0.8847428744360815,0.5284191294926348,0.18171948407555352,59.70695970695971,59.512195121951216,0.3627802280243486,,preprocessed,real,0.0,0,0,1638,410
E-CommereShippingData,363632,2,10,16,plain,0.7615584415584415,0.6146341463414634,0.6118251928020566,0.9714285714285714,0.750788643533123,0.08484848484848485,0.86708237142551,0.5373959527404522,0.1870898360303749,59.64590964590965,59.756097560975604,0.3618683139793575,,preprocessed,real,0.0,0,0,1638,410
E-CommereShippingData,363632,2,10,16,mixed,0.7747680890538033,0.6585365853658537,0.6595744680851063,0.8857142857142857,0.7560975609756098,0.3212121212121212,0.8727065646403178,0.5493269362027104,0.18846257714713377,59.64590964590965,59.756097560975604,0.36306003003846854,,preprocessed,real,0.0,0,0,1638,410
E-CommereShippingData,363632,2,10,16,curriculum,0.7643290043290042,0.7024390243902439,0.9072847682119205,0.5591836734693878,0.6919191919191919,0.9151515151515152,0.8688905940120774,0.5256648803729775,0.1810529358418695,59.64590964590965,59.756097560975604,0.3626067820005119,,preprocessed,real,0.0,0,0,1638,410
E-CommereShippingData,363632,2,10,17,plain,0.7617068645640074,0.6195121951219512,0.6126582278481013,0.9877551020408163,0.75625,0.07272727272727272,0.8616738031713688,0.5623437111419741,0.1967982782662696,59.64590964590965,59.756097560975604,0.36219961498863995,,preprocessed,real,0.0,0,0,1638,410
E-CommereShippingData,363632,2,10,17,mixed,0.7353617810760669,0.6560975609756098,0.6818181818181818,0.7959183673469388,0.7344632768361582,0.4484848484848485,0.8421008814612774,0.575034101513237,0.1996194406528675,59.64590964590965,59.756097560975604,0.3626766209490597,,preprocessed,real,0.0,0,0,1638,410
E-CommereShippingData,363632,2,10,17,curriculum,0.7598763141620284,0.6682926829268293,0.936,0.4775510204081633,0.6324324324324324,0.9515151515151515,0.8603567472272153,0.5556275413183138,0.1932337750041482,59.64590964590965,59.756097560975604,0.3635891590965912,,preprocessed,real,0.0,0,0,1638,410
E-CommereShippingData,363632,2,10,18,plain,0.6821162444113265,0.6039119804400978,0.6404109589041096,0.7663934426229508,0.6977611940298507,0.36363636363636365,0.8182890328592207,0.5635982152563589,0.19834606668968258,59.670530811470414,59.65770171149144,0.36522403999697417,,preprocessed,real,0.0,0,0,1639,409
E-CommereShippingData,363632,2,10,18,mixed,0.6589170392449082,0.5916870415647921,0.6974358974358974,0.5573770491803278,0.6195899772209568,0.6424242424242425,0.8064866821485395,0.5738047856589006,0.20059517080431646,59.670530811470414,59.65770171149144,0.36686064198147506,,preprocessed,real,0.0,0,0,1639,409
E-CommereShippingData,363632,2,10,18,curriculum,0.6711872826626925,0.6112469437652812,0.785234899328859,0.47950819672131145,0.5954198473282443,0.806060606060606,0.8122603105051768,0.5621566497301534,0.19801155354441885,59.670530811470414,59.65770171149144,0.3673895290121436,,preprocessed,real,0.0,0,0,1639,409
E-CommereShippingData,363632,2,10,19,plain,0.7461997019374069,0.6161369193154034,0.6218487394957983,0.9098360655737705,0.7387687188019967,0.18181818181818182,0.8578278233182637,0.5425486345350533,0.1897469851070108,59.670530811470414,59.65770171149144,0.36709920200519264,,preprocessed,real,0.0,0,0,1639,409
E-CommereShippingData,363632,2,10,19,mixed,0.7336562344759066,0.6356968215158925,0.6727272727272727,0.7581967213114754,0.7129094412331407,0.45454545454545453,0.8506085512737358,0.5527328926378337,0.19077729092677626,59.670530811470414,59.65770171149144,0.3668296199757606,,preprocessed,real,0.0,0,0,1639,409
E-CommereShippingData,363632,2,10,19,curriculum,0.7282165921510184,0.6723716381418093,0.8273809523809523,0.569672131147541,0.6747572815533981,0.8242424242424242,0.8488682588111722,0.5337478074446602,0.1854127948091297,59.670530811470414,59.65770171149144,0.3666556340176612,,preprocessed,real,0.0,0,0,1639,409
E-CommereShippingData,363632,2,10,20,plain,0.7413835670551057,0.6073170731707317,0.6169014084507042,0.8975409836065574,0.7312186978297162,0.18072289156626506,0.8561987103916096,0.5543087995533968,0.19391455460228388,59.70695970695971,59.512195121951216,0.36115783895365894,,preprocessed,real,0.0,0,0,1638,410
E-CommereShippingData,363632,2,10,20,mixed,0.7499259332411613,0.6682926829268293,0.716,0.7336065573770492,0.7246963562753036,0.572289156626506,0.8568812110653334,0.5626554058016611,0.19438007584348146,59.70695970695971,59.512195121951216,0.36225087800994515,,preprocessed,real,0.0,0,0,1638,410
E-CommereShippingData,363632,2,10,20,curriculum,0.737877740470077,0.6926829268292682,0.8881578947368421,0.5532786885245902,0.6818181818181818,0.8975903614457831,0.8533889258033807,0.5449334826568074,0.18931546545576797,59.70695970695971,59.512195121951216,0.3629113109782338,,preprocessed,real,0.0,0,0,1638,410
E-CommereShippingData,363632,2,10,21,plain,0.7563636363636365,0.6414634146341464,0.6346153846153846,0.9428571428571428,0.7586206896551724,0.19393939393939394,0.856945328537851,0.5515494620173474,0.1927232931183002,59.64590964590965,59.756097560975604,0.36227919592056423,,preprocessed,real,0.0,0,0,1638,410
E-CommereShippingData,363632,2,10,21,mixed,0.7279158936301794,0.6341463414634146,0.6779026217228464,0.7387755102040816,0.70703125,0.47878787878787876,0.8454094111137742,0.5641210795433689,0.1953143349896108,59.64590964590965,59.756097560975604,0.3630059940041974,,preprocessed,real,0.0,0,0,1638,410
E-CommereShippingData,363632,2,10,21,curriculum,0.741743970315399,0.651219512195122,0.8445945945945946,0.5102040816326531,0.6361323155216285,0.8606060606060606,0.849722390275157,0.545176293003787,0.1894713771393769,59.64590964590965,59.756097560975604,0.362760424031876,,preprocessed,real,0.0,0,0,1638,410
E-CommereShippingData,363632,2,10,22,plain,0.7649969078540506,0.6048780487804878,0.6066838046272494,0.963265306122449,0.7444794952681388,0.07272727272727272,0.8650782946849078,0.5471945449769665,0.19126716888836753,59.64590964590965,59.756097560975604,0.3617706630611792,,preprocessed,real,0.0,0,0,1638,410
E-CommereShippingData,363632,2,10,22,mixed,0.7517625231910946,0.6609756097560976,0.6840277777777778,0.8040816326530612,0.7392120075046904,0.4484848484848485,0.8568379622999167,0.5602396334769781,0.19362305856290832,59.64590964590965,59.756097560975604,0.3631160150980577,,preprocessed,real,0.0,0,0,1638,410
E-CommereShippingData,363632,2,10,22,curriculum,0.7571057513914656,0.6731707317073171,0.9172932330827067,0.49795918367346936,0.6455026455026455,0.9333333333333333,0.8609146026022605,0.5402429934084001,0.187500412799302,59.64590964590965,59.756097560975604,0.3624814109643921,,preprocessed,real,0.0,0,0,1638,410
E-CommereShippingData,363632,2,10,23,plain,0.7262295081967214,0.5965770171149144,0.6151603498542274,0.8647540983606558,0.7189097103918228,0.2,0.8487172753966458,0.5506679490237639,0.19302414524904163,59.670530811470414,59.65770171149144,0.36669241404160857,,preprocessed,real,0.0,0,0,1639,409
E-CommereShippingData,363632,2,10,23,mixed,0.7153005464480875,0.6234718826405868,0.6829268292682927,0.6885245901639344,0.6857142857142857,0.5272727272727272,0.8394681229746107,0.5604575850697798,0.19400718584226612,59.670530811470414,59.65770171149144,0.36804568697698414,,preprocessed,real,0.0,0,0,1639,409
E-CommereShippingData,363632,2,10,23,curriculum,0.73474913065077,0.6919315403422983,0.8933333333333333,0.5491803278688525,0.6802030456852792,0.9030303030303031,0.8538492337345198,0.5405837641653859,0.18807935113341528,59.670530811470414,59.65770171149144,0.3670499100117013,,preprocessed,real,0.0,0,0,1639,409
E-CommereShippingData,363632,2,10,24,plain,0.7517635370094387,0.5990220048899756,0.601010101010101,0.9754098360655737,0.74375,0.04242424242424243,0.8603021561487942,0.5414537963389116,0.18855672634417642,59.670530811470414,59.65770171149144,0.3668430580291897,,preprocessed,real,0.0,0,0,1639,409
E-CommereShippingData,363632,2,10,24,mixed,0.7359413810233482,0.6161369193154034,0.6389776357827476,0.819672131147541,0.718132854578097,0.3151515151515151,0.8548853301646068,0.5536946699036344,0.19035690154760906,59.670530811470414,59.65770171149144,0.3670636450406164,,preprocessed,real,0.0,0,0,1639,409
E-CommereShippingData,363632,2,10,24,curriculum,0.7441132637853949,0.6772616136919315,0.8255813953488372,0.5819672131147541,0.6826923076923077,0.8181818181818182,0.8587845579763235,0.528358811372102,0.18223234454508946,59.670530811470414,59.65770171149144,0.3666969989426434,,preprocessed,real,0.0,0,0,1639,409
E-CommereShippingData,363632,2,10,25,plain,0.7557525182698005,0.6048780487804878,0.6062176165803109,0.9590163934426229,0.7428571428571429,0.08433734939759036,0.8621654179505549,0.54687220551697,0.1911464879160494,59.70695970695971,59.512195121951216,0.36232555005699396,,preprocessed,real,0.0,0,0,1638,410
E-CommereShippingData,363632,2,10,25,mixed,0.7347669365988544,0.624390243902439,0.6573426573426573,0.7704918032786885,0.7094339622641509,0.40963855421686746,0.8506346034839671,0.5585037258795454,0.19287357016145895,59.70695970695971,59.512195121951216,0.36236961802933365,,preprocessed,real,0.0,0,0,1638,410
E-CommereShippingData,363632,2,10,25,curriculum,0.7449140825597471,0.6853658536585366,0.896551724137931,0.5327868852459017,0.6683804627249358,0.9096385542168675,0.8562534559022037,0.5364074733889047,0.18585258125326445,59.70695970695971,59.512195121951216,0.3628683729330078,,preprocessed,real,0.0,0,0,1638,410
E-CommereShippingData,363632,2,10,26,plain,0.7247247990105132,0.5926829268292683,0.6160714285714286,0.8448979591836735,0.7125645438898451,0.21818181818181817,0.8462507560885735,0.5514722986628124,0.19292174906846354,59.64590964590965,59.756097560975604,0.3622975619509816,,preprocessed,real,0.0,0,0,1638,410
E-CommereShippingData,363632,2,10,26,mixed,0.7513667285095856,0.6658536585365854,0.7307692307692307,0.6979591836734694,0.7139874739039666,0.6181818181818182,0.8588802851588906,0.5597665750311607,0.19324058591880133,59.64590964590965,59.756097560975604,0.3628092739963904,,preprocessed,real,0.0,0,0,1638,410
E-CommereShippingData,363632,2,10,26,curriculum,0.7315769944341373,0.6658536585365854,0.8698630136986302,0.5183673469387755,0.649616368286445,0.8848484848484849,0.8501670777336459,0.5439789220768089,0.1891876980803554,59.64590964590965,59.756097560975604,0.36313200392760336,,preprocessed,real,0.0,0,0,1638,410
E-CommereShippingData,363632,2,10,27,plain,0.7354854669140384,0.5975609756097561,0.611731843575419,0.8938775510204081,0.7263681592039801,0.15757575757575756,0.8522681021374122,0.5555573946884217,0.19417107412606976,59.64590964590965,59.756097560975604,0.362745899008587,,preprocessed,real,0.0,0,0,1638,410
E-CommereShippingData,363632,2,10,27,mixed,0.7072850958565244,0.6073170731707317,0.6458333333333334,0.7591836734693878,0.6979362101313321,0.38181818181818183,0.8372656510915892,0.5703510305198999,0.19767198754800255,59.64590964590965,59.756097560975604,0.3626109519973397,,preprocessed,real,0.0,0,0,1638,410
E-CommereShippingData,363632,2,10,27,curriculum,0.7289053803339518,0.675609756097561,0.85,0.5551020408163265,0.671604938271605,0.8545454545454545,0.85058743967519,0.5472947973597428,0.1900495458708349,59.64590964590965,59.756097560975604,0.36250818299595267,,preprocessed,real,0.0,0,0,1638,410
E-CommereShippingData,363632,2,10,28,plain,0.7223795330352708,0.5941320293398533,0.6147058823529412,0.8565573770491803,0.7157534246575342,0.20606060606060606,0.8472522579769324,0.5438354231577939,0.19052705545293316,59.670530811470414,59.65770171149144,0.36525337398052216,,preprocessed,real,0.0,0,0,1639,409
E-CommereShippingData,363632,2,10,28,mixed,0.7435668156979632,0.6454767726161369,0.7071129707112971,0.6926229508196722,0.6997929606625258,0.5757575757575758,0.8533438891030914,0.5503468154815448,0.1898669207990568,59.670530811470414,59.65770171149144,0.36688412295188755,,preprocessed,real,0.0,0,0,1639,409
E-CommereShippingData,363632,2,10,28,curriculum,0.7214605067064084,0.687041564792176,0.8866666666666667,0.5450819672131147,0.6751269035532995,0.896969696969697,0.8453664446295199,0.5359553461289903,0.18654202197355818,59.670530811470414,59.65770171149144,0.36718900001142174,,preprocessed,real,0.0,0,0,1639,409
E-CommereShippingData,363632,2,10,29,plain,0.7826130153999007,0.5990220048899756,0.6,0.9836065573770492,0.7453416149068323,0.030303030303030304,0.8736731054193136,0.5483570648827606,0.1913392270943372,59.670530811470414,59.65770171149144,0.3654930319171399,,preprocessed,real,0.0,0,0,1639,409
E-CommereShippingData,363632,2,10,29,mixed,0.7293094883258817,0.6210268948655256,0.6369230769230769,0.8483606557377049,0.7275922671353251,0.28484848484848485,0.848027253733666,0.5633046799924384,0.19469149920729847,59.670530811470414,59.65770171149144,0.36785448994487524,,preprocessed,real,0.0,0,0,1639,409
E-CommereShippingData,363632,2,10,29,curriculum,0.7708395429706905,0.7017114914425427,0.9013157894736842,0.5614754098360656,0.6919191919191919,0.9090909090909091,0.8682022128314838,0.5373648955745176,0.18582700379656583,59.670530811470414,59.65770171149144,0.36620386200957,,preprocessed,real,0.0,0,0,1639,409
E-CommereShippingData,363632,2,10,30,plain,0.7240766344064784,0.6,0.6129943502824858,0.889344262295082,0.725752508361204,0.1746987951807229,0.8435670982243731,0.557820997747902,0.19539883098482957,59.70695970695971,59.512195121951216,0.36184924200642854,,preprocessed,real,0.0,0,0,1638,410
E-CommereShippingData,363632,2,10,30,mixed,0.7227928105866088,0.6439024390243903,0.6856060606060606,0.7418032786885246,0.7125984251968503,0.5,0.8393940791583843,0.5668049634687485,0.19645786732136786,59.70695970695971,59.512195121951216,0.36346513498574495,,preprocessed,real,0.0,0,0,1638,410
E-CommereShippingData,363632,2,10,30,curriculum,0.7242000790045428,0.6707317073170732,0.8811188811188811,0.5163934426229508,0.6511627906976745,0.8975903614457831,0.8447754120217269,0.5475339301832128,0.19062270381192,59.70695970695971,59.512195121951216,0.3624804909341037,,preprocessed,real,0.0,0,0,1638,410
E-CommereShippingData,363632,2,10,31,plain,0.7547557204700062,0.6048780487804878,0.608355091383812,0.9510204081632653,0.7420382165605095,0.09090909090909091,0.85996989005269,0.5494393990178269,0.19236572651461883,59.64590964590965,59.756097560975604,0.3623504739953205,,preprocessed,real,0.0,0,0,1638,410
E-CommereShippingData,363632,2,10,31,mixed,0.7444403215831787,0.6292682926829268,0.6565656565656566,0.7959183673469388,0.7195571955719557,0.38181818181818183,0.8547687834499591,0.5600321925987314,0.19365588504869474,59.64590964590965,59.756097560975604,0.3634737670654431,,preprocessed,real,0.0,0,0,1638,410
E-CommereShippingData,363632,2,10,31,curriculum,0.7464192949907236,0.6878048780487804,0.920863309352518,0.5224489795918368,0.6666666666666666,0.9333333333333333,0.8583310531617431,0.5409285142991027,0.18791574902952013,59.64590964590965,59.756097560975604,0.36204744304995984,,preprocessed,real,0.0,0,0,1638,410
E-CommereShippingData,363632,2,10,32,plain,0.7452813852813853,0.6,0.6103542234332425,0.9142857142857143,0.7320261437908496,0.13333333333333333,0.8610918776826061,0.5397614730130915,0.1883295763076603,59.64590964590965,59.756097560975604,0.36056257993914187,,preprocessed,real,0.0,0,0,1638,410
E-CommereShippingData,363632,2,10,32,mixed,0.726456400742115,0.651219512195122,0.6902985074626866,0.7551020408163265,0.7212475633528265,0.49696969696969695,0.8509565123601932,0.5529932518718526,0.19048244172739914,59.64590964590965,59.756097560975604,0.3627763029653579,,preprocessed,real,0.0,0,0,1638,410
E-CommereShippingData,363632,2,10,32,curriculum,0.7281385281385282,0.6853658536585366,0.8536585365853658,0.5714285714285714,0.684596577017115,0.8545454545454545,0.852635887663503,0.5307690416634044,0.1836618838716502,59.64590964590965,59.756097560975604,0.3622149699367583,,preprocessed,real,0.0,0,0,1638,410
E-CommereShippingData,363632,2,10,33,plain,0.7745653253849976,0.6039119804400978,0.6019900497512438,0.9918032786885246,0.7492260061919505,0.030303030303030304,0.8737529300120243,0.5455337704115044,0.18992425755183906,59.670530811470414,59.65770171149144,0.3659897679463029,,preprocessed,real,0.0,0,0,1639,409
E-CommereShippingData,363632,2,10,33,mixed,0.7558867362146052,0.6454767726161369,0.653250773993808,0.8647540983606558,0.7442680776014109,0.3212121212121212,0.8595604416336852,0.5603282754266504,0.192985551513644,59.670530811470414,59.65770171149144,0.3662657239474356,,preprocessed,real,0.0,0,0,1639,409
E-CommereShippingData,363632,2,10,33,curriculum,0.775558867362146,0.6968215158924206,0.8896103896103896,0.5614754098360656,0.6884422110552764,0.896969696969697,0.8722002518051242,0.5341686940342885,0.18408192995946318,59.670530811470414,59.65770171149144,0.3668569140136242,,preprocessed,real,0.0,0,0,1639,409
E-CommereShippingData,363632,2,10,34,plain,0.7288872329855937,0.6259168704156479,0.6350148367952523,0.8770491803278688,0.7366609294320138,0.2545454545454545,0.8436927496466868,0.5529145386700209,0.19359135618283516,59.670530811470414,59.65770171149144,0.3662543409736827,,preprocessed,real,0.0,0,0,1639,409
E-CommereShippingData,363632,2,10,34,mixed,0.7256706408345752,0.6479217603911981,0.711864406779661,0.6885245901639344,0.7,0.5878787878787879,0.8423548801279928,0.5618655009650261,0.1945346849812271,59.670530811470414,59.65770171149144,0.367263118037954,,preprocessed,real,0.0,0,0,1639,409
E-CommereShippingData,363632,2,10,34,curriculum,0.7316691505216095,0.6503667481662592,0.8581560283687943,0.4959016393442623,0.6285714285714286,0.8787878787878788,0.8447931978165351,0.5460885010446865,0.19035085051134895,59.670530811470414,59.65770171149144,0.3664770149625838,,preprocessed,real,0.0,0,0,1639,409
E-CommereShippingData,363632,2,10,35,plain,0.768171044835078,0.6024390243902439,0.6041131105398457,0.9631147540983607,0.7424960505529226,0.07228915662650602,0.8731995980909033,0.5358318319056692,0.18658571475774294,59.70695970695971,59.512195121951216,0.36123270192183554,,preprocessed,real,0.0,0,0,1638,410
E-CommereShippingData,363632,2,10,35,mixed,0.7900948054513135,0.6658536585365854,0.6666666666666666,0.8770491803278688,0.7575221238938054,0.35542168674698793,0.8828832945764573,0.5459545660455237,0.1868241054697915,59.70695970695971,59.512195121951216,0.3629801810020581,,preprocessed,real,0.0,0,0,1638,410
E-CommereShippingData,363632,2,10,35,curriculum,0.7721706498123642,0.7195121951219512,0.8816568047337278,0.610655737704918,0.7215496368038741,0.8795180722891566,0.8754128556927819,0.5194166915905893,0.17827051533489371,59.70695970695971,59.512195121951216,0.3624668379779905,,preprocessed,real,0.0,0,0,1638,410
E-CommereShippingData,363632,2,10,36,plain,0.6887569573283859,0.6048780487804878,0.6334405144694534,0.8040816326530612,0.7086330935251799,0.3090909090909091,0.8210742620622243,0.5698759878643848,0.20030918630125572,59.64590964590965,59.756097560975604,0.3618191219866276,,preprocessed,real,0.0,0,0,1638,410
E-CommereShippingData,363632,2,10,36,mixed,0.7036982065553494,0.6268292682926829,0.7473118279569892,0.5673469387755102,0.6450116009280742,0.7151515151515152,0.8240808540270357,0.5781203349855272,0.2014133365314043,59.64590964590965,59.756097560975604,0.3624928690260276,,preprocessed,real,0.0,0,0,1638,410
E-CommereShippingData,363632,2,10,36,curriculum,0.678639455782313,0.6365853658536585,0.8692307692307693,0.46122448979591835,0.6026666666666667,0.896969696969697,0.8167679485996406,0.5676765240493059,0.1994296278782365,59.64590964590965,59.756097560975604,0.36266920203343034,,preprocessed,real,0.0,0,0,1638,410
E-CommereShippingData,363632,2,10,37,plain,0.7312554112554113,0.6097560975609756,0.6210826210826211,0.889795918367347,0.7315436241610739,0.19393939393939394,0.8465746550058029,0.5526414208160032,0.1937199167615937,59.64590964590965,59.756097560975604,0.361447487026453,,preprocessed,real,0.0,0,0,1638,410
E-CommereShippingData,363632,2,10,37,mixed,0.7011750154607297,0.6073170731707317,0.6666666666666666,0.6857142857142857,0.676056338028169,0.4909090909090909,0.8308079076213908,0.5651024831308432,0.19626628941307359,59.64590964590965,59.756097560975604,0.3631847290089354,,preprocessed,real,0.0,0,0,1638,410
E-CommereShippingData,363632,2,10,37,curriculum,0.716264687693259,0.6560975609756098,0.8611111111111112,0.5061224489795918,0.6375321336760925,0.8787878787878788,0.8402203480893633,0.5485995188661337,0.1918029952984544,59.64590964590965,59.756097560975604,0.3623626430053264,,preprocessed,real,0.0,0,0,1638,410
E-CommereShippingData,363632,2,10,38,plain,0.7676850471932439,0.6112469437652812,0.6075949367088608,0.9836065573770492,0.7511737089201878,0.06060606060606061,0.8699582509491111,0.5428976334780409,0.18899902097689383,59.670530811470414,59.65770171149144,0.36562075198162347,,preprocessed,real,0.0,0,0,1639,409
E-CommereShippingData,363632,2,10,38,mixed,0.7342275211127669,0.6039119804400978,0.6273291925465838,0.8278688524590164,0.7137809187279152,0.2727272727272727,0.852691326840094,0.5566782884387819,0.19163947995696043,59.670530811470414,59.65770171149144,0.3673286479897797,,preprocessed,real,0.0,0,0,1639,409
E-CommereShippingData,363632,2,10,38,curriculum,0.7606308991554893,0.687041564792176,0.8918918918918919,0.5409836065573771,0.673469387755102,0.9030303030303031,0.8660444142597529,0.5313584846167902,0.18300568670300557,59.670530811470414,59.65770171149144,0.36782630800735205,,preprocessed,real,0.0,0,0,1639,409
E-CommereShippingData,363632,2,10,39,plain,0.7707898658718331,0.6112469437652812,0.6070528967254408,0.9877049180327869,0.7519500780031201,0.05454545454545454,0.8685826424389855,0.5470962016618146,0.19120383905603472,59.670530811470414,59.65770171149144,0.36662148497998714,,preprocessed,real,0.0,0,0,1639,409
E-CommereShippingData,363632,2,10,39,mixed,0.7484848484848485,0.6699266503667481,0.693950177935943,0.7991803278688525,0.7428571428571429,0.47878787878787876,0.8590580552828659,0.5585045824609495,0.19285566851504513,59.670530811470414,59.65770171149144,0.3663747350219637,,preprocessed,real,0.0,0,0,1639,409
E-CommereShippingData,363632,2,10,39,curriculum,0.7731992051664183,0.6992665036674817,0.8903225806451613,0.5655737704918032,0.6917293233082706,0.896969696969697,0.8699380838353399,0.5361035374597867,0.18553631720821517,59.670530811470414,59.65770171149144,0.3668474160367623,,preprocessed,real,0.0,0,0,1639,409
E-CommereShippingData,363632,2,10,40,plain,0.7338781354927908,0.6024390243902439,0.6153846153846154,0.8852459016393442,0.7260504201680672,0.18674698795180722,0.8501833007361986,0.5517250374912918,0.19275262425082262,59.70695970695971,59.512195121951216,0.36138841591309756,,preprocessed,real,0.0,0,0,1638,410
E-CommereShippingData,363632,2,10,40,mixed,0.7366432944894331,0.675609756097561,0.7159533073929961,0.7540983606557377,0.7345309381237525,0.5602409638554217,0.8463747463093315,0.5629783782875514,0.1944691912289186,59.70695970695971,59.512195121951216,0.3620094479992986,,preprocessed,real,0.0,0,0,1638,410
E-CommereShippingData,363632,2,10,40,curriculum,0.7331127789847917,0.6682926829268293,0.8648648648648649,0.5245901639344263,0.6530612244897959,0.8795180722891566,0.8485219470934873,0.5429076970285941,0.1884376009439809,59.70695970695971,59.512195121951216,0.36214618501253426,,preprocessed,real,0.0,0,0,1638,410
E-CommereShippingData,363632,2,10,41,plain,0.7432776747062462,0.6024390243902439,0.6151685393258427,0.8938775510204081,0.7287853577371048,0.1696969696969697,0.8581003018835948,0.5451540627731075,0.19065610207151706,59.64590964590965,59.756097560975604,0.36109788401518017,,preprocessed,real,0.0,0,0,1638,410
E-CommereShippingData,363632,2,10,41,mixed,0.7425850340136054,0.6365853658536585,0.6951219512195121,0.6979591836734694,0.6965376782077393,0.5454545454545454,0.8558189899897795,0.5536633159021096,0.19108454401780814,59.64590964590965,59.756097560975604,0.3626657739514485,,preprocessed,real,0.0,0,0,1638,410
E-CommereShippingData,363632,2,10,41,curriculum,0.7347186147186147,0.6731707317073171,0.8675496688741722,0.5346938775510204,0.6616161616161617,0.8787878787878788,0.8514209660107038,0.5361305643236274,0.18627786542865823,59.64590964590965,59.756097560975604,0.36197724798694253,,preprocessed,real,0.0,0,0,1638,410
E-CommereShippingData,363632,2,10,42,plain,0.7702659245516389,0.6,0.6035805626598465,0.963265306122449,0.7421383647798742,0.06060606060606061,0.874024963289614,0.5403578132424384,0.1884915015084207,59.64590964590965,59.756097560975604,0.3614387469133362,,preprocessed,real,0.0,0,0,1638,410
E-CommereShippingData,363632,2,10,42,mixed,0.7461966604823748,0.6292682926829268,0.6555183946488294,0.8,0.7205882352941176,0.37575757575757573,0.8591619504653076,0.5531926755698141,0.19046582308837134,59.64590964590965,59.756097560975604,0.3626838420750573,,preprocessed,real,0.0,0,0,1638,410
E-CommereShippingData,363632,2,10,42,curriculum,0.7602226345083487,0.7024390243902439,0.912751677852349,0.5551020408163265,0.6903553299492385,0.9212121212121213,0.8699513456808334,0.5297945386648469,0.1829663069608548,59.64590964590965,59.756097560975604,0.3621036650147289,,preprocessed,real,0.0,0,0,1638,410
E-CommereShippingData,363632,2,10,43,plain,0.75772478887233,0.60880195599022,0.6076923076923076,0.9713114754098361,0.7476340694006309,0.07272727272727272,0.8587370919766023,0.5492037348298479,0.1919951357791296,59.670530811470414,59.65770171149144,0.36524016701150686,,preprocessed,real,0.0,0,0,1639,409
E-CommereShippingData,363632,2,10,43,mixed,0.724093392945852,0.60880195599022,0.6372549019607843,0.7991803278688525,0.7090909090909091,0.32727272727272727,0.8435724643435863,0.5630880468314591,0.19474370464215898,59.670530811470414,59.65770171149144,0.3671176090138033,,preprocessed,real,0.0,0,0,1639,409
E-CommereShippingData,363632,2,10,43,curriculum,0.7506209637357177,0.6797066014669927,0.8791946308724832,0.5368852459016393,0.6666666666666666,0.8909090909090909,0.8565605569285293,0.5401389617197488,0.18719121398943972,59.670530811470414,59.65770171149144,0.36591054301243275,,preprocessed,real,0.0,0,0,1639,409
E-CommereShippingData,363632,2,10,44,plain,0.7440635866865375,0.6014669926650367,0.6140845070422535,0.8934426229508197,0.7278797996661102,0.1696969696969697,0.854181898256032,0.556567761989384,0.1947108401073436,59.670530811470414,59.65770171149144,0.36603789194487035,,preprocessed,real,0.0,0,0,1639,409
E-CommereShippingData,363632,2,10,44,mixed,0.7354694485842027,0.628361858190709,0.6729323308270677,0.7336065573770492,0.7019607843137254,0.4727272727272727,0.8481560340209362,0.5664389186699432,0.19615316222279047,59.670530811470414,59.65770171149144,0.3668998850043863,,preprocessed,real,0.0,0,0,1639,409
E-CommereShippingData,363632,2,10,44,curriculum,0.7401142573273721,0.6699266503667481,0.8707482993197279,0.5245901639344263,0.6547314578005116,0.8848484848484849,0.8513073449665265,0.548193150393657,0.19071342006951283,59.670530811470414,59.65770171149144,0.36681532801594585,,preprocessed,real,0.0,0,0,1639,409
E-CommereShippingData,363632,2,10,45,plain,0.6838090065178748,0.5902439024390244,0.6241830065359477,0.7827868852459017,0.6945454545454546,0.3072289156626506,0.823489043874964,0.551904499824793,0.19392638143906435,59.70695970695971,59.512195121951216,0.3616345369955525,,preprocessed,real,0.0,0,0,1638,410
E-CommereShippingData,363632,2,10,45,mixed,0.6831424056883271,0.6048780487804878,0.6915887850467289,0.6065573770491803,0.6462882096069869,0.6024096385542169,0.8219156622804906,0.5598507365576287,0.1945114396051909,59.70695970695971,59.512195121951216,0.3626017830101773,,preprocessed,real,0.0,0,0,1638,410
E-CommereShippingData,363632,2,10,45,curriculum,0.6841793403120678,0.6439024390243903,0.8266666666666667,0.5081967213114754,0.6294416243654822,0.8433734939759037,0.8236771946800299,0.5460261740073019,0.19124626440912917,59.70695970695971,59.512195121951216,0.362346469075419,,preprocessed,real,0.0,0,0,1638,410
E-CommereShippingData,363632,2,10,46,plain,0.7251700680272108,0.5902439024390244,0.6122448979591837,0.8571428571428571,0.7142857142857143,0.19393939393939394,0.8462221042408645,0.5519214123039486,0.1929166220509132,59.64590964590965,59.756097560975604,0.3621806490700692,,preprocessed,real,0.0,0,0,1638,410
E-CommereShippingData,363632,2,10,46,mixed,0.7238589981447124,0.6365853658536585,0.6904761904761905,0.710204081632653,0.7002012072434608,0.5272727272727272,0.8421501266232277,0.5601779145915535,0.19363386725347945,59.64590964590965,59.756097560975604,0.3624471059301868,,preprocessed,real,0.0,0,0,1638,410
E-CommereShippingData,363632,2,10,46,curriculum,0.7174520717377859,0.675609756097561,0.8733333333333333,0.5346938775510204,0.6632911392405063,0.8848484848484849,0.8436098229360117,0.5428145572544137,0.18862176360736807,59.64590964590965,59.756097560975604,0.36292799504008144,,preprocessed,real,0.0,0,0,1638,410
E-CommereShippingData,363632,2,10,47,plain,0.793469387755102,0.5926829268292683,0.5965346534653465,0.9836734693877551,0.7426810477657936,0.012121212121212121,0.8831136544833808,0.539080385947479,0.18753772578574104,59.64590964590965,59.756097560975604,0.3614378370111808,,preprocessed,real,0.0,0,0,1638,410
E-CommereShippingData,363632,2,10,47,mixed,0.7676808905380333,0.6365853658536585,0.647239263803681,0.8612244897959184,0.7390542907180385,0.30303030303030304,0.8692508205119771,0.5532099832986507,0.18995850476555423,59.64590964590965,59.756097560975604,0.3624799110693857,,preprocessed,real,0.0,0,0,1638,410
E-CommereShippingData,363632,2,10,47,curriculum,0.7814471243042671,0.7097560975609756,0.9144736842105263,0.5673469387755102,0.7002518891687658,0.9212121212121213,0.8765842112296166,0.5267846492624005,0.18162938071279894,59.64590964590965,59.756097560975604,0.36218443291727453,,preprocessed,real,0.0,0,0,1638,410
E-CommereShippingData,363632,2,10,48,plain,0.7723050173869845,0.6039119804400978,0.6035353535353535,0.9795081967213115,0.746875,0.048484848484848485,0.8702162313216079,0.5523387037813766,0.1933242020737583,59.670530811470414,59.65770171149144,0.36512306600343436,,preprocessed,real,0.0,0,0,1639,409
E-CommereShippingData,363632,2,10,48,mixed,0.7844883258817685,0.6503667481662592,0.6472303206997084,0.9098360655737705,0.7563884156729132,0.26666666666666666,0.8750266241833162,0.5644388749211264,0.19502442715053314,59.670530811470414,59.65770171149144,0.36635428003501147,,preprocessed,real,0.0,0,0,1639,409
E-CommereShippingData,363632,2,10,48,curriculum,0.7718082463984103,0.6968215158924206,0.9166666666666666,0.5409836065573771,0.6804123711340206,0.9272727272727272,0.8717556415585033,0.542427742763417,0.18801020513395914,59.670530811470414,59.65770171149144,0.36623527691699564,,preprocessed,real,0.0,0,0,1639,409
E-CommereShippingData,363632,2,10,49,plain,0.7409339294585195,0.60880195599022,0.6099476439790575,0.9549180327868853,0.744408945686901,0.09696969696969697,0.8523864972213326,0.554781530810871,0.1942484861532258,59.670530811470414,59.65770171149144,0.3659521030494943,,preprocessed,real,0.0,0,0,1639,409
E-CommereShippingData,363632,2,10,49,mixed,0.7037506209637356,0.6259168704156479,0.6630824372759857,0.7581967213114754,0.7074569789674953,0.4303030303030303,0.835344727918345,0.5691820466406805,0.19746332783227077,59.670530811470414,59.65770171149144,0.3672418160131201,,preprocessed,real,0.0,0,0,1639,409
E-CommereShippingData,363632,2,10,49,curriculum,0.7336562344759066,0.6821515892420538,0.9071428571428571,0.5204918032786885,0.6614583333333334,0.9212121212121213,0.8497573205132565,0.5469707682542749,0.18996453587389836,59.670530811470414,59.65770171149144,0.3668872920097783,,preprocessed,real,0.0,0,0,1639,409
hazelnut-spread-contaminant-detection,363674,2,30,0,plain,0.9000832837596668,0.8048780487804879,0.7934272300469484,0.824390243902439,0.8086124401913876,0.7853658536585366,0.8968334948674346,0.4201556839057586,0.13383182399360102,50.0,50.0,0.9852983899181709,,preprocessed,real,0.0,0,0,1638,410
hazelnut-spread-contaminant-detection,363674,2,30,0,mixed,0.894301011302796,0.7951219512195122,0.7713004484304933,0.8390243902439024,0.8037383177570093,0.751219512195122,0.8896461309868381,0.43200062565677977,0.13774262075561752,50.0,50.0,0.9893551530549303,,preprocessed,real,0.0,0,0,1638,410
hazelnut-spread-contaminant-detection,363674,2,30,0,curriculum,0.8903747769185009,0.8,0.7733333333333333,0.848780487804878,0.8093023255813954,0.751219512195122,0.8833889624791522,0.43478663124968264,0.13920377224694452,50.0,50.0,0.9919427209533751,,preprocessed,real,0.0,0,0,1638,410
hazelnut-spread-contaminant-detection,363674,2,30,1,plain,0.8923022010707913,0.8170731707317073,0.7850877192982456,0.8731707317073171,0.8267898383371824,0.7609756097560976,0.8872588139067921,0.4234501336609041,0.134702697561146,50.0,50.0,0.9894145720172673,,preprocessed,real,0.0,0,0,1638,410
hazelnut-spread-contaminant-detection,363674,2,30,1,mixed,0.8864485425342058,0.802439024390244,0.7605042016806722,0.8829268292682927,0.8171557562076749,0.7219512195121951,0.8811483313035466,0.44163818232965757,0.14112462785306037,50.0,50.0,0.9904534979723394,,preprocessed,real,0.0,0,0,1638,410
hazelnut-spread-contaminant-detection,363674,2,30,1,curriculum,0.8803093396787626,0.8,0.759493670886076,0.8780487804878049,0.8144796380090498,0.7219512195121951,0.8724027707926242,0.4450666418623346,0.1425724133436506,50.0,50.0,0.9901728669647127,,preprocessed,real,0.0,0,0,1638,410
hazelnut-spread-contaminant-detection,363674,2,30,2,plain,0.9024152290303391,0.8219512195121951,0.7972972972972973,0.8634146341463415,0.8290398126463701,0.7804878048780488,0.8880143640286342,0.4160089351637898,0.13073310479434164,50.0,50.0,0.9874775810167193,,preprocessed,real,0.0,0,0,1638,410
hazelnut-spread-contaminant-detection,363674,2,30,2,mixed,0.895728732897085,0.8146341463414634,0.776824034334764,0.8829268292682927,0.8264840182648402,0.7463414634146341,0.8771655411431523,0.4318768968445604,0.13643371808589316,50.0,50.0,0.9897374659776688,,preprocessed,real,0.0,0,0,1638,410
hazelnut-spread-contaminant-detection,363674,2,30,2,curriculum,0.8901368233194527,0.8146341463414634,0.7792207792207793,0.8780487804878049,0.8256880733944955,0.751219512195122,0.8699941742378811,0.4296104966648957,0.13603445319331603,50.0,50.0,0.9903976579662412,,preprocessed,real,0.0,0,0,1638,410
hazelnut-spread-contaminant-detection,363674,2,30,3,plain,0.9204447632711621,0.8410757946210269,0.8181818181818182,0.8780487804878049,0.8470588235294118,0.803921568627451,0.922352942913402,0.3997718302891647,0.1232073257862452,49.96949359365467,50.12224938875306,1.0037157329497859,,preprocessed,real,0.0,0,0,1639,409
hazelnut-spread-contaminant-detection,363674,2,30,3,mixed,0.9138211382113821,0.823960880195599,0.7903930131004366,0.8829268292682927,0.8341013824884793,0.7647058823529411,0.9156936213594287,0.42320707243374894,0.13209294682784092,49.96949359365467,50.12224938875306,1.004624382010661,,preprocessed,real,0.0,0,0,1639,409
hazelnut-spread-contaminant-detection,363674,2,30,3,curriculum,0.9091822094691535,0.8264058679706602,0.793859649122807,0.8829268292682927,0.836027713625866,0.7696078431372549,0.9120061523830123,0.4205200302172683,0.13207222037614477,49.96949359365467,50.12224938875306,1.0017296849982813,,preprocessed,real,0.0,0,0,1639,409
hazelnut-spread-contaminant-detection,363674,2,30,4,plain,0.9087278813964611,0.8288508557457213,0.8073394495412844,0.8627450980392157,0.8341232227488151,0.7951219512195122,0.8794055505613514,0.4085894173492682,0.12594588157074588,50.03050640634533,49.877750611246945,1.0025406889617443,,preprocessed,real,0.0,0,0,1639,409
hazelnut-spread-contaminant-detection,363674,2,30,4,mixed,0.9052845528455286,0.8117359413202934,0.777292576419214,0.8725490196078431,0.8221709006928406,0.751219512195122,0.8725958931530782,0.4254200734499777,0.13237876419737415,50.03050640634533,49.877750611246945,1.0030215929728001,,preprocessed,real,0.0,0,0,1639,409
hazelnut-spread-contaminant-detection,363674,2,30,4,curriculum,0.9016260162601625,0.8166259168704156,0.7841409691629956,0.8725490196078431,0.8259860788863109,0.7609756097560976,0.8689572533986045,0.42269915224579535,0.1319050592935636,50.03050640634533,49.877750611246945,1.0016152278985828,,preprocessed,real,0.0,0,0,1639,409
hazelnut-spread-contaminant-detection,363674,2,30,5,plain,0.8984176085663295,0.8170731707317073,0.7801724137931034,0.8829268292682927,0.8283752860411899,0.751219512195122,0.8893385598817817,0.4222531875762313,0.13339489047667136,50.0,50.0,0.9877275280887261,,preprocessed,real,0.0,0,0,1638,410
hazelnut-spread-contaminant-detection,363674,2,30,5,mixed,0.8898274836406901,0.7951219512195122,0.7489711934156379,0.8878048780487805,0.8125,0.7024390243902439,0.8770744079491976,0.4425538986666369,0.14123543600091878,50.0,50.0,0.9934712829999626,,preprocessed,real,0.0,0,0,1638,410
hazelnut-spread-contaminant-detection,363674,2,30,5,curriculum,0.8843783462224867,0.7975609756097561,0.7520661157024794,0.8878048780487805,0.814317673378076,0.7073170731707317,0.8679266266111221,0.4434989559091071,0.14180566233603614,50.0,50.0,0.9881591020384803,,preprocessed,real,0.0,0,0,1638,410
hazelnut-spread-contaminant-detection,363674,2,30,6,plain,0.9228554431885783,0.8414634146341463,0.8181818181818182,0.8780487804878049,0.8470588235294118,0.8048780487804879,0.9043433575346707,0.392828815252455,0.12031972799255067,50.0,50.0,0.989335999940522,,preprocessed,real,0.0,0,0,1638,410
hazelnut-spread-contaminant-detection,363674,2,30,6,mixed,0.9165972635336109,0.824390243902439,0.7903930131004366,0.8829268292682927,0.8341013824884793,0.7658536585365854,0.9001910191038328,0.4165772401265574,0.1292316498348549,50.0,50.0,0.9905407460173592,,preprocessed,real,0.0,0,0,1638,410
hazelnut-spread-contaminant-detection,363674,2,30,6,curriculum,0.9152171326591314,0.8195121951219512,0.7860262008733624,0.8780487804878049,0.8294930875576036,0.7609756097560976,0.8993446629715318,0.4105833462443741,0.12786865103930442,50.0,50.0,0.9893645850243047,,preprocessed,real,0.0,0,0,1638,410
hazelnut-spread-contaminant-detection,363674,2,30,7,plain,0.8926353361094587,0.8048780487804879,0.7802690582959642,0.848780487804878,0.8130841121495327,0.7609756097560976,0.8954881495981977,0.43227485691715256,0.1371259596211758,50.0,50.0,0.9907042849808931,,preprocessed,real,0.0,0,0,1638,410
hazelnut-spread-contaminant-detection,363674,2,30,7,mixed,0.8884235574063057,0.802439024390244,0.7649572649572649,0.8731707317073171,0.8154897494305239,0.7317073170731707,0.8872775819744827,0.4520928754766135,0.14375744684334577,50.0,50.0,0.9894472679588944,,preprocessed,real,0.0,0,0,1638,410
hazelnut-spread-contaminant-detection,363674,2,30,7,curriculum,0.8821415823914337,0.8121951219512196,0.7735042735042735,0.8829268292682927,0.8246013667425968,0.7414634146341463,0.8828394622287807,0.4564280628618963,0.14564120689035834,50.0,50.0,0.9919356299797073,,preprocessed,real,0.0,0,0,1638,410
hazelnut-spread-contaminant-detection,363674,2,30,8,plain,0.9230511716881874,0.8484107579462102,0.8356807511737089,0.8682926829268293,0.8516746411483254,0.8284313725490197,0.9078542242082916,0.386283249758211,0.11737561070591146,49.96949359365467,50.12224938875306,1.0025733869988471,,preprocessed,real,0.0,0,0,1639,409
hazelnut-spread-contaminant-detection,363674,2,30,8,mixed,0.920468675274988,0.8410757946210269,0.8125,0.8878048780487805,0.8484848484848485,0.7941176470588235,0.9039217462992994,0.4019978163689558,0.1232336988760738,49.96949359365467,50.12224938875306,1.0061401879647747,,preprocessed,real,0.0,0,0,1639,409
hazelnut-spread-contaminant-detection,363674,2,30,8,curriculum,0.9161406025824963,0.843520782396088,0.8133333333333334,0.8926829268292683,0.8511627906976744,0.7941176470588235,0.8963579678663541,0.3985160333711222,0.12250955809476123,49.96949359365467,50.12224938875306,1.0024604790378362,,preprocessed,real,0.0,0,0,1639,409
hazelnut-spread-contaminant-detection,363674,2,30,9,plain,0.8865614538498326,0.7995110024449877,0.7798165137614679,0.8333333333333334,0.8056872037914692,0.7658536585365854,0.8723379305967164,0.4307831533555721,0.13760188275728907,50.03050640634533,49.877750611246945,1.0050363559275866,,preprocessed,real,0.0,0,0,1639,409
hazelnut-spread-contaminant-detection,363674,2,30,9,mixed,0.8796508847441415,0.8019559902200489,0.7782805429864253,0.8431372549019608,0.8094117647058824,0.7609756097560976,0.8587409775314483,0.44165250417153135,0.1409628180771576,50.03050640634533,49.877750611246945,1.0031046000076458,,preprocessed,real,0.0,0,0,1639,409
hazelnut-spread-contaminant-detection,363674,2,30,9,curriculum,0.8721903395504543,0.7995110024449877,0.7723214285714286,0.8480392156862745,0.8084112149532711,0.751219512195122,0.8517948721130838,0.44469671853024534,0.14275134343892174,50.03050640634533,49.877750611246945,1.0024804839631543,,preprocessed,real,0.0,0,0,1639,409
hazelnut-spread-contaminant-detection,363674,2,30,10,plain,0.8913265913146936,0.8146341463414634,0.7816593886462883,0.8731707317073171,0.8248847926267281,0.7560975609756098,0.8682498224185302,0.4250841682791173,0.13434736074849052,50.0,50.0,0.9884362570010126,,preprocessed,real,0.0,0,0,1638,410
hazelnut-spread-contaminant-detection,363674,2,30,10,mixed,0.883807257584771,0.8073170731707318,0.7625,0.8926829268292683,0.8224719101123595,0.7219512195121951,0.8603138422309784,0.4428202156481867,0.14128861759319294,50.0,50.0,0.9935353560140356,,preprocessed,real,0.0,0,0,1638,410
hazelnut-spread-contaminant-detection,363674,2,30,10,curriculum,0.8821415823914336,0.8121951219512196,0.7666666666666667,0.8975609756097561,0.8269662921348314,0.7268292682926829,0.8560355339582989,0.4399469824825137,0.14061859963046386,50.0,50.0,0.9900845610536635,,preprocessed,real,0.0,0,0,1638,410
hazelnut-spread-contaminant-detection,363674,2,30,11,plain,0.9119571683521713,0.8341463414634146,0.8127853881278538,0.8682926829268293,0.839622641509434,0.8,0.8935667690042105,0.4024940062680833,0.12468542865505063,50.0,50.0,0.9889654469443485,,preprocessed,real,0.0,0,0,1638,410
hazelnut-spread-contaminant-detection,363674,2,30,11,mixed,0.9059369422962522,0.8195121951219512,0.7811158798283262,0.8878048780487805,0.8310502283105022,0.751219512195122,0.8827639622355828,0.4197172188890959,0.1312298862752906,50.0,50.0,0.9919462390244007,,preprocessed,real,0.0,0,0,1638,410
hazelnut-spread-contaminant-detection,363674,2,30,11,curriculum,0.9006305770374777,0.8121951219512196,0.7758620689655172,0.8780487804878049,0.8237986270022883,0.7463414634146341,0.8764321233735242,0.41807259489709037,0.13129808801801202,50.0,50.0,0.9903372410917655,,preprocessed,real,0.0,0,0,1638,410
hazelnut-spread-contaminant-detection,363674,2,30,12,plain,0.9234979179060083,0.8414634146341463,0.8153153153153153,0.8829268292682927,0.8477751756440282,0.8,0.9233309232932265,0.39340110359123803,0.12034315771788495,50.0,50.0,0.9917885100003332,,preprocessed,real,0.0,0,0,1638,410
hazelnut-spread-contaminant-detection,363674,2,30,12,mixed,0.9188816180844736,0.8365853658536585,0.8026315789473685,0.8926829268292683,0.8452655889145496,0.7804878048780488,0.9176216692765511,0.4147057068841814,0.12797191812033243,50.0,50.0,0.9910909499740228,,preprocessed,real,0.0,0,0,1638,410
hazelnut-spread-contaminant-detection,363674,2,30,12,curriculum,0.9117906008328376,0.8317073170731707,0.7982456140350878,0.8878048780487805,0.8406466512702079,0.775609756097561,0.9070960554428665,0.41246969442429693,0.12774050208666315,50.0,50.0,0.9919764519436285,,preprocessed,real,0.0,0,0,1638,410
hazelnut-spread-contaminant-detection,363674,2,30,13,plain,0.900573888091822,0.8068459657701712,0.7916666666666666,0.8341463414634146,0.8123515439429929,0.7794117647058824,0.8985319252336122,0.4154308141560606,0.13163373747399712,49.96949359365467,50.12224938875306,1.0052377119427547,,preprocessed,real,0.0,0,0,1639,409
hazelnut-spread-contaminant-detection,363674,2,30,13,mixed,0.8995934959349594,0.8019559902200489,0.7844036697247706,0.8341463414634146,0.8085106382978723,0.7696078431372549,0.8956841132005476,0.4250106506021952,0.13454236098745492,49.96949359365467,50.12224938875306,1.0047553130425513,,preprocessed,real,0.0,0,0,1639,409
hazelnut-spread-contaminant-detection,363674,2,30,13,curriculum,0.8883309421329507,0.7970660146699267,0.7772727272727272,0.8341463414634146,0.8047058823529412,0.7598039215686274,0.8865037422205897,0.4322927063800443,0.13789601831900133,49.96949359365467,50.12224938875306,1.002374567091465,,preprocessed,real,0.0,0,0,1639,409
hazelnut-spread-contaminant-detection,363674,2,30,14,plain,0.8963414634146342,0.8092909535452323,0.78125,0.8578431372549019,0.8177570093457944,0.7609756097560976,0.8924458781228477,0.4267502054876292,0.13516188354684788,50.03050640634533,49.877750611246945,1.0044941590167582,,preprocessed,real,0.0,0,0,1639,409
hazelnut-spread-contaminant-detection,363674,2,30,14,mixed,0.8891200382592062,0.7995110024449877,0.7563025210084033,0.8823529411764706,0.8144796380090498,0.7170731707317073,0.8828500115557939,0.4478036924071118,0.14280316759163555,50.03050640634533,49.877750611246945,1.0025565120158717,,preprocessed,real,0.0,0,0,1639,409
hazelnut-spread-contaminant-detection,363674,2,30,14,curriculum,0.887661406025825,0.8019559902200489,0.759493670886076,0.8823529411764706,0.8163265306122449,0.7219512195121951,0.8832665085463596,0.44679499099456993,0.14272397577261636,50.03050640634533,49.877750611246945,1.0025865120114759,,preprocessed,real,0.0,0,0,1639,409
hazelnut-spread-contaminant-detection,363674,2,30,15,plain,0.888518738845925,0.802439024390244,0.7924528301886793,0.8195121951219512,0.8057553956834532,0.7853658536585366,0.8783023653521456,0.4378705966456428,0.1401567978969101,50.0,50.0,0.9888537760125473,,preprocessed,real,0.0,0,0,1638,410
hazelnut-spread-contaminant-detection,363674,2,30,15,mixed,0.8817132659131469,0.7926829268292683,0.7727272727272727,0.8292682926829268,0.8,0.7560975609756098,0.8661760042686952,0.44993454132769883,0.14486721691666474,50.0,50.0,0.9929970880039036,,preprocessed,real,0.0,0,0,1638,410
hazelnut-spread-contaminant-detection,363674,2,30,15,curriculum,0.8810232004759071,0.7951219512195122,0.7737556561085973,0.8341463414634146,0.8028169014084507,0.7560975609756098,0.867173904962292,0.4469599809396752,0.14395014785212648,50.0,50.0,0.9899363230215386,,preprocessed,real,0.0,0,0,1638,410
hazelnut-spread-contaminant-detection,363674,2,30,16,plain,0.9144794765020821,0.8146341463414634,0.7841409691629956,0.8682926829268293,0.8240740740740741,0.7609756097560976,0.9193042287415323,0.41307610297644776,0.12897716815034121,50.0,50.0,0.9865100239403546,,preprocessed,real,0.0,0,0,1638,410
hazelnut-spread-contaminant-detection,363674,2,30,16,mixed,0.9113860797144556,0.8170731707317073,0.773109243697479,0.8975609756097561,0.8306997742663657,0.7365853658536585,0.9182213462994275,0.4361300273305517,0.13755965034647538,50.0,50.0,0.9946868929546326,,preprocessed,real,0.0,0,0,1638,410
hazelnut-spread-contaminant-detection,363674,2,30,16,curriculum,0.9001070791195717,0.8121951219512196,0.7666666666666667,0.8975609756097561,0.8269662921348314,0.7268292682926829,0.9035031445126414,0.4384186918654668,0.13871058417735727,50.0,50.0,0.9898927640169859,,preprocessed,real,0.0,0,0,1638,410
hazelnut-spread-contaminant-detection,363674,2,30,17,plain,0.9079119571683522,0.8268292682926829,0.7913043478260869,0.8878048780487805,0.8367816091954023,0.7658536585365854,0.8804749412612908,0.3968560357417505,0.12262749105566675,50.0,50.0,0.9897748640505597,,preprocessed,real,0.0,0,0,1638,410
hazelnut-spread-contaminant-detection,363674,2,30,17,mixed,0.9028911362284355,0.8219512195121951,0.7796610169491526,0.8975609756097561,0.8344671201814059,0.7463414634146341,0.8689023298396092,0.4119279859961315,0.1281787123617776,50.0,50.0,0.9874348730081692,,preprocessed,real,0.0,0,0,1638,410
hazelnut-spread-contaminant-detection,363674,2,30,17,curriculum,0.8969422962522308,0.8170731707317073,0.7754237288135594,0.8926829268292683,0.8299319727891157,0.7414634146341463,0.8653091783908661,0.4113167778442845,0.12889557499637994,50.0,50.0,0.9887211190070957,,preprocessed,real,0.0,0,0,1638,410
hazelnut-spread-contaminant-detection,363674,2,30,18,plain,0.9041846006695361,0.8166259168704156,0.8009259259259259,0.8439024390243902,0.8218527315914489,0.7892156862745098,0.8901588939675493,0.4164584097310769,0.13087562904889546,49.96949359365467,50.12224938875306,1.005152703030035,,preprocessed,real,0.0,0,0,1639,409
hazelnut-spread-contaminant-detection,363674,2,30,18,mixed,0.8977522716403635,0.7970660146699267,0.7675438596491229,0.8536585365853658,0.8083140877598153,0.7401960784313726,0.8840651298230252,0.4373428159324642,0.13814554325600917,49.96949359365467,50.12224938875306,1.0081520800013095,,preprocessed,real,0.0,0,0,1639,409
hazelnut-spread-contaminant-detection,363674,2,30,18,curriculum,0.8942132950741272,0.7970660146699267,0.7675438596491229,0.8536585365853658,0.8083140877598153,0.7401960784313726,0.8763902419910157,0.43585196582396907,0.13795162205751949,49.96949359365467,50.12224938875306,1.00513071694877,,preprocessed,real,0.0,0,0,1639,409
hazelnut-spread-contaminant-detection,363674,2,30,19,plain,0.9092061214729794,0.8386308068459658,0.8136363636363636,0.8774509803921569,0.8443396226415094,0.8,0.9030780872801152,0.4036745380767921,0.1252255668371098,50.03050640634533,49.877750611246945,1.0028069959953427,,preprocessed,real,0.0,0,0,1639,409
hazelnut-spread-contaminant-detection,363674,2,30,19,mixed,0.9036107125777141,0.8386308068459658,0.7974137931034483,0.9068627450980392,0.8486238532110092,0.7707317073170732,0.8972196066128479,0.42059889683841745,0.1313587503385888,50.03050640634533,49.877750611246945,1.0033121120650321,,preprocessed,real,0.0,0,0,1639,409
hazelnut-spread-contaminant-detection,363674,2,30,19,curriculum,0.8975370636059301,0.8361858190709046,0.7939914163090128,0.9068627450980392,0.8466819221967964,0.7658536585365854,0.8889798383378338,0.4212539624649356,0.1323159585723238,50.03050640634533,49.877750611246945,1.0028927139937878,,preprocessed,real,0.0,0,0,1639,409
hazelnut-spread-contaminant-detection,363674,2,30,20,plain,0.8986793575252826,0.824390243902439,0.7903930131004366,0.8829268292682927,0.8341013824884793,0.7658536585365854,0.8724741654832527,0.4134888717606654,0.12933109571701426,50.0,50.0,0.9918880420736969,,preprocessed,real,0.0,0,0,1638,410
hazelnut-spread-contaminant-detection,363674,2,30,20,mixed,0.8902795954788816,0.8146341463414634,0.774468085106383,0.8878048780487805,0.8272727272727273,0.7414634146341463,0.8581440919420353,0.4300990570258917,0.13524917197150493,50.0,50.0,0.991301913978532,,preprocessed,real,0.0,0,0,1638,410
hazelnut-spread-contaminant-detection,363674,2,30,20,curriculum,0.8864723378941106,0.8146341463414634,0.7721518987341772,0.8926829268292683,0.8280542986425339,0.7365853658536585,0.8548251665260708,0.4277475419582666,0.1350453460905717,50.0,50.0,0.9932671919232234,,preprocessed,real,0.0,0,0,1638,410
hazelnut-spread-contaminant-detection,363674,2,30,21,plain,0.908602022605592,0.8195121951219512,0.7860262008733624,0.8780487804878049,0.8294930875576036,0.7609756097560976,0.9030575876999768,0.40368454214466976,0.12645324394438137,50.0,50.0,0.9897132139885798,,preprocessed,real,0.0,0,0,1638,410
hazelnut-spread-contaminant-detection,363674,2,30,21,mixed,0.902819750148721,0.8146341463414634,0.774468085106383,0.8878048780487805,0.8272727272727273,0.7414634146341463,0.894530465612865,0.4204462761634143,0.1321189080122081,50.0,50.0,0.994441493996419,,preprocessed,real,0.0,0,0,1638,410
hazelnut-spread-contaminant-detection,363674,2,30,21,curriculum,0.9015585960737655,0.8097560975609757,0.7725321888412017,0.8780487804878049,0.821917808219178,0.7414634146341463,0.8945796312094042,0.41789540505613854,0.1317723603160095,50.0,50.0,0.9904359499923885,,preprocessed,real,0.0,0,0,1638,410
hazelnut-spread-contaminant-detection,363674,2,30,22,plain,0.9032480666270077,0.8195121951219512,0.7990867579908676,0.8536585365853658,0.8254716981132075,0.7853658536585366,0.8816038876146199,0.4145474421500894,0.1299895428594097,50.0,50.0,0.9883287060074508,,preprocessed,real,0.0,0,0,1638,410
hazelnut-spread-contaminant-detection,363674,2,30,22,mixed,0.8970374776918502,0.8073170731707318,0.7739130434782608,0.8682926829268293,0.8183908045977012,0.7463414634146341,0.8728841387225961,0.434452243272968,0.13691122609825723,50.0,50.0,0.993394490913488,,preprocessed,real,0.0,0,0,1638,410
hazelnut-spread-contaminant-detection,363674,2,30,22,curriculum,0.8895181439619274,0.8097560975609757,0.7725321888412017,0.8780487804878049,0.821917808219178,0.7414634146341463,0.8624509049573543,0.43516122816781844,0.13790024457341743,50.0,50.0,0.9902558070607483,,preprocessed,real,0.0,0,0,1638,410
hazelnut-spread-contaminant-detection,363674,2,30,23,plain,0.8970827355332376,0.8141809290953546,0.8056872037914692,0.8292682926829268,0.8173076923076923,0.7990196078431373,0.9021636239629305,0.4321501713424303,0.13643907759347002,49.96949359365467,50.12224938875306,1.0031841999152675,,preprocessed,real,0.0,0,0,1639,409
hazelnut-spread-contaminant-detection,363674,2,30,23,mixed,0.8896700143472024,0.80440097799511,0.7777777777777778,0.8536585365853658,0.813953488372093,0.7549019607843137,0.8949522409709012,0.45078661835600925,0.14404051919556657,49.96949359365467,50.12224938875306,1.0038126379949972,,preprocessed,real,0.0,0,0,1639,409
hazelnut-spread-contaminant-detection,363674,2,30,23,curriculum,0.882520325203252,0.8092909535452323,0.7873303167420814,0.848780487804878,0.8169014084507042,0.7696078431372549,0.8858148248431977,0.4551387762648764,0.14563095396061554,49.96949359365467,50.12224938875306,1.0007319130236283,,preprocessed,real,0.0,0,0,1639,409
hazelnut-spread-contaminant-detection,363674,2,30,24,plain,0.9130798660927786,0.8312958435207825,0.8082191780821918,0.8676470588235294,0.8368794326241135,0.7951219512195122,0.908672115123379,0.40426570903836007,0.12586922507217502,50.03050640634533,49.877750611246945,1.0027966509805992,,preprocessed,real,0.0,0,0,1639,409
hazelnut-spread-contaminant-detection,363674,2,30,24,mixed,0.9093735054997609,0.8117359413202934,0.7679324894514767,0.8921568627450981,0.8253968253968254,0.7317073170731707,0.9016720518504973,0.42027230950965544,0.13194923956850654,50.03050640634533,49.877750611246945,1.0015683509409428,,preprocessed,real,0.0,0,0,1639,409
hazelnut-spread-contaminant-detection,363674,2,30,24,curriculum,0.905428024868484,0.8092909535452323,0.7669491525423728,0.8872549019607843,0.8227272727272728,0.7317073170731707,0.8980698757612089,0.4171945640127447,0.131302549342784,50.03050640634533,49.877750611246945,1.0012578750029206,,preprocessed,real,0.0,0,0,1639,409
hazelnut-spread-contaminant-detection,363674,2,30,25,plain,0.9167876264128495,0.8341463414634146,0.8044444444444444,0.8829268292682927,0.8418604651162791,0.7853658536585366,0.8955828484219761,0.4029902520535591,0.124191270367486,50.0,50.0,0.9889686210080981,,preprocessed,real,0.0,0,0,1638,410
hazelnut-spread-contaminant-detection,363674,2,30,25,mixed,0.9141701368233195,0.8317073170731707,0.7931034482758621,0.8975609756097561,0.8421052631578947,0.7658536585365854,0.8940730065139812,0.41679822360327046,0.12919341870519466,50.0,50.0,0.9924862920306623,,preprocessed,real,0.0,0,0,1638,410
hazelnut-spread-contaminant-detection,363674,2,30,25,curriculum,0.9084116597263533,0.8365853658536585,0.7974137931034483,0.9024390243902439,0.8466819221967964,0.7707317073170732,0.8885137595560848,0.41392992777202225,0.12900679545186425,50.0,50.0,0.9903106460114941,,preprocessed,real,0.0,0,0,1638,410
hazelnut-spread-contaminant-detection,363674,2,30,26,plain,0.9075788221296847,0.8390243902439024,0.817351598173516,0.8731707317073171,0.8443396226415094,0.8048780487804879,0.9002142235842925,0.4106352153445792,0.12703546191620754,50.0,50.0,0.9928270119708031,,preprocessed,real,0.0,0,0,1638,410
hazelnut-spread-contaminant-detection,363674,2,30,26,mixed,0.9019631171921475,0.8268292682926829,0.7887931034482759,0.8926829268292683,0.8375286041189931,0.7609756097560976,0.894729570345409,0.4345400560789435,0.1357273994043449,50.0,50.0,0.9920116780558601,,preprocessed,real,0.0,0,0,1638,410
hazelnut-spread-contaminant-detection,363674,2,30,26,curriculum,0.8932064247471743,0.8219512195121951,0.7844827586206896,0.8878048780487805,0.8329519450800915,0.7560975609756098,0.8829321342639234,0.4347418372316256,0.13641776487514648,50.0,50.0,0.9921110130380839,,preprocessed,real,0.0,0,0,1638,410
hazelnut-spread-contaminant-detection,363674,2,30,27,plain,0.8899226650803094,0.8097560975609757,0.7981220657276995,0.8292682926829268,0.8133971291866029,0.7902439024390244,0.8729066921596792,0.4321827441723054,0.13809749730080187,50.0,50.0,0.9896726079750806,,preprocessed,real,0.0,0,0,1638,410
hazelnut-spread-contaminant-detection,363674,2,30,27,mixed,0.8834265318262939,0.8,0.7782805429864253,0.8390243902439024,0.8075117370892019,0.7609756097560976,0.8673101812786773,0.44780413917886913,0.14410783942613303,50.0,50.0,0.9947255949955434,,preprocessed,real,0.0,0,0,1638,410
hazelnut-spread-contaminant-detection,363674,2,30,27,curriculum,0.8765258774538965,0.7853658536585366,0.7647058823529411,0.824390243902439,0.7934272300469484,0.7463414634146341,0.8588716457286246,0.45306983382499033,0.14621440514367437,50.0,50.0,0.9927702890709043,,preprocessed,real,0.0,0,0,1638,410
hazelnut-spread-contaminant-detection,363674,2,30,28,plain,0.8955284552845528,0.8019559902200489,0.7897196261682243,0.824390243902439,0.8066825775656324,0.7794117647058824,0.8919555080376427,0.4218826215935132,0.13467518395767877,49.96949359365467,50.12224938875306,0.9995224529411644,,preprocessed,real,0.0,0,0,1639,409
hazelnut-spread-contaminant-detection,363674,2,30,28,mixed,0.8851028216164514,0.7897310513447433,0.7644444444444445,0.8390243902439024,0.8,0.7401960784313726,0.8737460389636549,0.43783920944429394,0.1402914279237525,49.96949359365467,50.12224938875306,1.0035375580191612,,preprocessed,real,0.0,0,0,1639,409
hazelnut-spread-contaminant-detection,363674,2,30,28,curriculum,0.8808703969392635,0.7921760391198044,0.7654867256637168,0.8439024390243902,0.802784222737819,0.7401960784313726,0.8728674137308162,0.43976005484464753,0.14151697305563143,49.96949359365467,50.12224938875306,1.0006187700200826,,preprocessed,real,0.0,0,0,1639,409
hazelnut-spread-contaminant-detection,363674,2,30,29,plain,0.9169775227164035,0.8190709046454768,0.7708333333333334,0.9068627450980392,0.8333333333333334,0.7317073170731707,0.9121715034379112,0.39921548461653494,0.12363126268673823,50.03050640634533,49.877750611246945,1.000829958007671,,preprocessed,real,0.0,0,0,1639,409
hazelnut-spread-contaminant-detection,363674,2,30,29,mixed,0.9110473457675753,0.8166259168704156,0.763265306122449,0.9166666666666666,0.8329621380846325,0.7170731707317073,0.9040600409118245,0.41823170231111173,0.13054679845683262,50.03050640634533,49.877750611246945,1.0012021029833704,,preprocessed,real,0.0,0,0,1639,409
hazelnut-spread-contaminant-detection,363674,2,30,29,curriculum,0.911453849832616,0.8190709046454768,0.7642276422764228,0.9215686274509803,0.8355555555555556,0.7170731707317073,0.9024031069165832,0.4109462661174883,0.12815347754320564,50.03050640634533,49.877750611246945,1.0008543360745534,,preprocessed,real,0.0,0,0,1639,409
hazelnut-spread-contaminant-detection,363674,2,30,30,plain,0.9275669244497323,0.8512195121951219,0.8333333333333334,0.8780487804878049,0.8551068883610451,0.824390243902439,0.9284374304441102,0.39086866124130737,0.11913478778941584,50.0,50.0,1.0001652379287407,,preprocessed,real,0.0,0,0,1638,410
hazelnut-spread-contaminant-detection,363674,2,30,30,mixed,0.9265199286139203,0.8414634146341463,0.8181818181818182,0.8780487804878049,0.8470588235294118,0.8048780487804879,0.9252286372270316,0.40705093489854266,0.12457391970951423,50.0,50.0,0.9918100349605083,,preprocessed,real,0.0,0,0,1638,410
hazelnut-spread-contaminant-detection,363674,2,30,30,curriculum,0.9226412849494349,0.8439024390243902,0.8190045248868778,0.8829268292682927,0.8497652582159625,0.8048780487804879,0.9225731908246386,0.4017452504922596,0.12322676864467273,50.0,50.0,0.9910775609314442,,preprocessed,real,0.0,0,0,1638,410
hazelnut-spread-contaminant-detection,363674,2,30,31,plain,0.8867578822129685,0.802439024390244,0.7818181818181819,0.8390243902439024,0.8094117647058824,0.7658536585365854,0.8662887565846381,0.43386204627527586,0.13861153273886298,50.0,50.0,0.9889397639781237,,preprocessed,real,0.0,0,0,1638,410
hazelnut-spread-contaminant-detection,363674,2,30,31,mixed,0.8785960737656157,0.7951219512195122,0.7619047619047619,0.8585365853658536,0.8073394495412844,0.7317073170731707,0.8556790309683355,0.4494315364426885,0.14451531138099047,50.0,50.0,0.9945856590056792,,preprocessed,real,0.0,0,0,1638,410
hazelnut-spread-contaminant-detection,363674,2,30,31,curriculum,0.8719095776323618,0.7951219512195122,0.759656652360515,0.8634146341463415,0.8082191780821918,0.7268292682926829,0.8468284482496053,0.4517093076189929,0.14614006044085806,50.0,50.0,0.9894085939740762,,preprocessed,real,0.0,0,0,1638,410
hazelnut-spread-contaminant-detection,363674,2,30,32,plain,0.923545508625818,0.8268292682926829,0.7887931034482759,0.8926829268292683,0.8375286041189931,0.7609756097560976,0.9224940127498866,0.39898240483051717,0.12222419729666344,50.0,50.0,0.9898936490062624,,preprocessed,real,0.0,0,0,1638,410
hazelnut-spread-contaminant-detection,363674,2,30,32,mixed,0.9185960737656156,0.8268292682926829,0.7791666666666667,0.9121951219512195,0.8404494382022472,0.7414634146341463,0.9172073562683453,0.4218760061758785,0.13057058761588272,50.0,50.0,0.9903452679282054,,preprocessed,real,0.0,0,0,1638,410
hazelnut-spread-contaminant-detection,363674,2,30,32,curriculum,0.9146936347412256,0.8292682926829268,0.7824267782426778,0.9121951219512195,0.8423423423423423,0.7463414634146341,0.9128247280204156,0.4193647565097538,0.13016957235946527,50.0,50.0,0.9905182590009645,,preprocessed,real,0.0,0,0,1638,410
hazelnut-spread-contaminant-detection,363674,2,30,33,plain,0.8980631276901004,0.80440097799511,0.775330396475771,0.8585365853658536,0.8148148148148148,0.75,0.8936417083317323,0.41612224923294666,0.13251584243371006,49.96949359365467,50.12224938875306,0.9994446580531076,,preprocessed,real,0.0,0,0,1639,409
hazelnut-spread-contaminant-detection,363674,2,30,33,mixed,0.8916786226685797,0.7921760391198044,0.75,0.8780487804878049,0.8089887640449438,0.7058823529411765,0.8897417121111828,0.43405728303420776,0.13917925995064392,49.96949359365467,50.12224938875306,1.0017598409904167,,preprocessed,real,0.0,0,0,1639,409
hazelnut-spread-contaminant-detection,363674,2,30,33,curriculum,0.8820899091343855,0.7946210268948656,0.7531380753138075,0.8780487804878049,0.8108108108108109,0.7107843137254902,0.876148995677587,0.4393974948397653,0.1419808132524717,49.96949359365467,50.12224938875306,1.0000040859449655,,preprocessed,real,0.0,0,0,1639,409
hazelnut-spread-contaminant-detection,363674,2,30,34,plain,0.8882113821138211,0.8092909535452323,0.8,0.8235294117647058,0.8115942028985508,0.7951219512195122,0.8564621597925286,0.43258553322698684,0.1376386321154993,50.03050640634533,49.877750611246945,1.002197265974246,,preprocessed,real,0.0,0,0,1639,409
hazelnut-spread-contaminant-detection,363674,2,30,34,mixed,0.8799617407938786,0.7921760391198044,0.771689497716895,0.8284313725490197,0.7990543735224587,0.7560975609756098,0.8430568613976609,0.4461411504946646,0.14237481398112112,50.03050640634533,49.877750611246945,1.0016752099618316,,preprocessed,real,0.0,0,0,1639,409
hazelnut-spread-contaminant-detection,363674,2,30,34,curriculum,0.877714012434242,0.7946210268948656,0.7727272727272727,0.8333333333333334,0.8018867924528302,0.7560975609756098,0.842223434876839,0.4447728011567738,0.1418348342625295,50.03050640634533,49.877750611246945,1.000944814994,,preprocessed,real,0.0,0,0,1639,409
hazelnut-spread-contaminant-detection,363674,2,30,35,plain,0.9061273051754908,0.8390243902439024,0.8088888888888889,0.8878048780487805,0.8465116279069768,0.7902439024390244,0.8990702503125821,0.4118398145552786,0.12743119187020974,50.0,50.0,0.9884684119606391,,preprocessed,real,0.0,0,0,1638,410
hazelnut-spread-contaminant-detection,363674,2,30,35,mixed,0.8992980368828078,0.8341463414634146,0.7965367965367965,0.8975609756097561,0.8440366972477065,0.7707317073170732,0.8882197220791566,0.4330806105106478,0.1351055508581825,50.0,50.0,0.9936106969835237,,preprocessed,real,0.0,0,0,1638,410
hazelnut-spread-contaminant-detection,363674,2,30,35,curriculum,0.8955383700178465,0.8317073170731707,0.7956521739130434,0.8926829268292683,0.8413793103448276,0.7707317073170732,0.889133334866504,0.43036931772155923,0.1345809889866383,50.0,50.0,0.9884545468958095,,preprocessed,real,0.0,0,0,1638,410
hazelnut-spread-contaminant-detection,363674,2,30,36,plain,0.9040333135038667,0.8219512195121951,0.8267326732673267,0.8146341463414634,0.8206388206388207,0.8292682926829268,0.8855376045497085,0.41064565937881375,0.12855563821239976,50.0,50.0,0.989590464043431,,preprocessed,real,0.0,0,0,1638,410
hazelnut-spread-contaminant-detection,363674,2,30,36,mixed,0.8963712076145152,0.8219512195121951,0.8113207547169812,0.8390243902439024,0.8249400479616307,0.8048780487804879,0.8724490162251151,0.42652349603229683,0.13445523282936808,50.0,50.0,0.9911870289361104,,preprocessed,real,0.0,0,0,1638,410
hazelnut-spread-contaminant-detection,363674,2,30,36,curriculum,0.8926115407495538,0.8219512195121951,0.8084112149532711,0.8439024390243902,0.8257756563245824,0.8,0.8685349363009601,0.42665405650440924,0.13473051206100237,50.0,50.0,0.9925939299864694,,preprocessed,real,0.0,0,0,1638,410
hazelnut-spread-contaminant-detection,363674,2,30,37,plain,0.887471743010113,0.8048780487804879,0.7729257641921398,0.8634146341463415,0.815668202764977,0.7463414634146341,0.8663817659522628,0.4287426622645129,0.13708814780849232,50.0,50.0,0.991376071004197,,preprocessed,real,0.0,0,0,1638,410
hazelnut-spread-contaminant-detection,363674,2,30,37,mixed,0.8836168947055325,0.7878048780487805,0.7458333333333333,0.8731707317073171,0.8044943820224719,0.7024390243902439,0.8609797100159311,0.4413465672313181,0.14137820743910595,50.0,50.0,0.991111765964888,,preprocessed,real,0.0,0,0,1638,410
hazelnut-spread-contaminant-detection,363674,2,30,37,curriculum,0.8766924449732303,0.7902439024390244,0.7468879668049793,0.8780487804878049,0.8071748878923767,0.7024390243902439,0.8550756534900358,0.4439237642632252,0.14297909529712266,50.0,50.0,0.9944236660376191,,preprocessed,real,0.0,0,0,1638,410
hazelnut-spread-contaminant-detection,363674,2,30,38,plain,0.9230272596843616,0.8386308068459658,0.8088888888888889,0.8878048780487805,0.8465116279069768,0.7892156862745098,0.9234222325102664,0.3918796282989109,0.12073507938884936,49.96949359365467,50.12224938875306,1.0043771469499916,,preprocessed,real,0.0,0,0,1639,409
hazelnut-spread-contaminant-detection,363674,2,30,38,mixed,0.9175992348158776,0.8264058679706602,0.7887931034482759,0.8926829268292683,0.8375286041189931,0.7598039215686274,0.9185113712575509,0.41051011690641714,0.1275776729627097,49.96949359365467,50.12224938875306,1.0061095210257918,,preprocessed,real,0.0,0,0,1639,409
hazelnut-spread-contaminant-detection,363674,2,30,38,curriculum,0.911716881874701,0.823960880195599,0.7854077253218884,0.8926829268292683,0.8356164383561644,0.7549019607843137,0.9099303947955807,0.4097496963271617,0.12771744652423686,49.96949359365467,50.12224938875306,1.0046686959685758,,preprocessed,real,0.0,0,0,1639,409
hazelnut-spread-contaminant-detection,363674,2,30,39,plain,0.9074366331898613,0.8141809290953546,0.7831858407079646,0.8676470588235294,0.8232558139534883,0.7609756097560976,0.903884475000348,0.417383356730884,0.13131274771653687,50.03050640634533,49.877750611246945,1.002282940899022,,preprocessed,real,0.0,0,0,1639,409
hazelnut-spread-contaminant-detection,363674,2,30,39,mixed,0.9027498804399808,0.7946210268948656,0.7542372881355932,0.8725490196078431,0.8090909090909091,0.7170731707317073,0.9025164608086778,0.43486656820925734,0.13791367213463007,50.03050640634533,49.877750611246945,1.0016653509810567,,preprocessed,real,0.0,0,0,1639,409
hazelnut-spread-contaminant-detection,363674,2,30,39,curriculum,0.8958871353419415,0.7970660146699267,0.7574468085106383,0.8725490196078431,0.8109339407744874,0.7219512195121951,0.8903423548828222,0.4345556112944566,0.1386007963328113,50.03050640634533,49.877750611246945,1.0000863630557433,,preprocessed,real,0.0,0,0,1639,409
hazelnut-spread-contaminant-detection,363674,2,30,40,plain,0.8943961927424152,0.824390243902439,0.7929515418502202,0.8780487804878049,0.8333333333333334,0.7707317073170732,0.8798693638439855,0.42026646331576156,0.1322228705771025,50.0,50.0,0.9882988720200956,,preprocessed,real,0.0,0,0,1638,410
hazelnut-spread-contaminant-detection,363674,2,30,40,mixed,0.8906603212373587,0.8097560975609757,0.7725321888412017,0.8780487804878049,0.821917808219178,0.7414634146341463,0.87216134005613,0.43316839052097195,0.136953426489695,50.0,50.0,0.9878833020338789,,preprocessed,real,0.0,0,0,1638,410
hazelnut-spread-contaminant-detection,363674,2,30,40,curriculum,0.8811183819155265,0.8097560975609757,0.7725321888412017,0.8780487804878049,0.821917808219178,0.7414634146341463,0.864194656243077,0.43837081034010167,0.13906679268339064,50.0,50.0,0.9899097920861095,,preprocessed,real,0.0,0,0,1638,410
hazelnut-spread-contaminant-detection,363674,2,30,41,plain,0.9160499702558002,0.8414634146341463,0.8333333333333334,0.8536585365853658,0.8433734939759037,0.8292682926829268,0.8871098179437228,0.39182060762691096,0.11979462001168006,50.0,50.0,0.9905715320492163,,preprocessed,real,0.0,0,0,1638,410
hazelnut-spread-contaminant-detection,363674,2,30,41,mixed,0.9115526472337894,0.8390243902439024,0.8232558139534883,0.8634146341463415,0.8428571428571429,0.8146341463414634,0.8816781254672242,0.4087204900735333,0.12581110000257573,50.0,50.0,0.9923610829282552,,preprocessed,real,0.0,0,0,1638,410
hazelnut-spread-contaminant-detection,363674,2,30,41,curriculum,0.9072218917311125,0.8365853658536585,0.8165137614678899,0.8682926829268293,0.8416075650118203,0.8048780487804879,0.8722337951334178,0.4062422069685447,0.12533195049684281,50.0,50.0,0.9903599229874089,,preprocessed,real,0.0,0,0,1638,410
hazelnut-spread-contaminant-detection,363674,2,30,42,plain,0.8918976799524092,0.8,0.7757847533632287,0.8439024390243902,0.8084112149532711,0.7560975609756098,0.884210366148641,0.4269244484205752,0.13606582527410518,50.0,50.0,0.9880480139981955,,preprocessed,real,0.0,0,0,1638,410
hazelnut-spread-contaminant-detection,363674,2,30,42,mixed,0.886686496133254,0.7878048780487805,0.7478991596638656,0.8682926829268293,0.8036117381489842,0.7073170731707317,0.8752501882973964,0.4398455345465,0.1405911418393709,50.0,50.0,0.9917308810399845,,preprocessed,real,0.0,0,0,1638,410
hazelnut-spread-contaminant-detection,363674,2,30,42,curriculum,0.8821177870315289,0.7902439024390244,0.7510548523206751,0.8682926829268293,0.8054298642533937,0.7121951219512195,0.8695451386731403,0.44048744318221267,0.14127180442982312,50.0,50.0,0.9876326300436631,,preprocessed,real,0.0,0,0,1638,410
hazelnut-spread-contaminant-detection,363674,2,30,43,plain,0.9066953610712578,0.8117359413202934,0.7857142857142857,0.8585365853658536,0.8205128205128205,0.7647058823529411,0.9077524282924145,0.4122892178326757,0.1298315159612632,49.96949359365467,50.12224938875306,1.003612085012719,,preprocessed,real,0.0,0,0,1639,409
hazelnut-spread-contaminant-detection,363674,2,30,43,mixed,0.9011477761836442,0.8092909535452323,0.7797356828193832,0.8634146341463415,0.8194444444444444,0.7549019607843137,0.8997079937759997,0.43144527296847035,0.13664199098841448,49.96949359365467,50.12224938875306,1.0036124270409346,,preprocessed,real,0.0,0,0,1639,409
hazelnut-spread-contaminant-detection,363674,2,30,43,curriculum,0.8963175514108083,0.8117359413202934,0.7807017543859649,0.8682926829268293,0.8221709006928406,0.7549019607843137,0.8970054223239453,0.4315646281390338,0.1374051947089456,49.96949359365467,50.12224938875306,1.0014784489758313,,preprocessed,real,0.0,0,0,1639,409
hazelnut-spread-contaminant-detection,363674,2,30,44,plain,0.9146102343376376,0.8361858190709046,0.8071748878923767,0.8823529411764706,0.8430913348946136,0.7902439024390244,0.9156448729008272,0.40913302453340367,0.12730635452166403,50.03050640634533,49.877750611246945,1.0043898279545829,,preprocessed,real,0.0,0,0,1639,409
hazelnut-spread-contaminant-detection,363674,2,30,44,mixed,0.9051889048302247,0.8166259168704156,0.7698744769874477,0.9019607843137255,0.8306997742663657,0.7317073170731707,0.9048899061063926,0.43434939195616823,0.1369211225857695,50.03050640634533,49.877750611246945,1.0031264210119843,,preprocessed,real,0.0,0,0,1639,409
hazelnut-spread-contaminant-detection,363674,2,30,44,curriculum,0.9040172166427546,0.8092909535452323,0.7669491525423728,0.8872549019607843,0.8227272727272728,0.7317073170731707,0.9012981757582652,0.42913749356639985,0.13578133309824095,50.03050640634533,49.877750611246945,1.002447567996569,,preprocessed,real,0.0,0,0,1639,409
hazelnut-spread-contaminant-detection,363674,2,30,45,plain,0.9152885187388459,0.8414634146341463,0.8153153153153153,0.8829268292682927,0.8477751756440282,0.8,0.9127285748092562,0.40812126428744455,0.1258515143315868,50.0,50.0,0.9883248719852418,,preprocessed,real,0.0,0,0,1638,410
hazelnut-spread-contaminant-detection,363674,2,30,45,mixed,0.9081261154074954,0.8170731707317073,0.782608695652174,0.8780487804878049,0.8275862068965517,0.7560975609756098,0.9053867581333863,0.43578595061797265,0.13642218000411027,50.0,50.0,0.9934322800254449,,preprocessed,real,0.0,0,0,1638,410
hazelnut-spread-contaminant-detection,363674,2,30,45,curriculum,0.9033670434265317,0.8195121951219512,0.7835497835497836,0.8829268292682927,0.8302752293577982,0.7560975609756098,0.897294101870048,0.43405789389129873,0.13601678962706545,50.0,50.0,0.9887816329719499,,preprocessed,real,0.0,0,0,1638,410
hazelnut-spread-contaminant-detection,363674,2,30,46,plain,0.8874479476502082,0.802439024390244,0.7719298245614035,0.8585365853658536,0.812933025404157,0.7463414634146341,0.8678094724774763,0.4297008496937775,0.13728047441965663,50.0,50.0,0.9896708719898015,,preprocessed,real,0.0,0,0,1638,410
hazelnut-spread-contaminant-detection,363674,2,30,46,mixed,0.8810707911957169,0.7926829268292683,0.7419354838709677,0.8975609756097561,0.8123620309050773,0.6878048780487804,0.8599202114503641,0.44523272793583024,0.1430025226394442,50.0,50.0,0.9922297849552706,,preprocessed,real,0.0,0,0,1638,410
hazelnut-spread-contaminant-detection,363674,2,30,46,curriculum,0.8713622843545509,0.7878048780487805,0.743801652892562,0.8780487804878049,0.8053691275167785,0.697560975609756,0.8472977885677404,0.451085248233331,0.1460440916541676,50.0,50.0,0.9896427240455523,,preprocessed,real,0.0,0,0,1638,410
hazelnut-spread-contaminant-detection,363674,2,30,47,plain,0.8946103509815586,0.8,0.7662337662337663,0.8634146341463415,0.8119266055045872,0.7365853658536585,0.8917612812253877,0.42672191827505085,0.136426534479439,50.0,50.0,0.9923260059440508,,preprocessed,real,0.0,0,0,1638,410
hazelnut-spread-contaminant-detection,363674,2,30,47,mixed,0.8854729327781083,0.7926829268292683,0.7542372881355932,0.8682926829268293,0.8072562358276644,0.7170731707317073,0.8755514708224604,0.44621082572555176,0.14343362443043775,50.0,50.0,0.9915947569534183,,preprocessed,real,0.0,0,0,1638,410
hazelnut-spread-contaminant-detection,363674,2,30,47,curriculum,0.8827602617489589,0.7975609756097561,0.7584745762711864,0.8731707317073171,0.8117913832199547,0.7219512195121951,0.8725915865531724,0.44585038274997185,0.1436312532164962,50.0,50.0,0.9916938740061596,,preprocessed,real,0.0,0,0,1638,410
hazelnut-spread-contaminant-detection,363674,2,30,48,plain,0.9211860353897657,0.8312958435207825,0.8063063063063063,0.8731707317073171,0.8384074941451991,0.7892156862745098,0.9212286862005448,0.3956189605309249,0.12226790179326325,49.96949359365467,50.12224938875306,1.0042822860414162,,preprocessed,real,0.0,0,0,1639,409
hazelnut-spread-contaminant-detection,363674,2,30,48,mixed,0.9153515064562411,0.8264058679706602,0.793859649122807,0.8829268292682927,0.836027713625866,0.7696078431372549,0.9118118085329118,0.41180524291647447,0.12771981156692683,49.96949359365467,50.12224938875306,1.005184531910345,,preprocessed,real,0.0,0,0,1639,409
hazelnut-spread-contaminant-detection,363674,2,30,48,curriculum,0.9137494021999043,0.8264058679706602,0.793859649122807,0.8829268292682927,0.836027713625866,0.7696078431372549,0.9111877035688883,0.40643145436143047,0.12623881772753737,49.96949359365467,50.12224938875306,1.001551563036628,,preprocessed,real,0.0,0,0,1639,409
hazelnut-spread-contaminant-detection,363674,2,30,49,plain,0.9043519846963176,0.8410757946210269,0.8357487922705314,0.8480392156862745,0.8418491484184915,0.8341463414634146,0.8731877030938481,0.4085948913867688,0.1268180043418821,50.03050640634533,49.877750611246945,1.0033207949018106,,preprocessed,real,0.0,0,0,1639,409
hazelnut-spread-contaminant-detection,363674,2,30,49,mixed,0.9035389765662363,0.8312958435207825,0.813953488372093,0.8578431372549019,0.8353221957040573,0.8048780487804879,0.8775520650888712,0.4178209339708846,0.13028424066608152,50.03050640634533,49.877750611246945,1.002935465076007,,preprocessed,real,0.0,0,0,1639,409
hazelnut-spread-contaminant-detection,363674,2,30,49,curriculum,0.8972262075561932,0.8337408312958435,0.8148148148148148,0.8627450980392157,0.8380952380952381,0.8048780487804879,0.8679264322738166,0.4177198921785605,0.13038674391862048,50.03050640634533,49.877750611246945,1.0011329021072015,,preprocessed,real,0.0,0,0,1639,409
heloc,363676,2,23,0,plain,0.7565086782376502,0.675609756097561,0.6981132075471698,0.5663265306122449,0.6253521126760564,0.7757009345794392,0.724915344250642,0.6220115773070418,0.21540530536087274,47.8021978021978,47.80487804878049,0.7694166740402579,,preprocessed,real,0.0,0,0,1638,410
heloc,363676,2,23,0,mixed,0.7507152393667748,0.6780487804878049,0.686046511627907,0.6020408163265306,0.6413043478260869,0.7476635514018691,0.7166424610602311,0.6249775744689727,0.21673654650396262,47.8021978021978,47.80487804878049,0.7727474760031328,,preprocessed,real,0.0,0,0,1638,410
heloc,363676,2,23,0,curriculum,0.751502002670227,0.6878048780487804,0.6888888888888889,0.6326530612244898,0.6595744680851063,0.7383177570093458,0.7153950047080065,0.6175072444162357,0.2133113041364253,47.8021978021978,47.80487804878049,0.7735466039739549,,preprocessed,real,0.0,0,0,1638,410
heloc,363676,2,23,1,plain,0.8108311081441923,0.7317073170731707,0.7654320987654321,0.6326530612244898,0.6927374301675978,0.822429906542056,0.8042984403827855,0.62185451152919,0.21486014349870095,47.8021978021978,47.80487804878049,0.7725304469931871,,preprocessed,real,0.0,0,0,1638,410
heloc,363676,2,23,1,mixed,0.8077078962426091,0.7365853658536585,0.75,0.673469387755102,0.7096774193548387,0.794392523364486,0.7994031061024184,0.6193761967711817,0.21362010720615957,47.8021978021978,47.80487804878049,0.7730280639370903,,preprocessed,real,0.0,0,0,1638,410
heloc,363676,2,23,1,curriculum,0.804751573526607,0.7341463414634146,0.7230769230769231,0.7193877551020408,0.7212276214833759,0.7476635514018691,0.8023225634281659,0.6085440083902162,0.2085218059245947,47.8021978021978,47.80487804878049,0.7732737669721246,,preprocessed,real,0.0,0,0,1638,410
heloc,363676,2,23,2,plain,0.7381270265115392,0.6804878048780488,0.7181208053691275,0.5459183673469388,0.6202898550724638,0.8037383177570093,0.713308085950953,0.6304913187497158,0.21945116359082575,47.8021978021978,47.80487804878049,0.7708583959611133,,preprocessed,real,0.0,0,0,1638,410
heloc,363676,2,23,2,mixed,0.7422277322143811,0.6878048780487804,0.7125,0.5816326530612245,0.6404494382022472,0.7850467289719626,0.7171242930648547,0.6284518543460998,0.21836007112469288,47.8021978021978,47.80487804878049,0.7747440449893475,,preprocessed,real,0.0,0,0,1638,410
heloc,363676,2,23,2,curriculum,0.744969483120351,0.6878048780487804,0.6976744186046512,0.6122448979591837,0.6521739130434783,0.7570093457943925,0.720295456299566,0.6210894947387032,0.214917962107023,47.8021978021978,47.80487804878049,0.7712964690290391,,preprocessed,real,0.0,0,0,1638,410
heloc,363676,2,23,3,plain,0.7730190667816422,0.7041564792176039,0.7300613496932515,0.6071428571428571,0.6629526462395543,0.7934272300469484,0.7523895266297236,0.6200035210422422,0.21427563473344668,47.77303233679073,47.92176039119804,0.7798681959975511,,preprocessed,real,0.0,0,0,1639,409
heloc,363676,2,23,3,mixed,0.7694979400210789,0.6968215158924206,0.7142857142857143,0.6122448979591837,0.6593406593406593,0.7746478873239436,0.7469298046879581,0.6201230068312069,0.21426474491834657,47.77303233679073,47.92176039119804,0.7829303391044959,,preprocessed,real,0.0,0,0,1639,409
heloc,363676,2,23,3,curriculum,0.7659289067739773,0.6919315403422983,0.6804123711340206,0.673469387755102,0.676923076923077,0.7089201877934272,0.7512361669397667,0.6130773684695003,0.2111323123368424,47.77303233679073,47.92176039119804,0.7835094400215894,,preprocessed,real,0.0,0,0,1639,409
heloc,363676,2,23,4,plain,0.7656362329259525,0.7090464547677262,0.7753623188405797,0.5487179487179488,0.6426426426426426,0.8551401869158879,0.7659930386063211,0.6251012594992341,0.21680900569344214,47.83404514948139,47.67726161369193,0.7805069809546694,,preprocessed,real,0.0,0,0,1639,409
heloc,363676,2,23,4,mixed,0.7681284447639588,0.6992665036674817,0.7535211267605634,0.5487179487179488,0.6350148367952523,0.8364485981308412,0.7657465823907823,0.6227922084266663,0.21557451637324612,47.83404514948139,47.67726161369193,0.7831459089647979,,preprocessed,real,0.0,0,0,1639,409
heloc,363676,2,23,4,curriculum,0.7719865803977952,0.7114914425427873,0.7391304347826086,0.6102564102564103,0.6685393258426966,0.8037383177570093,0.7718305369641094,0.6128238747916799,0.2109323018155844,47.83404514948139,47.67726161369193,0.7822997889015824,,preprocessed,real,0.0,0,0,1639,409
heloc,363676,2,23,5,plain,0.7366011825290865,0.6731707317073171,0.691358024691358,0.5714285714285714,0.6256983240223464,0.7663551401869159,0.6934318906999619,0.6300727918930862,0.21927941228816314,47.8021978021978,47.80487804878049,0.7706719449488446,,preprocessed,real,0.0,0,0,1638,410
heloc,363676,2,23,5,mixed,0.7375548350181194,0.675609756097561,0.68,0.6071428571428571,0.6415094339622641,0.7383177570093458,0.6943463381714335,0.6303818826091392,0.21932803758980773,47.8021978021978,47.80487804878049,0.7742368190083653,,preprocessed,real,0.0,0,0,1638,410
heloc,363676,2,23,5,curriculum,0.7364104520312797,0.6707317073170732,0.6564102564102564,0.6530612244897959,0.6547314578005116,0.6869158878504673,0.6929110473148348,0.6254500688496712,0.21710031722262318,47.8021978021978,47.80487804878049,0.772572634043172,,preprocessed,real,0.0,0,0,1638,410
heloc,363676,2,23,6,plain,0.7811367537669274,0.7170731707317073,0.7531645569620253,0.6071428571428571,0.672316384180791,0.8177570093457944,0.7721370060385517,0.6199046716305429,0.21418765204554185,47.8021978021978,47.80487804878049,0.7723515280522406,,preprocessed,real,0.0,0,0,1638,410
heloc,363676,2,23,6,mixed,0.7741274079725348,0.7170731707317073,0.7380952380952381,0.6326530612244898,0.6813186813186813,0.794392523364486,0.7624013644457257,0.6183974626880058,0.21339744877169564,47.8021978021978,47.80487804878049,0.7730401079170406,,preprocessed,real,0.0,0,0,1638,410
heloc,363676,2,23,6,curriculum,0.7781327484264735,0.7195121951219512,0.7165775401069518,0.6836734693877551,0.6997389033942559,0.7523364485981309,0.7696585580705257,0.608489698812135,0.2088255990366223,47.8021978021978,47.80487804878049,0.7712589739821851,,preprocessed,real,0.0,0,0,1638,410
heloc,363676,2,23,7,plain,0.8038336830059126,0.7170731707317073,0.7941176470588235,0.5510204081632653,0.6506024096385542,0.8691588785046729,0.7889933960250883,0.6212459315057327,0.21477837117415655,47.8021978021978,47.80487804878049,0.7720471509965137,,preprocessed,real,0.0,0,0,1638,410
heloc,363676,2,23,7,mixed,0.8070999427808506,0.7097560975609756,0.7730496453900709,0.5561224489795918,0.6468842729970327,0.8504672897196262,0.788150050774902,0.6184312904287242,0.2133116188099495,47.8021978021978,47.80487804878049,0.7742285070708022,,preprocessed,real,0.0,0,0,1638,410
heloc,363676,2,23,7,curriculum,0.8058125119206561,0.7268292682926829,0.7560975609756098,0.6326530612244898,0.6888888888888889,0.8130841121495327,0.7899142965078321,0.6067113108315182,0.20776575794203594,47.8021978021978,47.80487804878049,0.7726407850859687,,preprocessed,real,0.0,0,0,1638,410
heloc,363676,2,23,8,plain,0.7789235412474849,0.6943765281173594,0.7350993377483444,0.5663265306122449,0.6397694524495677,0.812206572769953,0.7602658575413618,0.6225706394521714,0.21547454936000357,47.77303233679073,47.92176039119804,0.7805344810476527,,preprocessed,real,0.0,0,0,1639,409
heloc,363676,2,23,8,mixed,0.7813188655743989,0.6943765281173594,0.7177914110429447,0.5969387755102041,0.6518105849582173,0.784037558685446,0.7579607376014303,0.6229529445954276,0.21556169093531666,47.77303233679073,47.92176039119804,0.7831241700332612,,preprocessed,real,0.0,0,0,1639,409
heloc,363676,2,23,8,curriculum,0.7802649228705567,0.7041564792176039,0.7094972067039106,0.6479591836734694,0.6773333333333333,0.755868544600939,0.7597413471714989,0.6135716343745957,0.21119471347177787,47.77303233679073,47.92176039119804,0.7808623069431633,,preprocessed,real,0.0,0,0,1639,409
heloc,363676,2,23,9,plain,0.728516654684879,0.687041564792176,0.7161290322580646,0.5692307692307692,0.6342857142857142,0.794392523364486,0.7339592314553819,0.6316261986792252,0.2198171306260729,47.83404514948139,47.67726161369193,0.7808530690381303,,preprocessed,real,0.0,0,0,1639,409
heloc,363676,2,23,9,mixed,0.73019410496046,0.6894865525672371,0.717948717948718,0.5743589743589743,0.6381766381766382,0.794392523364486,0.7310292044590964,0.630371022062617,0.21923261585401044,47.83404514948139,47.67726161369193,0.7815854180371389,,preprocessed,real,0.0,0,0,1639,409
heloc,363676,2,23,9,curriculum,0.7262161514497963,0.6919315403422983,0.7017543859649122,0.6153846153846154,0.6557377049180327,0.7616822429906542,0.7336015772314457,0.6256426733767766,0.21710376585408864,47.83404514948139,47.67726161369193,0.7820454629836604,,preprocessed,real,0.0,0,0,1639,409
heloc,363676,2,23,10,plain,0.7674518405493038,0.697560975609756,0.7368421052631579,0.5714285714285714,0.6436781609195402,0.8130841121495327,0.7526155171474723,0.6232981417177342,0.21584384763582332,47.8021978021978,47.80487804878049,0.7722180129494518,,preprocessed,real,0.0,0,0,1638,410
heloc,363676,2,23,10,mixed,0.7685008582872402,0.7,0.732484076433121,0.5867346938775511,0.6515580736543909,0.8037383177570093,0.7524575053335149,0.623336799394206,0.21578318485779688,47.8021978021978,47.80487804878049,0.773142023012042,,preprocessed,real,0.0,0,0,1638,410
heloc,363676,2,23,10,curriculum,0.7635180240320427,0.7024390243902439,0.7102272727272727,0.6377551020408163,0.6720430107526881,0.7616822429906542,0.7485983738191645,0.6158557292539399,0.2123596796607392,47.8021978021978,47.80487804878049,0.7733575570164248,,preprocessed,real,0.0,0,0,1638,410
heloc,363676,2,23,11,plain,0.7645551211138663,0.7048780487804878,0.7358490566037735,0.5969387755102041,0.6591549295774648,0.8037383177570093,0.755363129888404,0.6240455063064835,0.21615489933575063,47.8021978021978,47.80487804878049,0.771958552999422,,preprocessed,real,0.0,0,0,1638,410
heloc,363676,2,23,11,mixed,0.7604782567232501,0.6902439024390243,0.7065868263473054,0.6020408163265306,0.650137741046832,0.7710280373831776,0.7475074145999051,0.6239046580898462,0.21606710686713712,47.8021978021978,47.80487804878049,0.7733104689978063,,preprocessed,real,0.0,0,0,1638,410
heloc,363676,2,23,11,curriculum,0.7686796681289338,0.7048780487804878,0.7071823204419889,0.6530612244897959,0.6790450928381963,0.7523364485981309,0.759263562583123,0.6139660288626374,0.21138498473518116,47.8021978021978,47.80487804878049,0.7734437650069594,,preprocessed,real,0.0,0,0,1638,410
heloc,363676,2,23,12,plain,0.7580106809078772,0.6951219512195121,0.7261146496815286,0.5816326530612245,0.6458923512747875,0.7990654205607477,0.71106943711381,0.6263016141635213,0.2173672777255911,47.8021978021978,47.80487804878049,0.7724387650378048,,preprocessed,real,0.0,0,0,1638,410
heloc,363676,2,23,12,mixed,0.7637564371543009,0.6926829268292682,0.7134146341463414,0.5969387755102041,0.65,0.780373831775701,0.7074246204718468,0.625102383976482,0.21663979695187627,47.8021978021978,47.80487804878049,0.7729614849667996,,preprocessed,real,0.0,0,0,1638,410
heloc,363676,2,23,12,curriculum,0.7540530230783902,0.697560975609756,0.6914893617021277,0.6632653061224489,0.6770833333333334,0.7289719626168224,0.7115876886823127,0.6192503001662417,0.21396619289720473,47.8021978021978,47.80487804878049,0.7738187820650637,,preprocessed,real,0.0,0,0,1638,410
heloc,363676,2,23,13,plain,0.7654498419085944,0.6968215158924206,0.7535211267605634,0.5459183673469388,0.6331360946745562,0.8356807511737089,0.7600219193207115,0.6271780241741693,0.21774776643610716,47.77303233679073,47.92176039119804,0.7822153379675001,,preprocessed,real,0.0,0,0,1639,409
heloc,363676,2,23,13,mixed,0.7522875347322028,0.6894865525672371,0.7284768211920529,0.5612244897959183,0.6340057636887608,0.8075117370892019,0.7522498586493404,0.6270044167530434,0.21761817164996236,47.77303233679073,47.92176039119804,0.7822702149860561,,preprocessed,real,0.0,0,0,1639,409
heloc,363676,2,23,13,curriculum,0.7681685350196417,0.6968215158924206,0.7278481012658228,0.5867346938775511,0.6497175141242938,0.7981220657276995,0.762574514341843,0.6146684994979207,0.2118769304405803,47.77303233679073,47.92176039119804,0.7826722470344976,,preprocessed,real,0.0,0,0,1639,409
heloc,363676,2,23,14,plain,0.7751258087706684,0.6968215158924206,0.7261146496815286,0.5846153846153846,0.6477272727272727,0.7990654205607477,0.758240025940714,0.6203757926642216,0.21445483416778033,47.83404514948139,47.67726161369193,0.7810521649662405,,preprocessed,real,0.0,0,0,1639,409
heloc,363676,2,23,14,mixed,0.777354421279655,0.6968215158924206,0.7151515151515152,0.6051282051282051,0.6555555555555556,0.780373831775701,0.755896670815527,0.6195902688058061,0.2139904378740256,47.83404514948139,47.67726161369193,0.7825667120050639,,preprocessed,real,0.0,0,0,1639,409
heloc,363676,2,23,14,curriculum,0.7727054876587586,0.7090464547677262,0.7021276595744681,0.676923076923077,0.6892950391644909,0.7383177570093458,0.7542025000898586,0.6125259437608072,0.21075350280245903,47.83404514948139,47.67726161369193,0.7821396170184016,,preprocessed,real,0.0,0,0,1639,409
heloc,363676,2,23,15,plain,0.7665458706847225,0.6902439024390243,0.7142857142857143,0.5867346938775511,0.6442577030812325,0.7850467289719626,0.7307728420656323,0.6206497715744606,0.21472228459324574,47.8021978021978,47.80487804878049,0.7715820090379566,,preprocessed,real,0.0,0,0,1638,410
heloc,363676,2,23,15,mixed,0.7669511729925615,0.7,0.7134502923976608,0.6224489795918368,0.6648501362397821,0.7710280373831776,0.7275452296390474,0.6205759042234521,0.2145531290481065,47.8021978021978,47.80487804878049,0.7737722110468894,,preprocessed,real,0.0,0,0,1638,410
heloc,363676,2,23,15,curriculum,0.7549113103185199,0.6902439024390243,0.6864864864864865,0.6479591836734694,0.6666666666666666,0.7289719626168224,0.724677332098153,0.615930477044375,0.21253452489679844,47.8021978021978,47.80487804878049,0.7731786420335993,,preprocessed,real,0.0,0,0,1638,410
heloc,363676,2,23,16,plain,0.7521099561319856,0.6780487804878049,0.7105263157894737,0.5510204081632653,0.6206896551724138,0.794392523364486,0.7365263056993845,0.6220265041560227,0.21539732676863896,47.8021978021978,47.80487804878049,0.7726093910168856,,preprocessed,real,0.0,0,0,1638,410
heloc,363676,2,23,16,mixed,0.7478662025557887,0.675609756097561,0.688622754491018,0.5867346938775511,0.6336088154269972,0.7570093457943925,0.7306045243985421,0.6241549436060245,0.2163296077062819,47.8021978021978,47.80487804878049,0.7744611330563203,,preprocessed,real,0.0,0,0,1638,410
heloc,363676,2,23,16,curriculum,0.7518953843219532,0.6951219512195121,0.7028571428571428,0.6275510204081632,0.6630727762803235,0.7570093457943925,0.7378762164997732,0.6159629676895567,0.21257449290562253,47.8021978021978,47.80487804878049,0.7740580979734659,,preprocessed,real,0.0,0,0,1638,410
heloc,363676,2,23,17,plain,0.768667747472821,0.6829268292682927,0.72,0.5510204081632653,0.6242774566473989,0.8037383177570093,0.7427388206210784,0.6232538275844653,0.21591323275068955,47.8021978021978,47.80487804878049,0.7727999620838091,,preprocessed,real,0.0,0,0,1638,410
heloc,363676,2,23,17,mixed,0.7686319855044822,0.6780487804878049,0.6975308641975309,0.576530612244898,0.6312849162011173,0.7710280373831776,0.7388558668877936,0.6251179994891903,0.2167187635317657,47.8021978021978,47.80487804878049,0.774309086962603,,preprocessed,real,0.0,0,0,1638,410
heloc,363676,2,23,17,curriculum,0.7727207705512111,0.697560975609756,0.7068965517241379,0.6275510204081632,0.6648648648648648,0.7616822429906542,0.7450344052786217,0.614154628444115,0.2115940768919594,47.8021978021978,47.80487804878049,0.7738825670676306,,preprocessed,real,0.0,0,0,1638,410
heloc,363676,2,23,18,plain,0.8043738622209446,0.7408312958435208,0.8082191780821918,0.6020408163265306,0.6900584795321637,0.8685446009389671,0.7821667386108413,0.622175846599853,0.21509774352097702,47.77303233679073,47.92176039119804,0.78079568000976,,preprocessed,real,0.0,0,0,1639,409
heloc,363676,2,23,18,mixed,0.8004215770815369,0.7481662591687042,0.7852760736196319,0.6530612244897959,0.713091922005571,0.8356807511737089,0.7770416235364366,0.6175441356800853,0.21277946098733547,47.77303233679073,47.92176039119804,0.7829018300399184,,preprocessed,real,0.0,0,0,1639,409
heloc,363676,2,23,18,curriculum,0.8091645108747725,0.7506112469437652,0.7554347826086957,0.7091836734693877,0.7315789473684211,0.7887323943661971,0.7864685353966644,0.6069179087886575,0.20775103182825588,47.77303233679073,47.92176039119804,0.7818873589858413,,preprocessed,real,0.0,0,0,1639,409
heloc,363676,2,23,19,plain,0.7344835849508746,0.6894865525672371,0.7098765432098766,0.5897435897435898,0.6442577030812325,0.780373831775701,0.7523541404126051,0.6359112033643363,0.2218774434602616,47.83404514948139,47.67726161369193,0.781938457977958,,preprocessed,real,0.0,0,0,1639,409
heloc,363676,2,23,19,mixed,0.7301461778097291,0.6821515892420538,0.7044025157232704,0.5743589743589743,0.632768361581921,0.780373831775701,0.7534199958519106,0.6332301673292396,0.2205698985329048,47.83404514948139,47.67726161369193,0.7832093600882217,,preprocessed,real,0.0,0,0,1639,409
heloc,363676,2,23,19,curriculum,0.7392283728732325,0.6797066014669927,0.6797752808988764,0.6205128205128205,0.6487935656836461,0.7336448598130841,0.7530706105881945,0.6241332314779473,0.21634286488511836,47.83404514948139,47.67726161369193,0.781478825956583,,preprocessed,real,0.0,0,0,1639,409
heloc,363676,2,23,20,plain,0.7705273698264352,0.675609756097561,0.6981132075471698,0.5663265306122449,0.6253521126760564,0.7757009345794392,0.781177546878688,0.626075905808335,0.21714017713418568,47.8021978021978,47.80487804878049,0.7761867489898577,,preprocessed,real,0.0,0,0,1638,410
heloc,363676,2,23,20,mixed,0.7698121304596605,0.6780487804878049,0.6882352941176471,0.5969387755102041,0.639344262295082,0.7523364485981309,0.7767466843975817,0.6247235334003697,0.21642989465601656,47.8021978021978,47.80487804878049,0.7729484050069004,,preprocessed,real,0.0,0,0,1638,410
heloc,363676,2,23,20,curriculum,0.7767499523173755,0.7024390243902439,0.7010869565217391,0.6581632653061225,0.6789473684210526,0.7429906542056075,0.7823572744924172,0.614050829763717,0.2114548474478702,47.8021978021978,47.80487804878049,0.7738389150472358,,preprocessed,real,0.0,0,0,1638,410
heloc,363676,2,23,21,plain,0.7786572572954416,0.7195121951219512,0.7484662576687117,0.6224489795918368,0.6796657381615598,0.8084112149532711,0.757891889265753,0.6197421320431461,0.21411527324522747,47.8021978021978,47.80487804878049,0.7726726640248671,,preprocessed,real,0.0,0,0,1638,410
heloc,363676,2,23,21,mixed,0.7820904062559604,0.7317073170731707,0.7443181818181818,0.6683673469387755,0.7043010752688172,0.7897196261682243,0.75943638237142,0.6174581499149117,0.2129157468787242,47.8021978021978,47.80487804878049,0.7735670949332416,,preprocessed,real,0.0,0,0,1638,410
heloc,363676,2,23,21,curriculum,0.7774651916841503,0.724390243902439,0.7219251336898396,0.6887755102040817,0.7049608355091384,0.7570093457943925,0.7597540943084273,0.60951180553226,0.2092627074106009,47.8021978021978,47.80487804878049,0.7768333259737119,,preprocessed,real,0.0,0,0,1638,410
heloc,363676,2,23,22,plain,0.7685008582872401,0.6902439024390243,0.7142857142857143,0.5867346938775511,0.6442577030812325,0.7850467289719626,0.7300611108755022,0.6241109961932149,0.21628938534485243,47.8021978021978,47.80487804878049,0.7710437360219657,,preprocessed,real,0.0,0,0,1638,410
heloc,363676,2,23,22,mixed,0.7620875452984932,0.6926829268292682,0.7058823529411765,0.6122448979591837,0.6557377049180327,0.7663551401869159,0.726143248835649,0.6262865385899345,0.21724321557454254,47.8021978021978,47.80487804878049,0.7736219590296969,,preprocessed,real,0.0,0,0,1638,410
heloc,363676,2,23,22,curriculum,0.7644001525843983,0.7024390243902439,0.6947368421052632,0.673469387755102,0.6839378238341969,0.7289719626168224,0.7315092168777868,0.6175873337874573,0.2132060331205934,47.8021978021978,47.80487804878049,0.7732426510192454,,preprocessed,real,0.0,0,0,1638,410
heloc,363676,2,23,23,plain,0.7530540385168152,0.6748166259168704,0.7441860465116279,0.4897959183673469,0.5907692307692308,0.8450704225352113,0.7480452006829825,0.6268587934273455,0.2176428092092443,47.77303233679073,47.92176039119804,0.7801639770623296,,preprocessed,real,0.0,0,0,1639,409
heloc,363676,2,23,23,mixed,0.7544193733831561,0.6772616136919315,0.7285714285714285,0.5204081632653061,0.6071428571428571,0.8215962441314554,0.7438214202308634,0.6268082747786918,0.2175645282382812,47.77303233679073,47.92176039119804,0.7818133609835058,,preprocessed,real,0.0,0,0,1639,409
heloc,363676,2,23,23,curriculum,0.7547547187889239,0.6968215158924206,0.7432432432432432,0.5612244897959183,0.6395348837209303,0.8215962441314554,0.747772924811127,0.6178873919487929,0.21337867669551847,47.77303233679073,47.92176039119804,0.7828814499080181,,preprocessed,real,0.0,0,0,1639,409
heloc,363676,2,23,24,plain,0.7691708602923556,0.7286063569682152,0.7658227848101266,0.6205128205128205,0.6855524079320113,0.8271028037383178,0.7378098096706838,0.6219303392773178,0.21513624080615554,47.83404514948139,47.67726161369193,0.781026256037876,,preprocessed,real,0.0,0,0,1639,409
heloc,363676,2,23,24,mixed,0.7728612508986341,0.7188264058679706,0.7380952380952381,0.6358974358974359,0.6831955922865014,0.794392523364486,0.7362446594823353,0.6195236417457685,0.213892827485122,47.83404514948139,47.67726161369193,0.7828194940229878,,preprocessed,real,0.0,0,0,1639,409
heloc,363676,2,23,24,curriculum,0.7660316319194824,0.6968215158924206,0.6878306878306878,0.6666666666666666,0.6770833333333334,0.7242990654205608,0.728176773960781,0.6124567755489121,0.21068759773794218,47.83404514948139,47.67726161369193,0.7822362710721791,,preprocessed,real,0.0,0,0,1639,409
heloc,363676,2,23,25,plain,0.7663074575624643,0.6926829268292682,0.7215189873417721,0.5816326530612245,0.6440677966101694,0.794392523364486,0.7317926782367103,0.6241487145680227,0.21635412550517863,47.8021978021978,47.80487804878049,0.7720700340578333,,preprocessed,real,0.0,0,0,1638,410
heloc,363676,2,23,25,mixed,0.7714333396910166,0.7073170731707317,0.7317073170731707,0.6122448979591837,0.6666666666666666,0.794392523364486,0.7345663825512916,0.6245904675360776,0.21642298162104956,47.8021978021978,47.80487804878049,0.7728611980564892,,preprocessed,real,0.0,0,0,1638,410
heloc,363676,2,23,25,curriculum,0.7624332443257678,0.7,0.7062146892655368,0.6377551020408163,0.6702412868632708,0.7570093457943925,0.7305625467784612,0.6176143786785435,0.21323990363343945,47.8021978021978,47.80487804878049,0.7743360889144242,,preprocessed,real,0.0,0,0,1638,410
heloc,363676,2,23,26,plain,0.7714571810032423,0.6951219512195121,0.7751937984496124,0.5102040816326531,0.6153846153846154,0.8644859813084113,0.750640805740844,0.6214304277469442,0.21503963796234607,47.8021978021978,47.80487804878049,0.7718826570780948,,preprocessed,real,0.0,0,0,1638,410
heloc,363676,2,23,26,mixed,0.7681193972916269,0.6902439024390243,0.7446808510638298,0.5357142857142857,0.6231454005934718,0.8317757009345794,0.7501112553674648,0.6201040434110937,0.21432429617198626,47.8021978021978,47.80487804878049,0.7743788639781997,,preprocessed,real,0.0,0,0,1638,410
heloc,363676,2,23,26,curriculum,0.7664266641235933,0.6926829268292682,0.7134146341463414,0.5969387755102041,0.65,0.780373831775701,0.7515669628067345,0.6115476514034228,0.21040523617779083,47.8021978021978,47.80487804878049,0.772795622004196,,preprocessed,real,0.0,0,0,1638,410
heloc,363676,2,23,27,plain,0.7341812893381652,0.6731707317073171,0.6781609195402298,0.6020408163265306,0.6378378378378379,0.7383177570093458,0.7375408697092555,0.6297116806241362,0.2189180694258135,47.8021978021978,47.80487804878049,0.7733014799887314,,preprocessed,real,0.0,0,0,1638,410
heloc,363676,2,23,27,mixed,0.7294011062368871,0.6707317073170732,0.6613756613756614,0.6377551020408163,0.6493506493506493,0.7009345794392523,0.7330207091170471,0.6306730592096437,0.2194490812256393,47.8021978021978,47.80487804878049,0.7724315429804847,,preprocessed,real,0.0,0,0,1638,410
heloc,363676,2,23,27,curriculum,0.733394526034713,0.6780487804878049,0.6616161616161617,0.6683673469387755,0.6649746192893401,0.6869158878504673,0.7391227102358966,0.6266459028183221,0.21759664370321033,47.8021978021978,47.80487804878049,0.7724974860902876,,preprocessed,real,0.0,0,0,1638,410
heloc,363676,2,23,28,plain,0.7512455686499951,0.6894865525672371,0.7197452229299363,0.576530612244898,0.6402266288951841,0.7934272300469484,0.731403573017091,0.6267877387509289,0.21761665975364522,47.77303233679073,47.92176039119804,0.7811444420367479,,preprocessed,real,0.0,0,0,1639,409
heloc,363676,2,23,28,mixed,0.7509102232442273,0.6943765281173594,0.7204968944099379,0.5918367346938775,0.6498599439775911,0.7887323943661971,0.7232906397570514,0.6263243788709473,0.2172872828537985,47.77303233679073,47.92176039119804,0.7825773219810799,,preprocessed,real,0.0,0,0,1639,409
heloc,363676,2,23,28,curriculum,0.7574015521701638,0.7041564792176039,0.711864406779661,0.6428571428571429,0.675603217158177,0.7605633802816901,0.7334741873361897,0.6153960951983914,0.2121858393523174,47.77303233679073,47.92176039119804,0.7815961120650172,,preprocessed,real,0.0,0,0,1639,409
heloc,363676,2,23,29,plain,0.813287802540139,0.7457212713936431,0.7973856209150327,0.6256410256410256,0.7011494252873564,0.8551401869158879,0.796341115999787,0.6222155851138867,0.215121389563828,47.83404514948139,47.67726161369193,0.7815201069461182,,preprocessed,real,0.0,0,0,1639,409
heloc,363676,2,23,29,mixed,0.8115025161754132,0.7408312958435208,0.7763975155279503,0.6410256410256411,0.702247191011236,0.8317757009345794,0.7986905058304622,0.6179154357160658,0.2129478844210069,47.83404514948139,47.67726161369193,0.7827379029477015,,preprocessed,real,0.0,0,0,1639,409
heloc,363676,2,23,29,curriculum,0.8157800143781452,0.7408312958435208,0.7486033519553073,0.6871794871794872,0.7165775401069518,0.7897196261682243,0.7949079968119038,0.6059828424455919,0.2073269748950636,47.83404514948139,47.67726161369193,0.781625623931177,,preprocessed,real,0.0,0,0,1639,409
heloc,363676,2,23,30,plain,0.781184436391379,0.7097560975609756,0.7655172413793103,0.5663265306122449,0.6510263929618768,0.8411214953271028,0.7809457336184769,0.6228625797598564,0.2155882587908826,47.8021978021978,47.80487804878049,0.7719399890629575,,preprocessed,real,0.0,0,0,1638,410
heloc,363676,2,23,30,mixed,0.776702269692924,0.7073170731707317,0.7435897435897436,0.5918367346938775,0.6590909090909091,0.8130841121495327,0.7740179790194074,0.6219927999435553,0.21508830835058435,47.8021978021978,47.80487804878049,0.7738700149348006,,preprocessed,real,0.0,0,0,1638,410
heloc,363676,2,23,30,curriculum,0.7772506198741179,0.7121951219512195,0.7191011235955056,0.6530612244897959,0.6844919786096256,0.7663551401869159,0.7743572154689512,0.612185755568851,0.210539484835862,47.8021978021978,47.80487804878049,0.7730941409245133,,preprocessed,real,0.0,0,0,1638,410
heloc,363676,2,23,31,plain,0.7629339118825099,0.7,0.7267080745341615,0.5969387755102041,0.6554621848739496,0.794392523364486,0.7332970739088528,0.6239613114321194,0.21609584595222853,47.8021978021978,47.80487804878049,0.7722891529556364,,preprocessed,real,0.0,0,0,1638,410
heloc,363676,2,23,31,mixed,0.7618133702078962,0.7048780487804878,0.7245508982035929,0.6173469387755102,0.6666666666666666,0.7850467289719626,0.7250172374051661,0.624225672609543,0.2161322214589489,47.8021978021978,47.80487804878049,0.7723124580224976,,preprocessed,real,0.0,0,0,1638,410
heloc,363676,2,23,31,curriculum,0.7575934579439253,0.7146341463414634,0.7257142857142858,0.6479591836734694,0.6846361185983828,0.7757009345794392,0.7282757947287641,0.6165772690220486,0.21263366742823778,47.8021978021978,47.80487804878049,0.7722455488983542,,preprocessed,real,0.0,0,0,1638,410
heloc,363676,2,23,32,plain,0.7711710852565324,0.7048780487804878,0.7388535031847133,0.5918367346938775,0.6572237960339944,0.8084112149532711,0.7697247590855374,0.6234430176470238,0.2159344972437559,47.8021978021978,47.80487804878049,0.7716393279843032,,preprocessed,real,0.0,0,0,1638,410
heloc,363676,2,23,32,mixed,0.7705750524508869,0.7073170731707317,0.7317073170731707,0.6122448979591837,0.6666666666666666,0.794392523364486,0.7642031356074626,0.6213693336535226,0.21487944017992966,47.8021978021978,47.80487804878049,0.7733803549781442,,preprocessed,real,0.0,0,0,1638,410
heloc,363676,2,23,32,curriculum,0.7709088308220484,0.6878048780487804,0.6789473684210526,0.6581632653061225,0.6683937823834197,0.7149532710280374,0.7646872304792132,0.6125984556454757,0.2108234949329007,47.8021978021978,47.80487804878049,0.772639041999355,,preprocessed,real,0.0,0,0,1638,410
heloc,363676,2,23,33,plain,0.7615933697422631,0.6992665036674817,0.7588652482269503,0.5459183673469388,0.6350148367952523,0.8403755868544601,0.7404765587825344,0.6263498770189034,0.2173087333827541,47.77303233679073,47.92176039119804,0.780740147922188,,preprocessed,real,0.0,0,0,1639,409
heloc,363676,2,23,33,mixed,0.7648749640701351,0.6797066014669927,0.7044025157232704,0.5714285714285714,0.6309859154929578,0.7793427230046949,0.7342698021987137,0.6249957597176065,0.21656964766921424,47.77303233679073,47.92176039119804,0.7820566090522334,,preprocessed,real,0.0,0,0,1639,409
heloc,363676,2,23,33,curriculum,0.7676056338028169,0.7017114914425427,0.7126436781609196,0.6326530612244898,0.6702702702702703,0.7652582159624414,0.748452760792834,0.6159054760747197,0.21233038417964586,47.77303233679073,47.92176039119804,0.7808443079702556,,preprocessed,real,0.0,0,0,1639,409
heloc,363676,2,23,34,plain,0.7572969086987779,0.684596577017115,0.7037037037037037,0.5846153846153846,0.6386554621848739,0.7757009345794392,0.7193751575362085,0.623661837753814,0.21616754144297162,47.83404514948139,47.67726161369193,0.7802801659563556,,preprocessed,real,0.0,0,0,1639,409
heloc,363676,2,23,34,mixed,0.7598849748382458,0.687041564792176,0.695906432748538,0.6102564102564103,0.6502732240437158,0.7570093457943925,0.7280007622916912,0.623469108936956,0.21598171192105384,47.83404514948139,47.67726161369193,0.7825649039587006,,preprocessed,real,0.0,0,0,1639,409
heloc,363676,2,23,34,curriculum,0.7589264318236281,0.6943765281173594,0.6902173913043478,0.6512820512820513,0.6701846965699209,0.7336448598130841,0.7269406089464645,0.6163453103712997,0.21270835689649897,47.83404514948139,47.67726161369193,0.781928027048707,,preprocessed,real,0.0,0,0,1639,409
heloc,363676,2,23,35,plain,0.7718028800305168,0.7219512195121951,0.7928571428571428,0.5663265306122449,0.6607142857142857,0.8644859813084113,0.759076704878405,0.6229086001416897,0.2155554066403166,47.8021978021978,47.80487804878049,0.7714134120615199,,preprocessed,real,0.0,0,0,1638,410
heloc,363676,2,23,35,mixed,0.7738532328819379,0.724390243902439,0.782312925170068,0.5867346938775511,0.6705539358600583,0.8504672897196262,0.7559098095628319,0.6219843320931921,0.2150306092899901,47.8021978021978,47.80487804878049,0.7739653410390019,,preprocessed,real,0.0,0,0,1638,410
heloc,363676,2,23,35,curriculum,0.7696213999618539,0.7219512195121951,0.75,0.6275510204081632,0.6833333333333333,0.8084112149532711,0.7546592913361689,0.613204677531332,0.2109886640590003,47.8021978021978,47.80487804878049,0.7724451340036467,,preprocessed,real,0.0,0,0,1638,410
heloc,363676,2,23,36,plain,0.7669392523364484,0.7,0.7295597484276729,0.5918367346938775,0.6535211267605634,0.7990654205607477,0.7346688922546961,0.6251624796690636,0.21678473743068763,47.8021978021978,47.80487804878049,0.7713784090010449,,preprocessed,real,0.0,0,0,1638,410
heloc,363676,2,23,36,mixed,0.7648888994850277,0.7,0.7109826589595376,0.6275510204081632,0.6666666666666666,0.7663551401869159,0.7344837980141585,0.6250973030182192,0.21666280690386439,47.8021978021978,47.80487804878049,0.7749090840807185,,preprocessed,real,0.0,0,0,1638,410
heloc,363676,2,23,36,curriculum,0.7748307266831966,0.7073170731707317,0.7043010752688172,0.6683673469387755,0.6858638743455497,0.7429906542056075,0.7434227397669757,0.6147719815306418,0.2118030172211459,47.8021978021978,47.80487804878049,0.77198885101825,,preprocessed,real,0.0,0,0,1638,410
heloc,363676,2,23,37,plain,0.7923779324814038,0.7073170731707317,0.7567567567567568,0.5714285714285714,0.6511627906976745,0.8317757009345794,0.7915122246338165,0.6211693648018494,0.21476376939716724,47.8021978021978,47.80487804878049,0.7721100279595703,,preprocessed,real,0.0,0,0,1638,410
heloc,363676,2,23,37,mixed,0.7918057409879841,0.7170731707317073,0.7531645569620253,0.6071428571428571,0.672316384180791,0.8177570093457944,0.7872867015853158,0.6175315651431983,0.21291853841740235,47.8021978021978,47.80487804878049,0.7725761070614681,,preprocessed,real,0.0,0,0,1638,410
heloc,363676,2,23,37,curriculum,0.7893977684531757,0.7146341463414634,0.7231638418079096,0.6530612244897959,0.6863270777479893,0.7710280373831776,0.7881207411630613,0.6079268190975309,0.20847763805120692,47.8021978021978,47.80487804878049,0.7728761991020292,,preprocessed,real,0.0,0,0,1638,410
heloc,363676,2,23,38,plain,0.7668630832614736,0.6992665036674817,0.738562091503268,0.576530612244898,0.6475644699140402,0.812206572769953,0.7488505680157856,0.6220671208694707,0.21525851893506034,47.77303233679073,47.92176039119804,0.7803597239544615,,preprocessed,real,0.0,0,0,1639,409
heloc,363676,2,23,38,mixed,0.7623119670403371,0.6919315403422983,0.7160493827160493,0.5918367346938775,0.6480446927374302,0.784037558685446,0.7445098434275588,0.6225563605247803,0.21546525563794924,47.77303233679073,47.92176039119804,0.7823913999600336,,preprocessed,real,0.0,0,0,1639,409
heloc,363676,2,23,38,curriculum,0.758144102711507,0.7090464547677262,0.72,0.6428571428571429,0.6792452830188679,0.7699530516431925,0.7420617595520682,0.6158428999386686,0.21238506210990235,47.77303233679073,47.92176039119804,0.7804078250192106,,preprocessed,real,0.0,0,0,1639,409
heloc,363676,2,23,39,plain,0.727953510663791,0.6748166259168704,0.6823529411764706,0.5948717948717949,0.6356164383561644,0.7476635514018691,0.7148513739116374,0.6323332576581304,0.2203635552161013,47.83404514948139,47.67726161369193,0.7806710379663855,,preprocessed,real,0.0,0,0,1639,409
heloc,363676,2,23,39,mixed,0.7220584711238917,0.6723716381418093,0.6742857142857143,0.6051282051282051,0.6378378378378379,0.7336448598130841,0.7087818362138438,0.6328004010667174,0.2205143940077503,47.83404514948139,47.67726161369193,0.7819313849322498,,preprocessed,real,0.0,0,0,1639,409
heloc,363676,2,23,39,curriculum,0.7321950635034746,0.6699266503667481,0.6595744680851063,0.6358974358974359,0.6475195822454308,0.7009345794392523,0.7129017075260655,0.625168761943872,0.21702744052200604,47.83404514948139,47.67726161369193,0.7822790769860148,,preprocessed,real,0.0,0,0,1639,409
heloc,363676,2,23,40,plain,0.7552450886896815,0.6902439024390243,0.7284768211920529,0.5612244897959183,0.6340057636887608,0.8084112149532711,0.7233284487553032,0.6271734821640997,0.21774694088366917,47.8021978021978,47.80487804878049,0.7703024909133092,,preprocessed,real,0.0,0,0,1638,410
heloc,363676,2,23,40,mixed,0.7503337783711616,0.697560975609756,0.7278481012658228,0.5867346938775511,0.6497175141242938,0.7990654205607477,0.7147685278443687,0.6259460116859825,0.21706103264041463,47.8021978021978,47.80487804878049,0.7731421639909968,,preprocessed,real,0.0,0,0,1638,410
heloc,363676,2,23,40,curriculum,0.7587736028991036,0.7121951219512195,0.7294117647058823,0.6326530612244898,0.6775956284153005,0.7850467289719626,0.7252942433600859,0.6153152010502202,0.21208701001052688,47.8021978021978,47.80487804878049,0.7728522419929504,,preprocessed,real,0.0,0,0,1638,410
heloc,363676,2,23,41,plain,0.7674041579248523,0.7121951219512195,0.7532467532467533,0.5918367346938775,0.6628571428571428,0.822429906542056,0.7778787128904829,0.6227557033298668,0.21551900651116723,47.8021978021978,47.80487804878049,0.7719307979568839,,preprocessed,real,0.0,0,0,1638,410
heloc,363676,2,23,41,mixed,0.7616822429906542,0.7048780487804878,0.7272727272727273,0.6122448979591837,0.6648199445983379,0.7897196261682243,0.7701728093842195,0.6227538070336329,0.21548965034237053,47.8021978021978,47.80487804878049,0.7715639990055934,,preprocessed,real,0.0,0,0,1638,410
heloc,363676,2,23,41,curriculum,0.75925042914362,0.6951219512195121,0.6983240223463687,0.6377551020408163,0.6666666666666666,0.7476635514018691,0.767952572227173,0.6150923218948144,0.21196836018663723,47.8021978021978,47.80487804878049,0.7719713249243796,,preprocessed,real,0.0,0,0,1638,410
heloc,363676,2,23,42,plain,0.7401296967385084,0.6707317073170732,0.6967741935483871,0.5510204081632653,0.6153846153846154,0.780373831775701,0.7370875953359722,0.6277006361990527,0.2181006301566622,47.8021978021978,47.80487804878049,0.7710319900652394,,preprocessed,real,0.0,0,0,1638,410
heloc,363676,2,23,42,mixed,0.7442304024413504,0.6707317073170732,0.6871165644171779,0.5714285714285714,0.6239554317548747,0.7616822429906542,0.7360896188711286,0.6276145627733081,0.21797792350659437,47.8021978021978,47.80487804878049,0.7736246450804174,,preprocessed,real,0.0,0,0,1638,410
heloc,363676,2,23,42,curriculum,0.7442304024413504,0.6829268292682927,0.6853932584269663,0.6224489795918368,0.6524064171122995,0.7383177570093458,0.736776945336584,0.621231056612819,0.21510247587958342,47.8021978021978,47.80487804878049,0.7726487980689853,,preprocessed,real,0.0,0,0,1638,410
heloc,363676,2,23,43,plain,0.7610304685254383,0.6943765281173594,0.7151515151515152,0.6020408163265306,0.6537396121883656,0.7793427230046949,0.7427638646403917,0.622593691434478,0.2155808103514339,47.77303233679073,47.92176039119804,0.7814023080281913,,preprocessed,real,0.0,0,0,1639,409
heloc,363676,2,23,43,mixed,0.7656534444763821,0.687041564792176,0.6931818181818182,0.6224489795918368,0.6559139784946236,0.7464788732394366,0.743434307000815,0.6208010013939704,0.2146587697939727,47.77303233679073,47.92176039119804,0.7834714989876375,,preprocessed,real,0.0,0,0,1639,409
heloc,363676,2,23,43,curriculum,0.7589704896042924,0.6894865525672371,0.676923076923077,0.673469387755102,0.6751918158567775,0.704225352112676,0.7364262299416626,0.6154988754072429,0.2122740861962279,47.77303233679073,47.92176039119804,0.781984577071853,,preprocessed,real,0.0,0,0,1639,409
heloc,363676,2,23,44,plain,0.8034627366403067,0.7139364303178484,0.7746478873239436,0.5641025641025641,0.6528189910979229,0.8504672897196262,0.7746879880409895,0.6223501244384547,0.2153151080631706,47.83404514948139,47.67726161369193,0.7810194820631295,,preprocessed,real,0.0,0,0,1639,409
heloc,363676,2,23,44,mixed,0.8032710280373833,0.7114914425427873,0.7549668874172185,0.5846153846153846,0.6589595375722543,0.8271028037383178,0.7737279767962923,0.621716865372168,0.2148914030501147,47.83404514948139,47.67726161369193,0.780952361994423,,preprocessed,real,0.0,0,0,1639,409
heloc,363676,2,23,44,curriculum,0.7990893841361132,0.7163814180929096,0.7309941520467836,0.6410256410256411,0.6830601092896175,0.7850467289719626,0.7734159448034112,0.610751773050903,0.2097065611679611,47.83404514948139,47.67726161369193,0.7810477939201519,,preprocessed,real,0.0,0,0,1639,409
heloc,363676,2,23,45,plain,0.7774890329963762,0.7195121951219512,0.7755102040816326,0.5816326530612245,0.6647230320699709,0.8457943925233645,0.7589619134741599,0.6266577923180727,0.2173662440367798,47.8021978021978,47.80487804878049,0.7705770389875397,,preprocessed,real,0.0,0,0,1638,410
heloc,363676,2,23,45,mixed,0.7793009727255389,0.7146341463414634,0.7365269461077845,0.6275510204081632,0.6776859504132231,0.794392523364486,0.7596431764693837,0.6235486402146552,0.21579270297805975,47.8021978021978,47.80487804878049,0.7719617129769176,,preprocessed,real,0.0,0,0,1638,410
heloc,363676,2,23,45,curriculum,0.7818758344459279,0.7268292682926829,0.7333333333333333,0.673469387755102,0.7021276595744681,0.7757009345794392,0.7673095164904667,0.6132886001956628,0.21093166098324298,47.8021978021978,47.80487804878049,0.7722880479414016,,preprocessed,real,0.0,0,0,1638,410
heloc,363676,2,23,46,plain,0.713928094602327,0.6634146341463415,0.6705882352941176,0.5816326530612245,0.6229508196721312,0.7383177570093458,0.6969818542888713,0.635240909654544,0.22174156604502598,47.8021978021978,47.80487804878049,0.7706174099585041,,preprocessed,real,0.0,0,0,1638,410
heloc,363676,2,23,46,mixed,0.721533473202365,0.6609756097560976,0.6628571428571428,0.5918367346938775,0.6253369272237197,0.7242990654205608,0.7027176646647089,0.6342426753575741,0.22119921742806498,47.8021978021978,47.80487804878049,0.7735106750624254,,preprocessed,real,0.0,0,0,1638,410
heloc,363676,2,23,46,curriculum,0.7179572763684914,0.6658536585365854,0.6544502617801047,0.6377551020408163,0.6459948320413437,0.6915887850467289,0.6996138083339931,0.6316567178183207,0.2200885175113562,47.8021978021978,47.80487804878049,0.7729678769828752,,preprocessed,real,0.0,0,0,1638,410
heloc,363676,2,23,47,plain,0.7687154300972725,0.697560975609756,0.7368421052631579,0.5714285714285714,0.6436781609195402,0.8130841121495327,0.7187706676045169,0.6206234995223466,0.21472012752234704,47.8021978021978,47.80487804878049,0.7776279699755833,,preprocessed,real,0.0,0,0,1638,410
heloc,363676,2,23,47,mixed,0.7636133892809461,0.6951219512195121,0.7261146496815286,0.5816326530612245,0.6458923512747875,0.7990654205607477,0.7079609020787103,0.623891488210453,0.21613853041501627,47.8021978021978,47.80487804878049,0.7733673569746315,,preprocessed,real,0.0,0,0,1638,410
heloc,363676,2,23,47,curriculum,0.7653538050734312,0.7097560975609756,0.7251461988304093,0.6326530612244898,0.6757493188010899,0.780373831775701,0.7182868746925437,0.6142960021844301,0.21164736783148413,47.8021978021978,47.80487804878049,0.7715983059024438,,preprocessed,real,0.0,0,0,1638,410
heloc,363676,2,23,48,plain,0.7975591645108748,0.726161369193154,0.7763157894736842,0.6020408163265306,0.6781609195402298,0.8403755868544601,0.7995645975549732,0.6210094236814665,0.21462322377800708,47.77303233679073,47.92176039119804,0.7807803549803793,,preprocessed,real,0.0,0,0,1639,409
heloc,363676,2,23,48,mixed,0.7949003545080003,0.7139364303178484,0.7423312883435583,0.6173469387755102,0.6740947075208914,0.8028169014084507,0.7897576951937684,0.6187304455842048,0.2134528061629785,47.77303233679073,47.92176039119804,0.7813049789983779,,preprocessed,real,0.0,0,0,1639,409
heloc,363676,2,23,48,curriculum,0.7852232442272684,0.7114914425427873,0.7191011235955056,0.6530612244897959,0.6844919786096256,0.7652582159624414,0.782320859033751,0.6107850008495603,0.20986221517019513,47.77303233679073,47.92176039119804,0.7814870110014454,,preprocessed,real,0.0,0,0,1639,409
heloc,363676,2,23,49,plain,0.7761083153606518,0.7017114914425427,0.738562091503268,0.5794871794871795,0.6494252873563219,0.8130841121495327,0.7870167862636894,0.6234812225344821,0.21588435316486906,47.83404514948139,47.67726161369193,0.7813866659998894,,preprocessed,real,0.0,0,0,1639,409
heloc,363676,2,23,49,mixed,0.7658519051042416,0.6943765281173594,0.7160493827160493,0.5948717948717949,0.6498599439775911,0.7850467289719626,0.7795660090546359,0.6214133642185463,0.21486720654153219,47.83404514948139,47.67726161369193,0.7816868489608169,,preprocessed,real,0.0,0,0,1639,409
heloc,363676,2,23,49,curriculum,0.7783848550203691,0.6943765281173594,0.6966292134831461,0.6358974358974359,0.6648793565683646,0.7476635514018691,0.7821965994625286,0.6102296690492626,0.2096798754930774,47.83404514948139,47.67726161369193,0.7813534060260281,,preprocessed,real,0.0,0,0,1639,409
in_vehicle_coupon_recommendation,363681,2,24,0,plain,0.49796319196915695,0.5682926829268292,0.5682926829268292,1.0,0.7247278382581649,0.0,0.5533504136597749,0.6841257619659652,0.24549882109103766,56.837606837606835,56.82926829268292,0.7998068020679057,,preprocessed,real,0.0,0,0,1638,410
in_vehicle_coupon_recommendation,363681,2,24,0,mixed,0.47919546082781694,0.5682926829268292,0.5682926829268292,1.0,0.7247278382581649,0.0,0.5529349273199895,0.6849312266434224,0.24590013009898098,56.837606837606835,56.82926829268292,0.8047903159167618,,preprocessed,real,0.0,0,0,1638,410
in_vehicle_coupon_recommendation,363681,2,24,0,curriculum,0.5976455469072041,0.5682926829268292,0.5682926829268292,1.0,0.7247278382581649,0.0,0.6457789477285174,0.6854300128960437,0.24614627071409417,56.837606837606835,56.82926829268292,0.8048981030005962,,preprocessed,real,0.0,0,0,1638,410
in_vehicle_coupon_recommendation,363681,2,24,1,plain,0.5175917169806745,0.5682926829268292,0.5682926829268292,1.0,0.7247278382581649,0.0,0.5878644657879735,0.6835351710487549,0.2452110008844399,56.837606837606835,56.82926829268292,0.8029856059001759,,preprocessed,real,0.0,0,0,1638,410
in_vehicle_coupon_recommendation,363681,2,24,1,mixed,0.46402851531243183,0.5682926829268292,0.5682926829268292,1.0,0.7247278382581649,0.0,0.5519748106068957,0.6848525108538521,0.24586106348383321,56.837606837606835,56.82926829268292,0.8040885550435632,,preprocessed,real,0.0,0,0,1638,410
in_vehicle_coupon_recommendation,363681,2,24,1,curriculum,0.6205717611115152,0.5682926829268292,0.5682926829268292,1.0,0.7247278382581649,0.0,0.6884450017403807,0.6848414622112048,0.24585329714554943,56.837606837606835,56.82926829268292,0.8021435339469463,,preprocessed,real,0.0,0,0,1638,410
in_vehicle_coupon_recommendation,363681,2,24,2,plain,0.5484469338764821,0.5682926829268292,0.5682926829268292,1.0,0.7247278382581649,0.0,0.6006544429250231,0.682555864081668,0.24474317678689883,56.837606837606835,56.82926829268292,0.8007485209964216,,preprocessed,real,0.0,0,0,1638,410
in_vehicle_coupon_recommendation,363681,2,24,2,mixed,0.515567032807158,0.5682926829268292,0.5682926829268292,1.0,0.7247278382581649,0.0,0.583551808034855,0.6840851825184604,0.24548341405144872,56.837606837606835,56.82926829268292,0.8044201630400494,,preprocessed,real,0.0,0,0,1638,410
in_vehicle_coupon_recommendation,363681,2,24,2,curriculum,0.6107393128197668,0.5682926829268292,0.5686274509803921,0.9957081545064378,0.7238689547581904,0.005649717514124294,0.6684969657979085,0.6847116929854684,0.24579057749528868,56.837606837606835,56.82926829268292,0.8029911239864305,,preprocessed,real,0.0,0,0,1638,410
in_vehicle_coupon_recommendation,363681,2,24,3,plain,0.6068088836937464,0.5672371638141809,0.5672371638141809,1.0,0.7238689547581904,0.0,0.6482679455662321,0.6819767580594169,0.24446225110522607,56.863941427699814,56.723716381418086,0.8131658040219918,,preprocessed,real,0.0,0,0,1639,409
in_vehicle_coupon_recommendation,363681,2,24,3,mixed,0.4647136177673875,0.5672371638141809,0.5672371638141809,1.0,0.7238689547581904,0.0,0.556763396121146,0.6847893993590254,0.24583255943195484,56.863941427699814,56.723716381418086,0.8128553890855983,,preprocessed,real,0.0,0,0,1639,409
in_vehicle_coupon_recommendation,363681,2,24,3,curriculum,0.576344243132671,0.5672371638141809,0.5672371638141809,1.0,0.7238689547581904,0.0,0.664802413033636,0.6853992654872005,0.24613464379426156,56.863941427699814,56.723716381418086,0.8133049010066316,,preprocessed,real,0.0,0,0,1639,409
in_vehicle_coupon_recommendation,363681,2,24,4,plain,0.5791309012875537,0.5696821515892421,0.5696821515892421,1.0,0.7258566978193146,0.0,0.6221933319305908,0.6820394742940172,0.24447789794416344,56.80292861500915,56.96821515892421,0.8115689690457657,,preprocessed,real,0.0,0,0,1639,409
in_vehicle_coupon_recommendation,363681,2,24,4,mixed,0.468055013655872,0.5696821515892421,0.5696821515892421,1.0,0.7258566978193146,0.0,0.5536526649807035,0.6843914319313399,0.24563166039018935,56.80292861500915,56.96821515892421,0.8134869280038401,,preprocessed,real,0.0,0,0,1639,409
in_vehicle_coupon_recommendation,363681,2,24,4,curriculum,0.5550136558720249,0.5696821515892421,0.5696821515892421,1.0,0.7258566978193146,0.0,0.6182456748043555,0.6858461449862444,0.24635564494986395,56.80292861500915,56.96821515892421,0.8133125510066748,,preprocessed,real,0.0,0,0,1639,409
in_vehicle_coupon_recommendation,363681,2,24,5,plain,0.5623529982299168,0.5682926829268292,0.5682926829268292,1.0,0.7247278382581649,0.0,0.6077215351849461,0.6828402439374035,0.24486913105888522,56.837606837606835,56.82926829268292,0.8013770459219813,,preprocessed,real,0.0,0,0,1638,410
in_vehicle_coupon_recommendation,363681,2,24,5,mixed,0.4857180960694455,0.5682926829268292,0.5682926829268292,1.0,0.7247278382581649,0.0,0.5449829771221293,0.6846476176324201,0.24575884877402285,56.837606837606835,56.82926829268292,0.8044788839761168,,preprocessed,real,0.0,0,0,1638,410
in_vehicle_coupon_recommendation,363681,2,24,5,curriculum,0.5825877161077568,0.5682926829268292,0.5682926829268292,1.0,0.7247278382581649,0.0,0.6216929806893001,0.6857185401816387,0.24629035410854866,56.837606837606835,56.82926829268292,0.8036325969733298,,preprocessed,real,0.0,0,0,1638,410
in_vehicle_coupon_recommendation,363681,2,24,6,plain,0.5316917630513325,0.5682926829268292,0.5682926829268292,1.0,0.7247278382581649,0.0,0.5854349069718641,0.6835106583708548,0.24519867685898974,56.837606837606835,56.82926829268292,0.8013663289602846,,preprocessed,real,0.0,0,0,1638,410
in_vehicle_coupon_recommendation,363681,2,24,6,mixed,0.48980383598845817,0.5682926829268292,0.5682926829268292,1.0,0.7247278382581649,0.0,0.5782730160999043,0.684420176430388,0.24564759659889265,56.837606837606835,56.82926829268292,0.8021416619885713,,preprocessed,real,0.0,0,0,1638,410
in_vehicle_coupon_recommendation,363681,2,24,6,curriculum,0.6218568899881186,0.5658536585365853,0.5672371638141809,0.9957081545064378,0.7227414330218068,0.0,0.6901141080131223,0.6848887710172825,0.24587715254481105,56.837606837606835,56.82926829268292,0.8045774910133332,,preprocessed,real,0.0,0,0,1638,410
in_vehicle_coupon_recommendation,363681,2,24,7,plain,0.5629713149535657,0.5682926829268292,0.5682926829268292,1.0,0.7247278382581649,0.0,0.602369783302235,0.6834594154090388,0.24516655681877655,56.837606837606835,56.82926829268292,0.8044557449175045,,preprocessed,real,0.0,0,0,1638,410
in_vehicle_coupon_recommendation,363681,2,24,7,mixed,0.48226279673140804,0.5682926829268292,0.5682926829268292,1.0,0.7247278382581649,0.0,0.5497092034042403,0.6847701670761198,0.2458193398582513,56.837606837606835,56.82926829268292,0.8035179190337658,,preprocessed,real,0.0,0,0,1638,410
in_vehicle_coupon_recommendation,363681,2,24,7,curriculum,0.6098057758056302,0.5682926829268292,0.5682926829268292,1.0,0.7247278382581649,0.0,0.6538420600462631,0.68552209733334,0.24619063708185737,56.837606837606835,56.82926829268292,0.8022010290296748,,preprocessed,real,0.0,0,0,1638,410
in_vehicle_coupon_recommendation,363681,2,24,8,plain,0.5546707578414183,0.5672371638141809,0.5672371638141809,1.0,0.7238689547581904,0.0,0.5933496295883061,0.683234128026661,0.24506392357279969,56.863941427699814,56.723716381418086,0.8117449240526184,,preprocessed,real,0.0,0,0,1639,409
in_vehicle_coupon_recommendation,363681,2,24,8,mixed,0.48721507890122734,0.5672371638141809,0.5672371638141809,1.0,0.7238689547581904,0.0,0.5652724408374721,0.6848742719425747,0.24587285517720495,56.863941427699814,56.723716381418086,0.8141966309631243,,preprocessed,real,0.0,0,0,1639,409
in_vehicle_coupon_recommendation,363681,2,24,8,curriculum,0.5990405221118255,0.5672371638141809,0.5672371638141809,1.0,0.7238689547581904,0.0,0.6596590334340054,0.6852099090029903,0.2460371115400313,56.863941427699814,56.723716381418086,0.8114155939547345,,preprocessed,real,0.0,0,0,1639,409
in_vehicle_coupon_recommendation,363681,2,24,9,plain,0.5297990635973469,0.5696821515892421,0.5696821515892421,1.0,0.7258566978193146,0.0,0.5972275200108993,0.6828219333530187,0.2448608109546025,56.80292861500915,56.96821515892421,0.8129419799661264,,preprocessed,real,0.0,0,0,1639,409
in_vehicle_coupon_recommendation,363681,2,24,9,mixed,0.46356808427623875,0.5696821515892421,0.5696821515892421,1.0,0.7258566978193146,0.0,0.548077997915217,0.6848271882149828,0.24584730593328832,56.80292861500915,56.96821515892421,0.8139702170155942,,preprocessed,real,0.0,0,0,1639,409
in_vehicle_coupon_recommendation,363681,2,24,9,curriculum,0.5490148263753414,0.5696821515892421,0.5696821515892421,1.0,0.7258566978193146,0.0,0.6309985983383417,0.6860737150661529,0.24646909051068167,56.80292861500915,56.96821515892421,0.8128225819673389,,preprocessed,real,0.0,0,0,1639,409
in_vehicle_coupon_recommendation,363681,2,24,10,plain,0.5482408283019325,0.5682926829268292,0.5682926829268292,1.0,0.7247278382581649,0.0,0.5800955105403227,0.6833436140010413,0.2451160354964749,56.837606837606835,56.82926829268292,0.8001939930254593,,preprocessed,real,0.0,0,0,1638,410
in_vehicle_coupon_recommendation,363681,2,24,10,mixed,0.4630343590116631,0.5682926829268292,0.5682926829268292,1.0,0.7247278382581649,0.0,0.5350408902033467,0.6849943303893291,0.2459298808726437,56.837606837606835,56.82926829268292,0.8029233750421554,,preprocessed,real,0.0,0,0,1638,410
in_vehicle_coupon_recommendation,363681,2,24,10,curriculum,0.5468344608520647,0.5682926829268292,0.5682926829268292,1.0,0.7247278382581649,0.0,0.6171602229361183,0.6860950303627704,0.24647891241925343,56.837606837606835,56.82926829268292,0.8039737989893183,,preprocessed,real,0.0,0,0,1638,410
in_vehicle_coupon_recommendation,363681,2,24,11,plain,0.53808103586237,0.5682926829268292,0.5682926829268292,1.0,0.7247278382581649,0.0,0.589376165195975,0.6837598130088448,0.24531377078181865,56.837606837606835,56.82926829268292,0.8024947140365839,,preprocessed,real,0.0,0,0,1638,410
in_vehicle_coupon_recommendation,363681,2,24,11,mixed,0.47129070585097355,0.5682926829268292,0.5682926829268292,1.0,0.7247278382581649,0.0,0.5443456670983313,0.6850280188406103,0.24594701855497222,56.837606837606835,56.82926829268292,0.8022417579777539,,preprocessed,real,0.0,0,0,1638,410
in_vehicle_coupon_recommendation,363681,2,24,11,curriculum,0.5827695739676535,0.5682926829268292,0.5682926829268292,1.0,0.7247278382581649,0.0,0.6360894603103098,0.6861189312241225,0.2464882569819359,56.837606837606835,56.82926829268292,0.8028331210371107,,preprocessed,real,0.0,0,0,1638,410
in_vehicle_coupon_recommendation,363681,2,24,12,plain,0.5275454038456875,0.5682926829268292,0.5682926829268292,1.0,0.7247278382581649,0.0,0.6088950814880929,0.6827357210440155,0.24483348403961222,56.837606837606835,56.82926829268292,0.8026570479851216,,preprocessed,real,0.0,0,0,1638,410
in_vehicle_coupon_recommendation,363681,2,24,12,mixed,0.4838995174704784,0.5682926829268292,0.5682926829268292,1.0,0.7247278382581649,0.0,0.5747393998977274,0.6843821777368853,0.2456309631415522,56.837606837606835,56.82926829268292,0.8033123241038993,,preprocessed,real,0.0,0,0,1638,410
in_vehicle_coupon_recommendation,363681,2,24,12,curriculum,0.6434009844572148,0.5682926829268292,0.5686274509803921,0.9957081545064378,0.7238689547581904,0.005649717514124294,0.6880399630916691,0.6842487997158507,0.2455592617424033,56.837606837606835,56.82926829268292,0.8031876720488071,,preprocessed,real,0.0,0,0,1638,410
in_vehicle_coupon_recommendation,363681,2,24,13,plain,0.5658484317163452,0.5672371638141809,0.5672371638141809,1.0,0.7238689547581904,0.0,0.6092301491624804,0.6828136517970635,0.24486234809011728,56.863941427699814,56.723716381418086,0.8118954829405993,,preprocessed,real,0.0,0,0,1639,409
in_vehicle_coupon_recommendation,363681,2,24,13,mixed,0.4904052211182544,0.5672371638141809,0.5672371638141809,1.0,0.7238689547581904,0.0,0.5685574895218268,0.6846276290053844,0.24575127708312278,56.863941427699814,56.723716381418086,0.8133694389835,,preprocessed,real,0.0,0,0,1639,409
in_vehicle_coupon_recommendation,363681,2,24,13,curriculum,0.6192528735632183,0.5672371638141809,0.5672371638141809,1.0,0.7238689547581904,0.0,0.686510441769933,0.6846646246788619,0.2457667196194345,56.863941427699814,56.723716381418086,0.8125731369946152,,preprocessed,real,0.0,0,0,1639,409
in_vehicle_coupon_recommendation,363681,2,24,14,plain,0.5629389387436599,0.5696821515892421,0.5696821515892421,1.0,0.7258566978193146,0.0,0.6331453992796467,0.6820094667690257,0.24446651553448992,56.80292861500915,56.96821515892421,0.8128625400131568,,preprocessed,real,0.0,0,0,1639,409
in_vehicle_coupon_recommendation,363681,2,24,14,mixed,0.4884900507218104,0.5696821515892421,0.5696821515892421,1.0,0.7258566978193146,0.0,0.5826947391066208,0.6841157262443122,0.24549705227410754,56.80292861500915,56.96821515892421,0.8135556690394878,,preprocessed,real,0.0,0,0,1639,409
in_vehicle_coupon_recommendation,363681,2,24,14,curriculum,0.5883973858759266,0.5696821515892421,0.5696821515892421,1.0,0.7258566978193146,0.0,0.6654529671198913,0.6851456898300472,0.24600678640874965,56.80292861500915,56.96821515892421,0.8135256830137223,,preprocessed,real,0.0,0,0,1639,409
in_vehicle_coupon_recommendation,363681,2,24,15,plain,0.5153972988045877,0.5682926829268292,0.5682926829268292,1.0,0.7247278382581649,0.0,0.5747182515285321,0.6836923888122408,0.24528783516205654,56.837606837606835,56.82926829268292,0.8001260940218344,,preprocessed,real,0.0,0,0,1638,410
in_vehicle_coupon_recommendation,363681,2,24,15,mixed,0.45616013190756777,0.5682926829268292,0.5682926829268292,1.0,0.7247278382581649,0.0,0.528707954951434,0.6849826454052108,0.2459242356343968,56.837606837606835,56.82926829268292,0.8038390199653804,,preprocessed,real,0.0,0,0,1638,410
in_vehicle_coupon_recommendation,363681,2,24,15,curriculum,0.5847942581411703,0.5682926829268292,0.5686274509803921,0.9957081545064378,0.7238689547581904,0.005649717514124294,0.6524646008995851,0.6855660025196997,0.24621463058075654,56.837606837606835,56.82926829268292,0.8028037010226399,,preprocessed,real,0.0,0,0,1638,410
in_vehicle_coupon_recommendation,363681,2,24,16,plain,0.542530491501176,0.5682926829268292,0.5682926829268292,1.0,0.7247278382581649,0.0,0.5973216331459992,0.6829137122701127,0.24491281173443089,56.837606837606835,56.82926829268292,0.8039339310489595,,preprocessed,real,0.0,0,0,1638,410
in_vehicle_coupon_recommendation,363681,2,24,16,mixed,0.46702310807206415,0.5682926829268292,0.5682926829268292,1.0,0.7247278382581649,0.0,0.5406870070473042,0.684961815158724,0.2459157198704311,56.837606837606835,56.82926829268292,0.8030750139150769,,preprocessed,real,0.0,0,0,1638,410
in_vehicle_coupon_recommendation,363681,2,24,16,curriculum,0.5745738464149754,0.5682926829268292,0.5682926829268292,1.0,0.7247278382581649,0.0,0.6338320791233432,0.6857130457230538,0.24628922288422553,56.837606837606835,56.82926829268292,0.8032655449351296,,preprocessed,real,0.0,0,0,1638,410
in_vehicle_coupon_recommendation,363681,2,24,17,plain,0.5999854513712083,0.5682926829268292,0.5682926829268292,1.0,0.7247278382581649,0.0,0.6337723743491046,0.6821886900616824,0.24455683363525543,56.837606837606835,56.82926829268292,0.8012656409991905,,preprocessed,real,0.0,0,0,1638,410
in_vehicle_coupon_recommendation,363681,2,24,17,mixed,0.4979995635411363,0.5682926829268292,0.5682926829268292,1.0,0.7247278382581649,0.0,0.5823529786923168,0.6844442285650785,0.2456608589897667,56.837606837606835,56.82926829268292,0.8042509410297498,,preprocessed,real,0.0,0,0,1638,410
in_vehicle_coupon_recommendation,363681,2,24,17,curriculum,0.6143158507310686,0.5682926829268292,0.5682926829268292,1.0,0.7247278382581649,0.0,0.6777528525256065,0.6846752231091455,0.24577198300040878,56.837606837606835,56.82926829268292,0.8024052809923887,,preprocessed,real,0.0,0,0,1638,410
in_vehicle_coupon_recommendation,363681,2,24,18,plain,0.5883011883888565,0.5672371638141809,0.5672371638141809,1.0,0.7238689547581904,0.0,0.6454839040110272,0.6820700665485276,0.24450379900721733,56.863941427699814,56.723716381418086,0.8100858649704605,,preprocessed,real,0.0,0,0,1639,409
in_vehicle_coupon_recommendation,363681,2,24,18,mixed,0.5119812974868498,0.5672371638141809,0.5672371638141809,1.0,0.7238689547581904,0.0,0.5933179458300617,0.6841678948082166,0.24552534963982733,56.863941427699814,56.723716381418086,0.8155540220905095,,preprocessed,real,0.0,0,0,1639,409
in_vehicle_coupon_recommendation,363681,2,24,18,curriculum,0.6084161309175922,0.5672371638141809,0.5672371638141809,1.0,0.7238689547581904,0.0,0.6542204987338356,0.6846887699921186,0.2457796802401356,56.863941427699814,56.723716381418086,0.8116283890558407,,preprocessed,real,0.0,0,0,1639,409
in_vehicle_coupon_recommendation,363681,2,24,19,plain,0.5407359539602029,0.5696821515892421,0.5696821515892421,1.0,0.7258566978193146,0.0,0.5992220987591332,0.6827384904451146,0.2448214712835281,56.80292861500915,56.96821515892421,0.8120984160341322,,preprocessed,real,0.0,0,0,1639,409
in_vehicle_coupon_recommendation,363681,2,24,19,mixed,0.5096078813889973,0.5696821515892421,0.5696821515892421,1.0,0.7258566978193146,0.0,0.5708148141909465,0.6836940858377103,0.24528762942484542,56.80292861500915,56.96821515892421,0.8112018809188157,,preprocessed,real,0.0,0,0,1639,409
in_vehicle_coupon_recommendation,363681,2,24,19,curriculum,0.5992733125243854,0.5696821515892421,0.5696821515892421,1.0,0.7258566978193146,0.0,0.6689868209006,0.6849405681604154,0.24590348655786212,56.80292861500915,56.96821515892421,0.8137657929910347,,preprocessed,real,0.0,0,0,1639,409
in_vehicle_coupon_recommendation,363681,2,24,20,plain,0.5538905458160569,0.5682926829268292,0.5682926829268292,1.0,0.7247278382581649,0.0,0.6119978525281126,0.6826819790408876,0.244798167435145,56.837606837606835,56.82926829268292,0.8024380709975958,,preprocessed,real,0.0,0,0,1638,410
in_vehicle_coupon_recommendation,363681,2,24,20,mixed,0.4944836449164666,0.5682926829268292,0.5682926829268292,1.0,0.7247278382581649,0.0,0.5610249877172093,0.6844460110593958,0.24566043538661347,56.837606837606835,56.82926829268292,0.8030404289020225,,preprocessed,real,0.0,0,0,1638,410
in_vehicle_coupon_recommendation,363681,2,24,20,curriculum,0.5761984432967193,0.5658536585365853,0.5672371638141809,0.9957081545064378,0.7227414330218068,0.0,0.6525287559227758,0.6854394488630267,0.24615370866480038,56.837606837606835,56.82926829268292,0.8035403930116445,,preprocessed,real,0.0,0,0,1638,410
in_vehicle_coupon_recommendation,363681,2,24,21,plain,0.5534540869523047,0.5682926829268292,0.5682926829268292,1.0,0.7247278382581649,0.0,0.603000049704236,0.6828251323516633,0.24486613554130185,56.837606837606835,56.82926829268292,0.8011369799496606,,preprocessed,real,0.0,0,0,1638,410
in_vehicle_coupon_recommendation,363681,2,24,21,mixed,0.43175480710942993,0.5682926829268292,0.5682926829268292,1.0,0.7247278382581649,0.0,0.5372852272745136,0.6852325938455786,0.24604859486239158,56.837606837606835,56.82926829268292,0.8029014249332249,,preprocessed,real,0.0,0,0,1638,410
in_vehicle_coupon_recommendation,363681,2,24,21,curriculum,0.5867219514560753,0.5682926829268292,0.5682926829268292,1.0,0.7247278382581649,0.0,0.640838732823088,0.6854776230638022,0.24617189390170968,56.837606837606835,56.82926829268292,0.8030326250009239,,preprocessed,real,0.0,0,0,1638,410
in_vehicle_coupon_recommendation,363681,2,24,22,plain,0.5435246478019446,0.5682926829268292,0.5682926829268292,1.0,0.7247278382581649,0.0,0.6017092778266967,0.6824288119990723,0.24467987635763067,56.837606837606835,56.82926829268292,0.8007189120398834,,preprocessed,real,0.0,0,0,1638,410
in_vehicle_coupon_recommendation,363681,2,24,22,mixed,0.48999781770568124,0.5682926829268292,0.5682926829268292,1.0,0.7247278382581649,0.0,0.5623326426217605,0.6846242392594275,0.24574922621841497,56.837606837606835,56.82926829268292,0.8028472880832851,,preprocessed,real,0.0,0,0,1638,410
in_vehicle_coupon_recommendation,363681,2,24,22,curriculum,0.5866492083121166,0.5682926829268292,0.5682926829268292,1.0,0.7247278382581649,0.0,0.6423644447250036,0.6853232600152388,0.2460953186901016,56.837606837606835,56.82926829268292,0.8015129540581256,,preprocessed,real,0.0,0,0,1638,410
in_vehicle_coupon_recommendation,363681,2,24,23,plain,0.5443454120397428,0.5672371638141809,0.5672371638141809,1.0,0.7238689547581904,0.0,0.6067111805401975,0.6831818851125657,0.24504682893030413,56.863941427699814,56.723716381418086,0.8110677170334384,,preprocessed,real,0.0,0,0,1639,409
in_vehicle_coupon_recommendation,363681,2,24,23,mixed,0.48217416715371125,0.5672371638141809,0.5672371638141809,1.0,0.7238689547581904,0.0,0.5709364747294052,0.6846768295749517,0.2457762430211191,56.863941427699814,56.723716381418086,0.8141038899775594,,preprocessed,real,0.0,0,0,1639,409
in_vehicle_coupon_recommendation,363681,2,24,23,curriculum,0.6049094097019287,0.5672371638141809,0.5672371638141809,1.0,0.7238689547581904,0.0,0.6774860574330706,0.6847232504007089,0.2457960359608342,56.863941427699814,56.723716381418086,0.8121462390990928,,preprocessed,real,0.0,0,0,1639,409
in_vehicle_coupon_recommendation,363681,2,24,24,plain,0.5482832618025751,0.5696821515892421,0.5696821515892421,1.0,0.7258566978193146,0.0,0.6010692941031341,0.6830210206242222,0.24495412879103556,56.80292861500915,56.96821515892421,0.811693373019807,,preprocessed,real,0.0,0,0,1639,409
in_vehicle_coupon_recommendation,363681,2,24,24,mixed,0.518337885290675,0.5696821515892421,0.5696821515892421,1.0,0.7258566978193146,0.0,0.5837202831092103,0.6837984671912577,0.24533941985605026,56.80292861500915,56.96821515892421,0.811638136045076,,preprocessed,real,0.0,0,0,1639,409
in_vehicle_coupon_recommendation,363681,2,24,24,curriculum,0.6166601638704643,0.5696821515892421,0.5696821515892421,1.0,0.7258566978193146,0.0,0.6702497800837434,0.684895021878776,0.2458788902073811,56.80292861500915,56.96821515892421,0.8130028209416196,,preprocessed,real,0.0,0,0,1639,409
in_vehicle_coupon_recommendation,363681,2,24,25,plain,0.5917169806745715,0.5682926829268292,0.5682926829268292,1.0,0.7247278382581649,0.0,0.6180455248549646,0.682376717335883,0.24464855709137162,56.837606837606835,56.82926829268292,0.802129979012534,,preprocessed,real,0.0,0,0,1638,410
in_vehicle_coupon_recommendation,363681,2,24,25,mixed,0.4636890473072913,0.5682926829268292,0.5682926829268292,1.0,0.7247278382581649,0.0,0.5624553236437863,0.6849668166794772,0.2459187819563168,56.837606837606835,56.82926829268292,0.8026313059963286,,preprocessed,real,0.0,0,0,1638,410
in_vehicle_coupon_recommendation,363681,2,24,25,curriculum,0.5927717562619723,0.5658536585365853,0.5672371638141809,0.9957081545064378,0.7227414330218068,0.0,0.6655466516747357,0.6852081613971663,0.24603814442237887,56.837606837606835,56.82926829268292,0.8032781649380922,,preprocessed,real,0.0,0,0,1638,410
in_vehicle_coupon_recommendation,363681,2,24,26,plain,0.5605586673456027,0.5682926829268292,0.5682926829268292,1.0,0.7247278382581649,0.0,0.5997485609169086,0.6822180724501233,0.24457748610186175,56.837606837606835,56.82926829268292,0.8029415890341625,,preprocessed,real,0.0,0,0,1638,410
in_vehicle_coupon_recommendation,363681,2,24,26,mixed,0.49894522441259914,0.5682926829268292,0.5682926829268292,1.0,0.7247278382581649,0.0,0.5691441072261298,0.6841117238982944,0.24549615603155098,56.837606837606835,56.82926829268292,0.8029257329180837,,preprocessed,real,0.0,0,0,1638,410
in_vehicle_coupon_recommendation,363681,2,24,26,curriculum,0.6116001066899445,0.5682926829268292,0.5682926829268292,1.0,0.7247278382581649,0.0,0.6874895187213114,0.6847215858872452,0.24579551638956873,56.837606837606835,56.82926829268292,0.8033633820014074,,preprocessed,real,0.0,0,0,1638,410
in_vehicle_coupon_recommendation,363681,2,24,27,plain,0.561189107926578,0.5682926829268292,0.5682926829268292,1.0,0.7247278382581649,0.0,0.6245479916974697,0.6832868792285582,0.24508542230669367,56.837606837606835,56.82926829268292,0.8021953239804134,,preprocessed,real,0.0,0,0,1638,410
in_vehicle_coupon_recommendation,363681,2,24,27,mixed,0.46858708566717594,0.5682926829268292,0.5682926829268292,1.0,0.7247278382581649,0.0,0.5450614618954883,0.6847726711013121,0.2458207428645844,56.837606837606835,56.82926829268292,0.8032044779974967,,preprocessed,real,0.0,0,0,1638,410
in_vehicle_coupon_recommendation,363681,2,24,27,curriculum,0.5677602385975121,0.5682926829268292,0.5682926829268292,1.0,0.7247278382581649,0.0,0.6188609038383368,0.6860846711084554,0.24647199103271322,56.837606837606835,56.82926829268292,0.8050591450883076,,preprocessed,real,0.0,0,0,1638,410
in_vehicle_coupon_recommendation,363681,2,24,28,plain,0.5577147866744594,0.5672371638141809,0.5672371638141809,1.0,0.7238689547581904,0.0,0.6142743725282838,0.6832682431396684,0.24508174079509107,56.863941427699814,56.723716381418086,0.8124849019804969,,preprocessed,real,0.0,0,0,1639,409
in_vehicle_coupon_recommendation,363681,2,24,28,mixed,0.4741988116111436,0.5672371638141809,0.5672371638141809,1.0,0.7238689547581904,0.0,0.5710366506895803,0.6850408676830863,0.24595558273103704,56.863941427699814,56.723716381418086,0.8142341210041195,,preprocessed,real,0.0,0,0,1639,409
in_vehicle_coupon_recommendation,363681,2,24,28,curriculum,0.5928063510617572,0.5672371638141809,0.5672371638141809,1.0,0.7238689547581904,0.0,0.6535534270117939,0.6855148201828307,0.24618935680260842,56.863941427699814,56.723716381418086,0.8112237700261176,,preprocessed,real,0.0,0,0,1639,409
in_vehicle_coupon_recommendation,363681,2,24,29,plain,0.4925868123293017,0.5696821515892421,0.5696821515892421,1.0,0.7258566978193146,0.0,0.5682654209767455,0.682767506965122,0.24484896234922934,56.80292861500915,56.96821515892421,0.8121760319918394,,preprocessed,real,0.0,0,0,1639,409
in_vehicle_coupon_recommendation,363681,2,24,29,mixed,0.4974639094810768,0.5696821515892421,0.5696821515892421,1.0,0.7258566978193146,0.0,0.5547118043410377,0.6840511768946492,0.24546441506965097,56.80292861500915,56.96821515892421,0.8128713319310918,,preprocessed,real,0.0,0,0,1639,409
in_vehicle_coupon_recommendation,363681,2,24,29,curriculum,0.5949326960593055,0.5696821515892421,0.5696821515892421,1.0,0.7258566978193146,0.0,0.6498754640508667,0.6844744225677728,0.24567222631756927,56.80292861500915,56.96821515892421,0.8127366489497945,,preprocessed,real,0.0,0,0,1639,409
in_vehicle_coupon_recommendation,363681,2,24,30,plain,0.5319463640551878,0.5682926829268292,0.5682926829268292,1.0,0.7247278382581649,0.0,0.5819734864522692,0.6837836977911599,0.24532530243059672,56.837606837606835,56.82926829268292,0.8019447260303423,,preprocessed,real,0.0,0,0,1638,410
in_vehicle_coupon_recommendation,363681,2,24,30,mixed,0.4598821561067869,0.5682926829268292,0.5682926829268292,1.0,0.7247278382581649,0.0,0.5369226981843174,0.6851989425437474,0.24603121747516407,56.837606837606835,56.82926829268292,0.8039255640469491,,preprocessed,real,0.0,0,0,1638,410
in_vehicle_coupon_recommendation,363681,2,24,30,curriculum,0.591353264954778,0.5658536585365853,0.5672371638141809,0.9957081545064378,0.7227414330218068,0.0,0.6464891849041958,0.6859013004532114,0.24637997201312467,56.837606837606835,56.82926829268292,0.8039625709643587,,preprocessed,real,0.0,0,0,1638,410
in_vehicle_coupon_recommendation,363681,2,24,31,plain,0.6032103974200431,0.5682926829268292,0.5682926829268292,1.0,0.7247278382581649,0.0,0.6450499309526678,0.6826475703362176,0.24477497837506845,56.837606837606835,56.82926829268292,0.8009267679881305,,preprocessed,real,0.0,0,0,1638,410
in_vehicle_coupon_recommendation,363681,2,24,31,mixed,0.49511408549744185,0.5682926829268292,0.5682926829268292,1.0,0.7247278382581649,0.0,0.5836698628884592,0.6842244208253225,0.24555062022457286,56.837606837606835,56.82926829268292,0.8025914028985426,,preprocessed,real,0.0,0,0,1638,410
in_vehicle_coupon_recommendation,363681,2,24,31,curriculum,0.6623748211731044,0.5682926829268292,0.5682926829268292,1.0,0.7247278382581649,0.0,0.7270207725918572,0.6845516976736808,0.24570850005614023,56.837606837606835,56.82926829268292,0.8030556559097022,,preprocessed,real,0.0,0,0,1638,410
in_vehicle_coupon_recommendation,363681,2,24,32,plain,0.5202832133071459,0.5682926829268292,0.5682926829268292,1.0,0.7247278382581649,0.0,0.575654306899853,0.6826800690773013,0.24480823902350018,56.837606837606835,56.82926829268292,0.8014686739770696,,preprocessed,real,0.0,0,0,1638,410
in_vehicle_coupon_recommendation,363681,2,24,32,mixed,0.48305084745762705,0.5682926829268292,0.5682926829268292,1.0,0.7247278382581649,0.0,0.5640304529468947,0.6844145858222929,0.2456460502290694,56.837606837606835,56.82926829268292,0.8045775369973853,,preprocessed,real,0.0,0,0,1638,410
in_vehicle_coupon_recommendation,363681,2,24,32,curriculum,0.5834848815499138,0.5682926829268292,0.5682926829268292,1.0,0.7247278382581649,0.0,0.6599669141807792,0.68468685947846,0.24577956551326774,56.837606837606835,56.82926829268292,0.8019816939486191,,preprocessed,real,0.0,0,0,1638,410
in_vehicle_coupon_recommendation,363681,2,24,33,plain,0.5393045002922268,0.5672371638141809,0.5672371638141809,1.0,0.7238689547581904,0.0,0.606115762817472,0.6830298510605227,0.24497167251756088,56.863941427699814,56.723716381418086,0.8112872439669445,,preprocessed,real,0.0,0,0,1639,409
in_vehicle_coupon_recommendation,363681,2,24,33,mixed,0.49878238846678347,0.5672371638141809,0.5672371638141809,1.0,0.7238689547581904,0.0,0.5667807896842556,0.6847218322517208,0.24579857440191183,56.863941427699814,56.723716381418086,0.8140034880489111,,preprocessed,real,0.0,0,0,1639,409
in_vehicle_coupon_recommendation,363681,2,24,33,curriculum,0.5858416130917592,0.5672371638141809,0.5672371638141809,1.0,0.7238689547581904,0.0,0.6483248180251311,0.6852915224519326,0.24607914625914873,56.863941427699814,56.723716381418086,0.811548401019536,,preprocessed,real,0.0,0,0,1639,409
in_vehicle_coupon_recommendation,363681,2,24,34,plain,0.5419796137339056,0.5696821515892421,0.5696821515892421,1.0,0.7258566978193146,0.0,0.6035551982888234,0.6821720983144837,0.24455153731066961,56.80292861500915,56.96821515892421,0.8130890410393476,,preprocessed,real,0.0,0,0,1639,409
in_vehicle_coupon_recommendation,363681,2,24,34,mixed,0.45367976980101443,0.5696821515892421,0.5696821515892421,1.0,0.7258566978193146,0.0,0.5551494559473878,0.6845976787989119,0.24573487712838318,56.80292861500915,56.96821515892421,0.8126969590084627,,preprocessed,real,0.0,0,0,1639,409
in_vehicle_coupon_recommendation,363681,2,24,34,curriculum,0.5448814865392119,0.5696821515892421,0.5696821515892421,1.0,0.7258566978193146,0.0,0.6123104580629408,0.68604388994988,0.2464544722025598,56.80292861500915,56.96821515892421,0.8129441670607775,,preprocessed,real,0.0,0,0,1639,409
in_vehicle_coupon_recommendation,363681,2,24,35,plain,0.5522901966489658,0.5682926829268292,0.5682926829268292,1.0,0.7247278382581649,0.0,0.6015519949060691,0.6821759920912454,0.2445624428613567,56.837606837606835,56.82926829268292,0.8017323319800198,,preprocessed,real,0.0,0,0,1638,410
in_vehicle_coupon_recommendation,363681,2,24,35,mixed,0.4924225891709707,0.5682926829268292,0.5682926829268292,1.0,0.7247278382581649,0.0,0.5584219006918094,0.6843857190052258,0.24563201257552297,56.837606837606835,56.82926829268292,0.80410240101628,,preprocessed,real,0.0,0,0,1638,410
in_vehicle_coupon_recommendation,363681,2,24,35,curriculum,0.5907228243738027,0.5658536585365853,0.5672371638141809,0.9957081545064378,0.7227414330218068,0.0,0.6624255965268151,0.6851977426650201,0.24603329766049392,56.837606837606835,56.82926829268292,0.8020823040278628,,preprocessed,real,0.0,0,0,1638,410
in_vehicle_coupon_recommendation,363681,2,24,36,plain,0.5485196770204408,0.5682926829268292,0.5682926829268292,1.0,0.7247278382581649,0.0,0.6162911788887038,0.6830960162593991,0.24499557515849324,56.837606837606835,56.82926829268292,0.8016190249472857,,preprocessed,real,0.0,0,0,1638,410
in_vehicle_coupon_recommendation,363681,2,24,36,mixed,0.499539293421595,0.5682926829268292,0.5682926829268292,1.0,0.7247278382581649,0.0,0.577267840854303,0.6843306843114512,0.2456034928363065,56.837606837606835,56.82926829268292,0.8031822829507291,,preprocessed,real,0.0,0,0,1638,410
in_vehicle_coupon_recommendation,363681,2,24,36,curriculum,0.5889891127761208,0.5682926829268292,0.5682926829268292,1.0,0.7247278382581649,0.0,0.6636253814714635,0.6853989833277111,0.2461316219496249,56.837606837606835,56.82926829268292,0.8038827650016174,,preprocessed,real,0.0,0,0,1638,410
in_vehicle_coupon_recommendation,363681,2,24,37,plain,0.5432942945127421,0.5682926829268292,0.5682926829268292,1.0,0.7247278382581649,0.0,0.6061675939742983,0.6828216064868807,0.244866999064514,56.837606837606835,56.82926829268292,0.801712948945351,,preprocessed,real,0.0,0,0,1638,410
in_vehicle_coupon_recommendation,363681,2,24,37,mixed,0.4731092844499406,0.5682926829268292,0.5682926829268292,1.0,0.7247278382581649,0.0,0.5580548114442054,0.684512621956392,0.24569325510911766,56.837606837606835,56.82926829268292,0.8027562260394916,,preprocessed,real,0.0,0,0,1638,410
in_vehicle_coupon_recommendation,363681,2,24,37,curriculum,0.5933779491282947,0.5682926829268292,0.5682926829268292,1.0,0.7247278382581649,0.0,0.6500615681864564,0.685122791349545,0.24599476076473123,56.837606837606835,56.82926829268292,0.8021087880479172,,preprocessed,real,0.0,0,0,1638,410
in_vehicle_coupon_recommendation,363681,2,24,38,plain,0.5373806740697449,0.5672371638141809,0.5672371638141809,1.0,0.7238689547581904,0.0,0.5906115811836475,0.6832792739925481,0.24509351961774037,56.863941427699814,56.723716381418086,0.8112998910946772,,preprocessed,real,0.0,0,0,1639,409
in_vehicle_coupon_recommendation,363681,2,24,38,mixed,0.4645431521527371,0.5672371638141809,0.5672371638141809,1.0,0.7238689547581904,0.0,0.5540832241391604,0.6850777633236461,0.24597420640257628,56.863941427699814,56.723716381418086,0.8134716770146042,,preprocessed,real,0.0,0,0,1639,409
in_vehicle_coupon_recommendation,363681,2,24,38,curriculum,0.5970192869666862,0.5672371638141809,0.5672371638141809,1.0,0.7238689547581904,0.0,0.655152125766054,0.6850520497474392,0.24595988465990556,56.863941427699814,56.723716381418086,0.81183065706864,,preprocessed,real,0.0,0,0,1639,409
in_vehicle_coupon_recommendation,363681,2,24,39,plain,0.5744732735076084,0.5696821515892421,0.5696821515892421,1.0,0.7258566978193146,0.0,0.610144385303901,0.6824350348891342,0.24466798098781858,56.80292861500915,56.96821515892421,0.8122284159762785,,preprocessed,real,0.0,0,0,1639,409
in_vehicle_coupon_recommendation,363681,2,24,39,mixed,0.4718591494342568,0.5696821515892421,0.5696821515892421,1.0,0.7258566978193146,0.0,0.5538791720423497,0.68452781362012,0.24569925961376338,56.80292861500915,56.96821515892421,0.8128846599720418,,preprocessed,real,0.0,0,0,1639,409
in_vehicle_coupon_recommendation,363681,2,24,39,curriculum,0.5998341786968395,0.5696821515892421,0.5696821515892421,1.0,0.7258566978193146,0.0,0.6717513201602281,0.6851260094590503,0.24599516222654227,56.80292861500915,56.96821515892421,0.8127305370289832,,preprocessed,real,0.0,0,0,1639,409
in_vehicle_coupon_recommendation,363681,2,24,40,plain,0.5537208118134866,0.5682926829268292,0.5682926829268292,1.0,0.7247278382581649,0.0,0.5894208122738441,0.6828371717220835,0.24487483045770342,56.837606837606835,56.82926829268292,0.8016395159065723,,preprocessed,real,0.0,0,0,1638,410
in_vehicle_coupon_recommendation,363681,2,24,40,mixed,0.4446182197327902,0.5682926829268292,0.5682926829268292,1.0,0.7247278382581649,0.0,0.5277854462227294,0.6853472569365743,0.24610575650210378,56.837606837606835,56.82926829268292,0.8033603379735723,,preprocessed,real,0.0,0,0,1638,410
in_vehicle_coupon_recommendation,363681,2,24,40,curriculum,0.5439247350937174,0.5682926829268292,0.5682926829268292,1.0,0.7247278382581649,0.0,0.6157319349521491,0.6862436663677488,0.2465543247606154,56.837606837606835,56.82926829268292,0.8030529170064256,,preprocessed,real,0.0,0,0,1638,410
in_vehicle_coupon_recommendation,363681,2,24,41,plain,0.5585703547440655,0.5682926829268292,0.5682926829268292,1.0,0.7247278382581649,0.0,0.6334882912422741,0.682430487523959,0.24467575594297725,56.837606837606835,56.82926829268292,0.802886041929014,,preprocessed,real,0.0,0,0,1638,410
in_vehicle_coupon_recommendation,363681,2,24,41,mixed,0.51545791809122,0.5682926829268292,0.5682926829268292,1.0,0.7247278382581649,0.0,0.5887159866798979,0.6839518405495335,0.24541703968261416,56.837606837606835,56.82926829268292,0.8034335289848968,,preprocessed,real,0.0,0,0,1638,410
in_vehicle_coupon_recommendation,363681,2,24,41,curriculum,0.605295700880192,0.5682926829268292,0.5682926829268292,1.0,0.7247278382581649,0.0,0.6537903910611144,0.6847401518540069,0.24580386393087483,56.837606837606835,56.82926829268292,0.8045234750024974,,preprocessed,real,0.0,0,0,1638,410
in_vehicle_coupon_recommendation,363681,2,24,42,plain,0.514294027787881,0.5682926829268292,0.5682926829268292,1.0,0.7247278382581649,0.0,0.5667387504917779,0.683880606462066,0.2453784311969661,56.837606837606835,56.82926829268292,0.803188925026916,,preprocessed,real,0.0,0,0,1638,410
in_vehicle_coupon_recommendation,363681,2,24,42,mixed,0.5174704784074101,0.5682926829268292,0.5682926829268292,1.0,0.7247278382581649,0.0,0.5687062970215093,0.6842428303197451,0.24555935544776736,56.837606837606835,56.82926829268292,0.8028377150185406,,preprocessed,real,0.0,0,0,1638,410
in_vehicle_coupon_recommendation,363681,2,24,42,curriculum,0.6273368734996727,0.5682926829268292,0.5682926829268292,1.0,0.7247278382581649,0.0,0.6730362755802151,0.6848782922354987,0.24587115453083075,56.837606837606835,56.82926829268292,0.8048178909812123,,preprocessed,real,0.0,0,0,1638,410
in_vehicle_coupon_recommendation,363681,2,24,43,plain,0.5728375219170075,0.5672371638141809,0.5672371638141809,1.0,0.7238689547581904,0.0,0.6125569925653852,0.6823892616303289,0.24466350867526074,56.863941427699814,56.723716381418086,0.8134596369927749,,preprocessed,real,0.0,0,0,1639,409
in_vehicle_coupon_recommendation,363681,2,24,43,mixed,0.4947642704071693,0.5672371638141809,0.5672371638141809,1.0,0.7238689547581904,0.0,0.5694700065486082,0.684500825872283,0.24568971143409696,56.863941427699814,56.723716381418086,0.8134770250180736,,preprocessed,real,0.0,0,0,1639,409
in_vehicle_coupon_recommendation,363681,2,24,43,curriculum,0.6173533995714008,0.5672371638141809,0.5675675675675675,0.9956896551724138,0.7230046948356808,0.005649717514124294,0.6757442296656835,0.6846339383563126,0.24575216157761307,56.863941427699814,56.723716381418086,0.8125293490011245,,preprocessed,real,0.0,0,0,1639,409
in_vehicle_coupon_recommendation,363681,2,24,44,plain,0.5342128365197035,0.5696821515892421,0.5696821515892421,1.0,0.7258566978193146,0.0,0.6127436985555188,0.6826776830510952,0.2447922146645261,56.80292861500915,56.96821515892421,0.8120547080179676,,preprocessed,real,0.0,0,0,1639,409
in_vehicle_coupon_recommendation,363681,2,24,44,mixed,0.44896117830667187,0.5696821515892421,0.5696821515892421,1.0,0.7258566978193146,0.0,0.5530125728049025,0.6847415698460219,0.2458055885782641,56.80292861500915,56.96821515892421,0.8124308610567823,,preprocessed,real,0.0,0,0,1639,409
in_vehicle_coupon_recommendation,363681,2,24,44,curriculum,0.5749975614514241,0.5696821515892421,0.5696821515892421,1.0,0.7258566978193146,0.0,0.6737522839272925,0.6855035842983218,0.24618549984360802,56.80292861500915,56.96821515892421,0.8133521761046723,,preprocessed,real,0.0,0,0,1639,409
in_vehicle_coupon_recommendation,363681,2,24,45,plain,0.5565214228558959,0.5682926829268292,0.5682926829268292,1.0,0.7247278382581649,0.0,0.6102099392430287,0.6823243168359876,0.24463005374627306,56.837606837606835,56.82926829268292,0.8033246279228479,,preprocessed,real,0.0,0,0,1638,410
in_vehicle_coupon_recommendation,363681,2,24,45,mixed,0.523762760359836,0.5682926829268292,0.5682926829268292,1.0,0.7247278382581649,0.0,0.5831672644440182,0.6839145066717844,0.24539902071460423,56.837606837606835,56.82926829268292,0.8035674300044775,,preprocessed,real,0.0,0,0,1638,410
in_vehicle_coupon_recommendation,363681,2,24,45,curriculum,0.6170315947721928,0.5658536585365853,0.5672371638141809,0.9957081545064378,0.7227414330218068,0.0,0.6809157181045493,0.6845618769785654,0.24571588184888646,56.837606837606835,56.82926829268292,0.8031476580072194,,preprocessed,real,0.0,0,0,1638,410
in_vehicle_coupon_recommendation,363681,2,24,46,plain,0.5802235639290997,0.5682926829268292,0.5682926829268292,1.0,0.7247278382581649,0.0,0.6046477122285184,0.6826440668386319,0.24477227237804156,56.837606837606835,56.82926829268292,0.8022761399624869,,preprocessed,real,0.0,0,0,1638,410
in_vehicle_coupon_recommendation,363681,2,24,46,mixed,0.47974103440750715,0.5682926829268292,0.5682926829268292,1.0,0.7247278382581649,0.0,0.5449046817726919,0.6849569896991512,0.2459121337617304,56.837606837606835,56.82926829268292,0.8042576180305332,,preprocessed,real,0.0,0,0,1638,410
in_vehicle_coupon_recommendation,363681,2,24,46,curriculum,0.5673359035910865,0.5682926829268292,0.5682926829268292,1.0,0.7247278382581649,0.0,0.6069471828894873,0.6860358921629318,0.24644838334765723,56.837606837606835,56.82926829268292,0.8051099079893902,,preprocessed,real,0.0,0,0,1638,410
in_vehicle_coupon_recommendation,363681,2,24,47,plain,0.5644383016900658,0.5682926829268292,0.5682926829268292,1.0,0.7247278382581649,0.0,0.624960716518332,0.6826729316669492,0.24479568614276362,56.837606837606835,56.82926829268292,0.8023762200027704,,preprocessed,real,0.0,0,0,1638,410
in_vehicle_coupon_recommendation,363681,2,24,47,mixed,0.4675686816517543,0.5682926829268292,0.5682926829268292,1.0,0.7247278382581649,0.0,0.5551377957605739,0.6846357359878407,0.24575480302209404,56.837606837606835,56.82926829268292,0.8046735569369048,,preprocessed,real,0.0,0,0,1638,410
in_vehicle_coupon_recommendation,363681,2,24,47,curriculum,0.5965907713198031,0.5682926829268292,0.5682926829268292,1.0,0.7247278382581649,0.0,0.663778128639993,0.6852788456192763,0.2460728633923798,56.837606837606835,56.82926829268292,0.8034061799990013,,preprocessed,real,0.0,0,0,1638,410
in_vehicle_coupon_recommendation,363681,2,24,48,plain,0.556058834989285,0.5672371638141809,0.5672371638141809,1.0,0.7238689547581904,0.0,0.6029916973202991,0.6833992295915807,0.24514560034654218,56.863941427699814,56.723716381418086,0.8106671179411933,,preprocessed,real,0.0,0,0,1639,409
in_vehicle_coupon_recommendation,363681,2,24,48,mixed,0.5005844535359439,0.5672371638141809,0.5672371638141809,1.0,0.7238689547581904,0.0,0.5733333180326821,0.6846912338844371,0.24578226628118344,56.863941427699814,56.723716381418086,0.8143184939399362,,preprocessed,real,0.0,0,0,1639,409
in_vehicle_coupon_recommendation,363681,2,24,48,curriculum,0.6314046366647185,0.5672371638141809,0.5672371638141809,1.0,0.7238689547581904,0.0,0.699745066232447,0.6847514997766093,0.24580854067995944,56.863941427699814,56.723716381418086,0.8142075230134651,,preprocessed,real,0.0,0,0,1639,409
in_vehicle_coupon_recommendation,363681,2,24,49,plain,0.5048770971517753,0.5696821515892421,0.5696821515892421,1.0,0.7258566978193146,0.0,0.5790868469979797,0.6834283512711713,0.24515629684369844,56.80292861500915,56.96821515892421,0.8147109569981694,,preprocessed,real,0.0,0,0,1639,409
in_vehicle_coupon_recommendation,363681,2,24,49,mixed,0.434354272337105,0.5696821515892421,0.5696821515892421,1.0,0.7258566978193146,0.0,0.5440981174988693,0.68487561498499,0.24587099178694097,56.80292861500915,56.96821515892421,0.8128818219993263,,preprocessed,real,0.0,0,0,1639,409
in_vehicle_coupon_recommendation,363681,2,24,49,curriculum,0.5572327350760827,0.5696821515892421,0.5696821515892421,1.0,0.7258566978193146,0.0,0.6394243723563626,0.6860237751768947,0.24644342847060974,56.80292861500915,56.96821515892421,0.8135196829680353,,preprocessed,real,0.0,0,0,1639,409
Is-this-a-good-customer,363682,2,13,0,plain,0.39852522205463387,0.8869565217391304,0.0,0.0,0.0,1.0,0.09564541644291717,0.35434066839599343,0.10058652122122454,11.393323657474602,11.304347826086957,0.2573666999815032,,preprocessed,real,0.0,0,0,1378,345
Is-this-a-good-customer,363682,2,13,0,mixed,0.3817663817663818,0.8869565217391304,0.0,0.0,0.0,1.0,0.09410509283676385,0.3555261209173815,0.10085205503431365,11.393323657474602,11.304347826086957,0.261724179959856,,preprocessed,real,0.0,0,0,1378,345
Is-this-a-good-customer,363682,2,13,0,curriculum,0.7137590078766549,0.8869565217391304,0.0,0.0,0.0,1.0,0.2280970942789663,0.34838234969938814,0.09932291066019319,11.393323657474602,11.304347826086957,0.2605342520400882,,preprocessed,real,0.0,0,0,1378,345
Is-this-a-good-customer,363682,2,13,1,plain,0.3576336517512988,0.8869565217391304,0.0,0.0,0.0,1.0,0.09258416460606138,0.3550171240335075,0.10072426991999285,11.393323657474602,11.304347826086957,0.26066714990884066,,preprocessed,real,0.0,0,0,1378,345
Is-this-a-good-customer,363682,2,13,1,mixed,0.36224233283056817,0.8869565217391304,0.0,0.0,0.0,1.0,0.08651508587002885,0.35615506725864315,0.10097373406352411,11.393323657474602,11.304347826086957,0.26056363293901086,,preprocessed,real,0.0,0,0,1378,345
Is-this-a-good-customer,363682,2,13,1,curriculum,0.6189877660465897,0.8869565217391304,0.0,0.0,0.0,1.0,0.20698424138795457,0.3501217078366551,0.09968629622104193,11.393323657474602,11.304347826086957,0.2607172849820927,,preprocessed,real,0.0,0,0,1378,345
Is-this-a-good-customer,363682,2,13,2,plain,0.33352459016393443,0.8840579710144928,0.0,0.0,0.0,1.0,0.09418789650721913,0.3613399390081862,0.1030398440900171,11.320754716981133,11.594202898550725,0.2599119220394641,,preprocessed,real,0.0,0,0,1378,345
Is-this-a-good-customer,363682,2,13,2,mixed,0.33975409836065573,0.8840579710144928,0.0,0.0,0.0,1.0,0.08546343085730669,0.3625215299828706,0.1033077114618794,11.320754716981133,11.594202898550725,0.2618107559392229,,preprocessed,real,0.0,0,0,1378,345
Is-this-a-good-customer,363682,2,13,2,curriculum,0.5990983606557376,0.8840579710144928,0.0,0.0,0.0,1.0,0.1865353088610876,0.3563474143784639,0.10199263386242238,11.320754716981133,11.594202898550725,0.26172096095979214,,preprocessed,real,0.0,0,0,1378,345
Is-this-a-good-customer,363682,2,13,3,plain,0.4419503993274485,0.8866279069767442,0.0,0.0,0.0,1.0,0.14168466893599313,0.354288338945178,0.10067890927129348,11.385061638868747,11.337209302325581,0.26384126697666943,,preprocessed,real,0.0,0,0,1379,344
Is-this-a-good-customer,363682,2,13,3,mixed,0.4594367381252627,0.8866279069767442,0.0,0.0,0.0,1.0,0.12376434142875631,0.3548552026172166,0.10080115110621216,11.385061638868747,11.337209302325581,0.26477938098832965,,preprocessed,real,0.0,0,0,1379,344
Is-this-a-good-customer,363682,2,13,3,curriculum,0.676839007986549,0.8866279069767442,0.0,0.0,0.0,1.0,0.24848363505840254,0.34860596359405727,0.09945362587298982,11.385061638868747,11.337209302325581,0.26379885897040367,,preprocessed,real,0.0,0,0,1379,344
Is-this-a-good-customer,363682,2,13,4,plain,0.30954182429592264,0.8866279069767442,0.0,0.0,0.0,1.0,0.07815372741039954,0.3564039389916975,0.10113742327903126,11.385061638868747,11.337209302325581,0.2638389558997005,,preprocessed,real,0.0,0,0,1379,344
Is-this-a-good-customer,363682,2,13,4,mixed,0.40815468684321143,0.8866279069767442,0.0,0.0,0.0,1.0,0.09501551098096515,0.3558591408430155,0.10104149387664774,11.385061638868747,11.337209302325581,0.26433828100562096,,preprocessed,real,0.0,0,0,1379,344
Is-this-a-good-customer,363682,2,13,4,curriculum,0.7319041614123581,0.8866279069767442,0.0,0.0,0.0,1.0,0.21192916536079542,0.3501282484381366,0.09983415591153201,11.385061638868747,11.337209302325581,0.26436099398415536,,preprocessed,real,0.0,0,0,1379,344
Is-this-a-good-customer,363682,2,13,5,plain,0.4242500418971007,0.8869565217391304,0.0,0.0,0.0,1.0,0.12214344216947653,0.35393549374769967,0.1004958349980965,11.393323657474602,11.304347826086957,0.2603613870451227,,preprocessed,real,0.0,0,0,1378,345
Is-this-a-good-customer,363682,2,13,5,mixed,0.41721132897603486,0.8869565217391304,0.0,0.0,0.0,1.0,0.09754193535050541,0.3549220356136296,0.1007093868753139,11.393323657474602,11.304347826086957,0.26161144697107375,,preprocessed,real,0.0,0,0,1378,345
Is-this-a-good-customer,363682,2,13,5,curriculum,0.7497905144963969,0.8869565217391304,0.0,0.0,0.0,1.0,0.285458733857295,0.3474352857317665,0.09911671779601038,11.393323657474602,11.304347826086957,0.26125854603014886,,preprocessed,real,0.0,0,0,1378,345
Is-this-a-good-customer,363682,2,13,6,plain,0.4099212334506452,0.8869565217391304,0.0,0.0,0.0,1.0,0.09635218098815845,0.3543819052702099,0.10059185483792464,11.393323657474602,11.304347826086957,0.26048914599232376,,preprocessed,real,0.0,0,0,1378,345
Is-this-a-good-customer,363682,2,13,6,mixed,0.39006200770906657,0.8869565217391304,0.0,0.0,0.0,1.0,0.09119879087475025,0.35539609501129094,0.10082302291401433,11.393323657474602,11.304347826086957,0.26145814603660256,,preprocessed,real,0.0,0,0,1378,345
Is-this-a-good-customer,363682,2,13,6,curriculum,0.6566113624937154,0.8869565217391304,0.0,0.0,0.0,1.0,0.1938365416140182,0.3494610972712664,0.09955282106930774,11.393323657474602,11.304347826086957,0.26037405198439956,,preprocessed,real,0.0,0,0,1378,345
Is-this-a-good-customer,363682,2,13,7,plain,0.3481967213114754,0.8840579710144928,0.0,0.0,0.0,1.0,0.09186600582423785,0.36098629315737807,0.10297053942202401,11.320754716981133,11.594202898550725,0.2604482020251453,,preprocessed,real,0.0,0,0,1378,345
Is-this-a-good-customer,363682,2,13,7,mixed,0.3951639344262295,0.8840579710144928,0.0,0.0,0.0,1.0,0.0964134959863738,0.36162815233661055,0.10312240955713968,11.320754716981133,11.594202898550725,0.26201014197431505,,preprocessed,real,0.0,0,0,1378,345
Is-this-a-good-customer,363682,2,13,7,curriculum,0.585655737704918,0.8840579710144928,0.0,0.0,0.0,1.0,0.16534777235053577,0.356382550218956,0.10199978883160278,11.320754716981133,11.594202898550725,0.26073503005318344,,preprocessed,real,0.0,0,0,1378,345
Is-this-a-good-customer,363682,2,13,8,plain,0.3952080706179067,0.8866279069767442,0.0,0.0,0.0,1.0,0.09178164998615235,0.35519455212105816,0.10088377274382541,11.385061638868747,11.337209302325581,0.2637233539717272,,preprocessed,real,0.0,0,0,1379,344
Is-this-a-good-customer,363682,2,13,8,mixed,0.4050441361916772,0.8866279069767442,0.0,0.0,0.0,1.0,0.09954861650544794,0.35575106435761555,0.10101652170046321,11.385061638868747,11.337209302325581,0.26381304196547717,,preprocessed,real,0.0,0,0,1379,344
Is-this-a-good-customer,363682,2,13,8,curriculum,0.694577553593947,0.8866279069767442,0.0,0.0,0.0,1.0,0.20917773219566332,0.3494348805292631,0.09966767882332872,11.385061638868747,11.337209302325581,0.26451217697467655,,preprocessed,real,0.0,0,0,1379,344
Is-this-a-good-customer,363682,2,13,9,plain,0.2774274905422447,0.8866279069767442,0.0,0.0,0.0,1.0,0.07620295782378525,0.35699876511725587,0.10124771384940238,11.385061638868747,11.337209302325581,0.2629946779925376,,preprocessed,real,0.0,0,0,1379,344
Is-this-a-good-customer,363682,2,13,9,mixed,0.35737704918032787,0.8866279069767442,0.0,0.0,0.0,1.0,0.09101354320784133,0.35706962905976936,0.1012743923647608,11.385061638868747,11.337209302325581,0.26483727199956775,,preprocessed,real,0.0,0,0,1379,344
Is-this-a-good-customer,363682,2,13,9,curriculum,0.5994955863808322,0.8866279069767442,0.0,0.0,0.0,1.0,0.18771409249954166,0.35166407972746605,0.10013321655092737,11.385061638868747,11.337209302325581,0.26316197600681335,,preprocessed,real,0.0,0,0,1379,344
Is-this-a-good-customer,363682,2,13,10,plain,0.3039634657281716,0.8869565217391304,0.0,0.0,0.0,1.0,0.07799768014309394,0.3559186574404992,0.10092281207272398,11.393323657474602,11.304347826086957,0.2586263660341501,,preprocessed,real,0.0,0,0,1378,345
Is-this-a-good-customer,363682,2,13,10,mixed,0.34883526059996645,0.8869565217391304,0.0,0.0,0.0,1.0,0.08882466640168712,0.3569083078038449,0.10115084696156335,11.393323657474602,11.304347826086957,0.260914174024947,,preprocessed,real,0.0,0,0,1378,345
Is-this-a-good-customer,363682,2,13,10,curriculum,0.6360817831406067,0.8869565217391304,0.0,0.0,0.0,1.0,0.15402548040771447,0.35122302112962284,0.09996281310827373,11.393323657474602,11.304347826086957,0.26199226698372513,,preprocessed,real,0.0,0,0,1378,345
Is-this-a-good-customer,363682,2,13,11,plain,0.4032176973353444,0.8869565217391304,0.0,0.0,0.0,1.0,0.15309816196933151,0.3541452852271571,0.10053853845006717,11.393323657474602,11.304347826086957,0.2606676670257002,,preprocessed,real,0.0,0,0,1378,345
Is-this-a-good-customer,363682,2,13,11,mixed,0.46447125858890564,0.8869565217391304,0.0,0.0,0.0,1.0,0.11163234991723209,0.35387254711692245,0.1004918723727915,11.393323657474602,11.304347826086957,0.26157238497398794,,preprocessed,real,0.0,0,0,1378,345
Is-this-a-good-customer,363682,2,13,11,curriculum,0.7230601642366348,0.8869565217391304,0.0,0.0,0.0,1.0,0.277379090741303,0.34792350581676806,0.09921661399675809,11.393323657474602,11.304347826086957,0.2615168469492346,,preprocessed,real,0.0,0,0,1378,345
Is-this-a-good-customer,363682,2,13,12,plain,0.39754098360655743,0.8840579710144928,0.0,0.0,0.0,1.0,0.10019293968796185,0.3601926581469812,0.10280148016744273,11.320754716981133,11.594202898550725,0.26095188094768673,,preprocessed,real,0.0,0,0,1378,345
Is-this-a-good-customer,363682,2,13,12,mixed,0.39434426229508196,0.8840579710144928,0.0,0.0,0.0,1.0,0.09803747018037826,0.3611321111899328,0.10301629617945965,11.320754716981133,11.594202898550725,0.2615294720744714,,preprocessed,real,0.0,0,0,1378,345
Is-this-a-good-customer,363682,2,13,12,curriculum,0.6864754098360655,0.8840579710144928,0.0,0.0,0.0,1.0,0.21671683565267874,0.3546549162611534,0.10163863187941881,11.320754716981133,11.594202898550725,0.26151414902415127,,preprocessed,real,0.0,0,0,1378,345
Is-this-a-good-customer,363682,2,13,13,plain,0.39226565783942835,0.8866279069767442,0.0,0.0,0.0,1.0,0.09298996309110448,0.35518749056531257,0.10087493777782806,11.385061638868747,11.337209302325581,0.26357581198681146,,preprocessed,real,0.0,0,0,1379,344
Is-this-a-good-customer,363682,2,13,13,mixed,0.4060529634300126,0.8866279069767442,0.0,0.0,0.0,1.0,0.0995634045859077,0.35563047067432124,0.10097577808738474,11.385061638868747,11.337209302325581,0.2638907040236518,,preprocessed,real,0.0,0,0,1379,344
Is-this-a-good-customer,363682,2,13,13,curriculum,0.683984867591425,0.8866279069767442,0.0,0.0,0.0,1.0,0.2675346166735524,0.3489289657399251,0.09953934630706071,11.385061638868747,11.337209302325581,0.2647747009759769,,preprocessed,real,0.0,0,0,1379,344
Is-this-a-good-customer,363682,2,13,14,plain,0.34367381252627155,0.8866279069767442,0.0,0.0,0.0,1.0,0.08435187360415469,0.35597081667212055,0.10103764156276879,11.385061638868747,11.337209302325581,0.26401511405128986,,preprocessed,real,0.0,0,0,1379,344
Is-this-a-good-customer,363682,2,13,14,mixed,0.33694829760403533,0.8866279069767442,0.0,0.0,0.0,1.0,0.08120009367941969,0.3576781650600406,0.10141269992683125,11.385061638868747,11.337209302325581,0.2639065639814362,,preprocessed,real,0.0,0,0,1379,344
Is-this-a-good-customer,363682,2,13,14,curriculum,0.6029424127784784,0.8866279069767442,0.0,0.0,0.0,1.0,0.20361752264415045,0.3508874987935119,0.09995274149584127,11.385061638868747,11.337209302325581,0.26467621594201773,,preprocessed,real,0.0,0,0,1379,344
Is-this-a-good-customer,363682,2,13,15,plain,0.3965979554214848,0.8869565217391304,0.0,0.0,0.0,1.0,0.09082704801203037,0.3546794778558421,0.100658657560887,11.393323657474602,11.304347826086957,0.2607251440640539,,preprocessed,real,0.0,0,0,1378,345
Is-this-a-good-customer,363682,2,13,15,mixed,0.4462879168761522,0.8869565217391304,0.0,0.0,0.0,1.0,0.10419246687575939,0.3545664899401831,0.10065123843357002,11.393323657474602,11.304347826086957,0.2615875609917566,,preprocessed,real,0.0,0,0,1378,345
Is-this-a-good-customer,363682,2,13,15,curriculum,0.7339534104239986,0.8869565217391304,0.0,0.0,0.0,1.0,0.2908600803974941,0.3478859803269805,0.09921104765141325,11.393323657474602,11.304347826086957,0.2617816290585324,,preprocessed,real,0.0,0,0,1378,345
Is-this-a-good-customer,363682,2,13,16,plain,0.39869281045751637,0.8869565217391304,0.0,0.0,0.0,1.0,0.11332489067007567,0.3541237739487467,0.10053682055666371,11.393323657474602,11.304347826086957,0.26098023704253137,,preprocessed,real,0.0,0,0,1378,345
Is-this-a-good-customer,363682,2,13,16,mixed,0.3671023965141612,0.8869565217391304,0.0,0.0,0.0,1.0,0.10559125650712531,0.35534882145582414,0.10079919422706914,11.393323657474602,11.304347826086957,0.26178942702244967,,preprocessed,real,0.0,0,0,1378,345
Is-this-a-good-customer,363682,2,13,16,curriculum,0.6576168929110106,0.8869565217391304,0.0,0.0,0.0,1.0,0.19653699525560314,0.348989664811915,0.09946737760738578,11.393323657474602,11.304347826086957,0.2616437829565257,,preprocessed,real,0.0,0,0,1378,345
Is-this-a-good-customer,363682,2,13,17,plain,0.3735245901639344,0.8840579710144928,0.0,0.0,0.0,1.0,0.108389158536006,0.3602137405345064,0.10280330136627844,11.320754716981133,11.594202898550725,0.2611654739594087,,preprocessed,real,0.0,0,0,1378,345
Is-this-a-good-customer,363682,2,13,17,mixed,0.3735245901639344,0.8840579710144928,0.0,0.0,0.0,1.0,0.09763185561499899,0.3617417556601025,0.10313270165128798,11.320754716981133,11.594202898550725,0.2610108039807528,,preprocessed,real,0.0,0,0,1378,345
Is-this-a-good-customer,363682,2,13,17,curriculum,0.6287704918032786,0.8840579710144928,0.0,0.0,0.0,1.0,0.19219049161123025,0.355458168520962,0.1017949953186545,11.320754716981133,11.594202898550725,0.2614542710362002,,preprocessed,real,0.0,0,0,1378,345
Is-this-a-good-customer,363682,2,13,18,plain,0.32484237074401007,0.8866279069767442,0.0,0.0,0.0,1.0,0.0801352586072535,0.35632351418234937,0.10112132528256682,11.385061638868747,11.337209302325581,0.2639391199918464,,preprocessed,real,0.0,0,0,1379,344
Is-this-a-good-customer,363682,2,13,18,mixed,0.3766288356452291,0.8866279069767442,0.0,0.0,0.0,1.0,0.08925535072308179,0.35674580742669726,0.10123531677798671,11.385061638868747,11.337209302325581,0.26457964605651796,,preprocessed,real,0.0,0,0,1379,344
Is-this-a-good-customer,363682,2,13,18,curriculum,0.6447246742328709,0.8866279069767442,0.0,0.0,0.0,1.0,0.16515204499148645,0.35121021545014347,0.10005174460270001,11.385061638868747,11.337209302325581,0.26493962190579623,,preprocessed,real,0.0,0,0,1379,344
Is-this-a-good-customer,363682,2,13,19,plain,0.31509037410676755,0.8866279069767442,0.0,0.0,0.0,1.0,0.0787474452844419,0.35638610072031457,0.10112222565646425,11.385061638868747,11.337209302325581,0.26401300402358174,,preprocessed,real,0.0,0,0,1379,344
Is-this-a-good-customer,363682,2,13,19,mixed,0.3217738545607398,0.8866279069767442,0.0,0.0,0.0,1.0,0.08165062674951976,0.3572181678371958,0.10131356551439619,11.385061638868747,11.337209302325581,0.2640527569456026,,preprocessed,real,0.0,0,0,1379,344
Is-this-a-good-customer,363682,2,13,19,curriculum,0.6842370744010088,0.8866279069767442,0.0,0.0,0.0,1.0,0.21598507404207437,0.35021603677167695,0.099830690101172,11.385061638868747,11.337209302325581,0.26643475401215255,,preprocessed,real,0.0,0,0,1379,344
Is-this-a-good-customer,363682,2,13,20,plain,0.33634992458521873,0.8869565217391304,0.0,0.0,0.0,1.0,0.10652808037260852,0.35517668785459544,0.10075671380808501,11.393323657474602,11.304347826086957,0.2612385459942743,,preprocessed,real,0.0,0,0,1378,345
Is-this-a-good-customer,363682,2,13,20,mixed,0.3651751298810122,0.8869565217391304,0.0,0.0,0.0,1.0,0.08704403953020438,0.35578072899853785,0.10089884432221462,11.393323657474602,11.304347826086957,0.26221659407019615,,preprocessed,real,0.0,0,0,1378,345
Is-this-a-good-customer,363682,2,13,20,curriculum,0.6903804256745433,0.8869565217391304,0.0,0.0,0.0,1.0,0.25975922802236956,0.3489586037750231,0.0994417074018372,11.393323657474602,11.304347826086957,0.26135457295458764,,preprocessed,real,0.0,0,0,1378,345
Is-this-a-good-customer,363682,2,13,21,plain,0.4018769901122843,0.8869565217391304,0.0,0.0,0.0,1.0,0.10002745204970948,0.3545006374152154,0.10061859229688852,11.393323657474602,11.304347826086957,0.2602763340109959,,preprocessed,real,0.0,0,0,1378,345
Is-this-a-good-customer,363682,2,13,21,mixed,0.3894754482989777,0.8869565217391304,0.0,0.0,0.0,1.0,0.0946449655335572,0.35555864576523877,0.10085359826594852,11.393323657474602,11.304347826086957,0.2616978849982843,,preprocessed,real,0.0,0,0,1378,345
Is-this-a-good-customer,363682,2,13,21,curriculum,0.6244343891402715,0.8869565217391304,0.0,0.0,0.0,1.0,0.18472774341635714,0.34996038446065975,0.09966553869410343,11.393323657474602,11.304347826086957,0.26164591894485056,,preprocessed,real,0.0,0,0,1378,345
Is-this-a-good-customer,363682,2,13,22,plain,0.3514754098360655,0.8840579710144928,0.0,0.0,0.0,1.0,0.09327013233063589,0.3609997860329055,0.10297318079985479,11.320754716981133,11.594202898550725,0.26164549496024847,,preprocessed,real,0.0,0,0,1378,345
Is-this-a-good-customer,363682,2,13,22,mixed,0.37426229508196723,0.8840579710144928,0.0,0.0,0.0,1.0,0.09981874573921118,0.3619158679359967,0.10318780532208759,11.320754716981133,11.594202898550725,0.261260885046795,,preprocessed,real,0.0,0,0,1378,345
Is-this-a-good-customer,363682,2,13,22,curriculum,0.5931967213114754,0.8840579710144928,0.0,0.0,0.0,1.0,0.15883464706206546,0.35708701882613947,0.10216021690075373,11.320754716981133,11.594202898550725,0.260762281017378,,preprocessed,real,0.0,0,0,1378,345
Is-this-a-good-customer,363682,2,13,23,plain,0.3440100882723834,0.8866279069767442,0.0,0.0,0.0,1.0,0.08607296729839521,0.3559390568409218,0.10103202429697872,11.385061638868747,11.337209302325581,0.26408731506671757,,preprocessed,real,0.0,0,0,1379,344
Is-this-a-good-customer,363682,2,13,23,mixed,0.3831021437578815,0.8866279069767442,0.0,0.0,0.0,1.0,0.09589192175084962,0.35643584528355216,0.10114440298456492,11.385061638868747,11.337209302325581,0.26364431204274297,,preprocessed,real,0.0,0,0,1379,344
Is-this-a-good-customer,363682,2,13,23,curriculum,0.7036569987389659,0.8866279069767442,0.0,0.0,0.0,1.0,0.22424195704197736,0.3494435812663082,0.09966313644365168,11.385061638868747,11.337209302325581,0.2642194770742208,,preprocessed,real,0.0,0,0,1379,344
Is-this-a-good-customer,363682,2,13,24,plain,0.40025220680958384,0.8866279069767442,0.0,0.0,0.0,1.0,0.10132309048652717,0.3550014765750705,0.10083406618864375,11.385061638868747,11.337209302325581,0.263488664990291,,preprocessed,real,0.0,0,0,1379,344
Is-this-a-good-customer,363682,2,13,24,mixed,0.4178226145439261,0.8866279069767442,0.0,0.0,0.0,1.0,0.09473062995495424,0.35556704505361475,0.10096655179713121,11.385061638868747,11.337209302325581,0.26424045499879867,,preprocessed,real,0.0,0,0,1379,344
Is-this-a-good-customer,363682,2,13,24,curriculum,0.7170239596469105,0.8866279069767442,0.0,0.0,0.0,1.0,0.24812304441993263,0.34875014503201773,0.09950495850953589,11.385061638868747,11.337209302325581,0.2650504260091111,,preprocessed,real,0.0,0,0,1379,344
Is-this-a-good-customer,363682,2,13,25,plain,0.24870118987766043,0.8869565217391304,0.0,0.0,0.0,1.0,0.07660160583655232,0.3569783765499796,0.10113368836521822,11.393323657474602,11.304347826086957,0.2602067339466885,,preprocessed,real,0.0,0,0,1378,345
Is-this-a-good-customer,363682,2,13,25,mixed,0.2727501256913022,0.8869565217391304,0.0,0.0,0.0,1.0,0.07699939477178917,0.3580004771240914,0.10138595100472556,11.393323657474602,11.304347826086957,0.2619700910290703,,preprocessed,real,0.0,0,0,1378,345
Is-this-a-good-customer,363682,2,13,25,curriculum,0.6084296966649908,0.8869565217391304,0.0,0.0,0.0,1.0,0.14480880056097073,0.3515509429749525,0.1000210151702782,11.393323657474602,11.304347826086957,0.2613836539676413,,preprocessed,real,0.0,0,0,1378,345
Is-this-a-good-customer,363682,2,13,26,plain,0.4312887548181666,0.8869565217391304,0.0,0.0,0.0,1.0,0.0996775522545082,0.3540506155361558,0.10052496857260293,11.393323657474602,11.304347826086957,0.26128278602845967,,preprocessed,real,0.0,0,0,1378,345
Is-this-a-good-customer,363682,2,13,26,mixed,0.434975699681582,0.8869565217391304,0.0,0.0,0.0,1.0,0.1007296351292564,0.3548519809332714,0.10070573811773395,11.393323657474602,11.304347826086957,0.26130242401268333,,preprocessed,real,0.0,0,0,1378,345
Is-this-a-good-customer,363682,2,13,26,curriculum,0.7115803586391821,0.8869565217391304,0.0,0.0,0.0,1.0,0.23704551258155934,0.3482104462947182,0.09928424929010508,11.393323657474602,11.304347826086957,0.2613791869953275,,preprocessed,real,0.0,0,0,1378,345
Is-this-a-good-customer,363682,2,13,27,plain,0.35647540983606557,0.8840579710144928,0.0,0.0,0.0,1.0,0.08862997079043569,0.3607278748808742,0.10291811256134589,11.320754716981133,11.594202898550725,0.26072345406282693,,preprocessed,real,0.0,0,0,1378,345
Is-this-a-good-customer,363682,2,13,27,mixed,0.3881967213114754,0.8840579710144928,0.0,0.0,0.0,1.0,0.09849504203468762,0.3612828001046916,0.10304868201519272,11.320754716981133,11.594202898550725,0.2617574699688703,,preprocessed,real,0.0,0,0,1378,345
Is-this-a-good-customer,363682,2,13,27,curriculum,0.7174590163934426,0.8840579710144928,0.0,0.0,0.0,1.0,0.2330254684207334,0.35476491971878593,0.10166322413209007,11.320754716981133,11.594202898550725,0.26147587108425796,,preprocessed,real,0.0,0,0,1378,345
Is-this-a-good-customer,363682,2,13,28,plain,0.3993274485077764,0.8866279069767442,0.0,0.0,0.0,1.0,0.10530548381832937,0.35501496424059237,0.10083501850110976,11.385061638868747,11.337209302325581,0.26355413091368973,,preprocessed,real,0.0,0,0,1379,344
Is-this-a-good-customer,363682,2,13,28,mixed,0.4490962589323245,0.8866279069767442,0.0,0.0,0.0,1.0,0.11019420392901952,0.35487889200897843,0.10081281842172278,11.385061638868747,11.337209302325581,0.2651013389695436,,preprocessed,real,0.0,0,0,1379,344
Is-this-a-good-customer,363682,2,13,28,curriculum,0.7013030685161833,0.8866279069767442,0.0,0.0,0.0,1.0,0.23780035866849233,0.348646069808585,0.09948234509485404,11.385061638868747,11.337209302325581,0.26521580293774605,,preprocessed,real,0.0,0,0,1379,344
Is-this-a-good-customer,363682,2,13,29,plain,0.4195039932744851,0.8866279069767442,0.0,0.0,0.0,1.0,0.14784436713740845,0.3545320468543767,0.1007303970797841,11.385061638868747,11.337209302325581,0.2643524219747633,,preprocessed,real,0.0,0,0,1379,344
Is-this-a-good-customer,363682,2,13,29,mixed,0.39907524169819253,0.8866279069767442,0.0,0.0,0.0,1.0,0.1032287294076828,0.3558358637309181,0.10101085914020083,11.385061638868747,11.337209302325581,0.2646056789672002,,preprocessed,real,0.0,0,0,1379,344
Is-this-a-good-customer,363682,2,13,29,curriculum,0.6094997898276586,0.8866279069767442,0.0,0.0,0.0,1.0,0.23353113591835167,0.35047540877562744,0.09986735761774523,11.385061638868747,11.337209302325581,0.26468212204054,,preprocessed,real,0.0,0,0,1379,344
Is-this-a-good-customer,363682,2,13,30,plain,0.3817663817663818,0.8869565217391304,0.0,0.0,0.0,1.0,0.09716283696079026,0.35469152695643497,0.10065518380378917,11.393323657474602,11.304347826086957,0.26070951006840914,,preprocessed,real,0.0,0,0,1378,345
Is-this-a-good-customer,363682,2,13,30,mixed,0.39659795542148485,0.8869565217391304,0.0,0.0,0.0,1.0,0.09553515690437676,0.3554661350949323,0.10083528725047287,11.393323657474602,11.304347826086957,0.26211055798921734,,preprocessed,real,0.0,0,0,1378,345
Is-this-a-good-customer,363682,2,13,30,curriculum,0.6629797218032513,0.8869565217391304,0.0,0.0,0.0,1.0,0.18884227317013172,0.34910702739437305,0.09948019936566911,11.393323657474602,11.304347826086957,0.2621105429716408,,preprocessed,real,0.0,0,0,1378,345
Is-this-a-good-customer,363682,2,13,31,plain,0.41603821015585724,0.8869565217391304,0.0,0.0,0.0,1.0,0.10263993649390019,0.354223848399104,0.10055724103291683,11.393323657474602,11.304347826086957,0.26083257293794304,,preprocessed,real,0.0,0,0,1378,345
Is-this-a-good-customer,363682,2,13,31,mixed,0.44662309368191716,0.8869565217391304,0.0,0.0,0.0,1.0,0.1117506145431469,0.35471453042134427,0.10066107528965963,11.393323657474602,11.304347826086957,0.26249038602691144,,preprocessed,real,0.0,0,0,1378,345
Is-this-a-good-customer,363682,2,13,31,curriculum,0.6634824870118988,0.8869565217391304,0.0,0.0,0.0,1.0,0.29081724159422573,0.3486785417813925,0.0993646961787826,11.393323657474602,11.304347826086957,0.2613524600164965,,preprocessed,real,0.0,0,0,1378,345
Is-this-a-good-customer,363682,2,13,32,plain,0.41631147540983604,0.8840579710144928,0.0,0.0,0.0,1.0,0.1035864313622704,0.36004332649252896,0.10277597025898179,11.320754716981133,11.594202898550725,0.26065047294832766,,preprocessed,real,0.0,0,0,1378,345
Is-this-a-good-customer,363682,2,13,32,mixed,0.465655737704918,0.8840579710144928,0.0,0.0,0.0,1.0,0.1135302625374924,0.35975808980289237,0.10272833059561058,11.320754716981133,11.594202898550725,0.26095272100064903,,preprocessed,real,0.0,0,0,1378,345
Is-this-a-good-customer,363682,2,13,32,curriculum,0.7182786885245902,0.8840579710144928,0.0,0.0,0.0,1.0,0.26243277962565315,0.3541914677023994,0.10153474919286254,11.320754716981133,11.594202898550725,0.2613736230414361,,preprocessed,real,0.0,0,0,1378,345
Is-this-a-good-customer,363682,2,13,33,plain,0.4245481294661622,0.8866279069767442,0.0,0.0,0.0,1.0,0.09682637548072703,0.3549654793027052,0.10083550636301086,11.385061638868747,11.337209302325581,0.26364744699094445,,preprocessed,real,0.0,0,0,1379,344
Is-this-a-good-customer,363682,2,13,33,mixed,0.4253888188314418,0.8866279069767442,0.0,0.0,0.0,1.0,0.09752067777384651,0.35557044800061915,0.10098081008246111,11.385061638868747,11.337209302325581,0.2646360070211813,,preprocessed,real,0.0,0,0,1379,344
Is-this-a-good-customer,363682,2,13,33,curriculum,0.6515342580916351,0.8866279069767442,0.0,0.0,0.0,1.0,0.17477382745760842,0.350290578669914,0.09986458863632361,11.385061638868747,11.337209302325581,0.26397166796959937,,preprocessed,real,0.0,0,0,1379,344
Is-this-a-good-customer,363682,2,13,34,plain,0.21462799495586382,0.8866279069767442,0.0,0.0,0.0,1.0,0.07020455280425757,0.3576853681741849,0.10138677618669804,11.385061638868747,11.337209302325581,0.264733902993612,,preprocessed,real,0.0,0,0,1379,344
Is-this-a-good-customer,363682,2,13,34,mixed,0.2295922656578394,0.8866279069767442,0.0,0.0,0.0,1.0,0.07121690433308224,0.35975756262720565,0.1018436364128389,11.385061638868747,11.337209302325581,0.26430748007260263,,preprocessed,real,0.0,0,0,1379,344
Is-this-a-good-customer,363682,2,13,34,curriculum,0.5798234552332913,0.8866279069767442,0.0,0.0,0.0,1.0,0.18490794382524633,0.3517215976840635,0.10014171601296035,11.385061638868747,11.337209302325581,0.26426920504309237,,preprocessed,real,0.0,0,0,1379,344
Is-this-a-good-customer,363682,2,13,35,plain,0.37229763700351937,0.8869565217391304,0.0,0.0,0.0,1.0,0.09578887416579235,0.3548105785624257,0.1006804248183145,11.393323657474602,11.304347826086957,0.2612002979731187,,preprocessed,real,0.0,0,0,1378,345
Is-this-a-good-customer,363682,2,13,35,mixed,0.39056477291771413,0.8869565217391304,0.0,0.0,0.0,1.0,0.10386976380386778,0.3555121672313812,0.1008331564445688,11.393323657474602,11.304347826086957,0.26125520397908986,,preprocessed,real,0.0,0,0,1378,345
Is-this-a-good-customer,363682,2,13,35,curriculum,0.6842634489693313,0.8869565217391304,0.0,0.0,0.0,1.0,0.2275854755647726,0.34910237836151015,0.09947611771636129,11.393323657474602,11.304347826086957,0.2607721099629998,,preprocessed,real,0.0,0,0,1378,345
Is-this-a-good-customer,363682,2,13,36,plain,0.3211831741243506,0.8869565217391304,0.0,0.0,0.0,1.0,0.08018696073031423,0.35580915080065667,0.10088646551651105,11.393323657474602,11.304347826086957,0.2612319750478491,,preprocessed,real,0.0,0,0,1378,345
Is-this-a-good-customer,363682,2,13,36,mixed,0.3474945533769064,0.8869565217391304,0.0,0.0,0.0,1.0,0.08236869959855679,0.35663032482862445,0.10108626168428488,11.393323657474602,11.304347826086957,0.26092388899996877,,preprocessed,real,0.0,0,0,1378,345
Is-this-a-good-customer,363682,2,13,36,curriculum,0.6587900117311882,0.8869565217391304,0.0,0.0,0.0,1.0,0.21682728988572714,0.3499866188717302,0.09966289280783709,11.393323657474602,11.304347826086957,0.26034092402551323,,preprocessed,real,0.0,0,0,1378,345
Is-this-a-good-customer,363682,2,13,37,plain,0.39688524590163937,0.8840579710144928,0.0,0.0,0.0,1.0,0.09392754409270923,0.3602922497320687,0.10282481967940728,11.320754716981133,11.594202898550725,0.2613688480341807,,preprocessed,real,0.0,0,0,1378,345
Is-this-a-good-customer,363682,2,13,37,mixed,0.4087704918032787,0.8840579710144928,0.0,0.0,0.0,1.0,0.10498905617791293,0.36100716227239843,0.10298194221604863,11.320754716981133,11.594202898550725,0.26127363997511566,,preprocessed,real,0.0,0,0,1378,345
Is-this-a-good-customer,363682,2,13,37,curriculum,0.6801639344262295,0.8840579710144928,0.0,0.0,0.0,1.0,0.24575248096594066,0.35462143132151075,0.10162454155167308,11.320754716981133,11.594202898550725,0.26292850996833295,,preprocessed,real,0.0,0,0,1378,345
Is-this-a-good-customer,363682,2,13,38,plain,0.40672551492223624,0.8866279069767442,0.0,0.0,0.0,1.0,0.10894895554683975,0.35482428953962925,0.10079692737096531,11.385061638868747,11.337209302325581,0.2630903508979827,,preprocessed,real,0.0,0,0,1379,344
Is-this-a-good-customer,363682,2,13,38,mixed,0.4278268179907524,0.8866279069767442,0.0,0.0,0.0,1.0,0.10657456108739591,0.35551268196887803,0.10094939686696827,11.385061638868747,11.337209302325581,0.26413644198328257,,preprocessed,real,0.0,0,0,1379,344
Is-this-a-good-customer,363682,2,13,38,curriculum,0.6581757040773434,0.8866279069767442,0.0,0.0,0.0,1.0,0.19713678700198753,0.3496303262553479,0.09970167159544717,11.385061638868747,11.337209302325581,0.2641549629624933,,preprocessed,real,0.0,0,0,1379,344
Is-this-a-good-customer,363682,2,13,39,plain,0.35081967213114756,0.8866279069767442,0.0,0.0,0.0,1.0,0.09238704909773014,0.3557336027463141,0.10099158503331447,11.385061638868747,11.337209302325581,0.2649896469665691,,preprocessed,real,0.0,0,0,1379,344
Is-this-a-good-customer,363682,2,13,39,mixed,0.3778058007566204,0.8866279069767442,0.0,0.0,0.0,1.0,0.09232271014148236,0.35642542625322104,0.10115909108346208,11.385061638868747,11.337209302325581,0.26364930102135986,,preprocessed,real,0.0,0,0,1379,344
Is-this-a-good-customer,363682,2,13,39,curriculum,0.6172341319882304,0.8866279069767442,0.0,0.0,0.0,1.0,0.1692156683774923,0.3506557331627595,0.09992678404652816,11.385061638868747,11.337209302325581,0.2644963760394603,,preprocessed,real,0.0,0,0,1379,344
Is-this-a-good-customer,363682,2,13,40,plain,0.36316406904642196,0.8869565217391304,0.0,0.0,0.0,1.0,0.08434505367149012,0.3552287427718576,0.10077952242114263,11.393323657474602,11.304347826086957,0.2607217599870637,,preprocessed,real,0.0,0,0,1378,345
Is-this-a-good-customer,363682,2,13,40,mixed,0.4008714596949891,0.8869565217391304,0.0,0.0,0.0,1.0,0.09218212439089811,0.35575524146355614,0.10090869686024963,11.393323657474602,11.304347826086957,0.2612492039334029,,preprocessed,real,0.0,0,0,1378,345
Is-this-a-good-customer,363682,2,13,40,curriculum,0.6715267303502598,0.8869565217391304,0.0,0.0,0.0,1.0,0.2181318410695349,0.34924055047430597,0.09950983602162895,11.393323657474602,11.304347826086957,0.26159611402545124,,preprocessed,real,0.0,0,0,1378,345
Is-this-a-good-customer,363682,2,13,41,plain,0.3157365510306687,0.8869565217391304,0.0,0.0,0.0,1.0,0.08676624642566998,0.3554405139866758,0.10081239926303534,11.393323657474602,11.304347826086957,0.2604185299715027,,preprocessed,real,0.0,0,0,1378,345
Is-this-a-good-customer,363682,2,13,41,mixed,0.3268811798223563,0.8869565217391304,0.0,0.0,0.0,1.0,0.0883158763785829,0.3561849846297249,0.10098588817557752,11.393323657474602,11.304347826086957,0.2618430850561708,,preprocessed,real,0.0,0,0,1378,345
Is-this-a-good-customer,363682,2,13,41,curriculum,0.7132562426680075,0.8869565217391304,0.0,0.0,0.0,1.0,0.2552169907581521,0.3489251467338606,0.09943886128043668,11.393323657474602,11.304347826086957,0.26122445601504296,,preprocessed,real,0.0,0,0,1378,345
Is-this-a-good-customer,363682,2,13,42,plain,0.37959016393442624,0.8840579710144928,0.0,0.0,0.0,1.0,0.1020650947154784,0.3600908629089418,0.10278008943608068,11.320754716981133,11.594202898550725,0.26032532192766666,,preprocessed,real,0.0,0,0,1378,345
Is-this-a-good-customer,363682,2,13,42,mixed,0.37844262295081965,0.8840579710144928,0.0,0.0,0.0,1.0,0.09333609509826316,0.3614011384032786,0.10306798687970593,11.320754716981133,11.594202898550725,0.26130772894248366,,preprocessed,real,0.0,0,0,1378,345
Is-this-a-good-customer,363682,2,13,42,curriculum,0.6474590163934426,0.8840579710144928,0.0,0.0,0.0,1.0,0.17862565765911337,0.3556409234097889,0.10185500246304001,11.320754716981133,11.594202898550725,0.261861904989928,,preprocessed,real,0.0,0,0,1378,345
Is-this-a-good-customer,363682,2,13,43,plain,0.3624211853720051,0.8866279069767442,0.0,0.0,0.0,1.0,0.10282132155441324,0.3556401058745607,0.10096358503237511,11.385061638868747,11.337209302325581,0.26445060095284134,,preprocessed,real,0.0,0,0,1379,344
Is-this-a-good-customer,363682,2,13,43,mixed,0.39529213955443465,0.8866279069767442,0.0,0.0,0.0,1.0,0.10469874961534965,0.356325833451888,0.10111999125191753,11.385061638868747,11.337209302325581,0.2644623290980235,,preprocessed,real,0.0,0,0,1379,344
Is-this-a-good-customer,363682,2,13,43,curriculum,0.6917192097519966,0.8866279069767442,0.0,0.0,0.0,1.0,0.22172876339961325,0.3496405665050243,0.09969958672566723,11.385061638868747,11.337209302325581,0.26438456506002694,,preprocessed,real,0.0,0,0,1379,344
Is-this-a-good-customer,363682,2,13,44,plain,0.4084909625893232,0.8866279069767442,0.0,0.0,0.0,1.0,0.0971523336368877,0.3549876705195034,0.10083168496191139,11.385061638868747,11.337209302325581,0.26418921793811023,,preprocessed,real,0.0,0,0,1379,344
Is-this-a-good-customer,363682,2,13,44,mixed,0.43577133249264394,0.8866279069767442,0.0,0.0,0.0,1.0,0.1016625471589705,0.35534754864677204,0.10091608661221191,11.385061638868747,11.337209302325581,0.2633568160235882,,preprocessed,real,0.0,0,0,1379,344
Is-this-a-good-customer,363682,2,13,44,curriculum,0.6310214375788146,0.8866279069767442,0.0,0.0,0.0,1.0,0.19689402520064953,0.35002272458573286,0.09977565888318415,11.385061638868747,11.337209302325581,0.26449932996183634,,preprocessed,real,0.0,0,0,1379,344
Is-this-a-good-customer,363682,2,13,45,plain,0.33526059996648233,0.8869565217391304,0.0,0.0,0.0,1.0,0.08396126121624582,0.3553440229167017,0.10079334347116486,11.393323657474602,11.304347826086957,0.2612127580214292,,preprocessed,real,0.0,0,0,1378,345
Is-this-a-good-customer,363682,2,13,45,mixed,0.38495056142114964,0.8869565217391304,0.0,0.0,0.0,1.0,0.09244401765297919,0.3557201515938501,0.10088022311901534,11.393323657474602,11.304347826086957,0.26083946600556374,,preprocessed,real,0.0,0,0,1378,345
Is-this-a-good-customer,363682,2,13,45,curriculum,0.6100217864923748,0.8869565217391304,0.0,0.0,0.0,1.0,0.1865012880245125,0.35035007621296027,0.09973763427756062,11.393323657474602,11.304347826086957,0.2608154589543119,,preprocessed,real,0.0,0,0,1378,345
Is-this-a-good-customer,363682,2,13,46,plain,0.2633232780291604,0.8869565217391304,0.0,0.0,0.0,1.0,0.07463415327888322,0.35702213351796386,0.10114259213259878,11.393323657474602,11.304347826086957,0.2617849389789626,,preprocessed,real,0.0,0,0,1378,345
Is-this-a-good-customer,363682,2,13,46,mixed,0.29906150494385786,0.8869565217391304,0.0,0.0,0.0,1.0,0.07979137308376977,0.35743931753856056,0.1012602762661497,11.393323657474602,11.304347826086957,0.26149557309690863,,preprocessed,real,0.0,0,0,1378,345
Is-this-a-good-customer,363682,2,13,46,curriculum,0.6603821015585721,0.8869565217391304,0.0,0.0,0.0,1.0,0.22072115973566847,0.35021096993508577,0.09971507877445823,11.393323657474602,11.304347826086957,0.2609533879440278,,preprocessed,real,0.0,0,0,1378,345
Is-this-a-good-customer,363682,2,13,47,plain,0.4861475409836066,0.8840579710144928,0.0,0.0,0.0,1.0,0.17240418492340784,0.35868483199795426,0.10247823603053148,11.320754716981133,11.594202898550725,0.26066563092172146,,preprocessed,real,0.0,0,0,1378,345
Is-this-a-good-customer,363682,2,13,47,mixed,0.47081967213114756,0.8840579710144928,0.0,0.0,0.0,1.0,0.11649531008082209,0.3595238662305856,0.10266736126416583,11.320754716981133,11.594202898550725,0.26288895902689546,,preprocessed,real,0.0,0,0,1378,345
Is-this-a-good-customer,363682,2,13,47,curriculum,0.6497540983606557,0.8840579710144928,0.0,0.0,0.0,1.0,0.19142579053343994,0.35438364191119487,0.10157294787894028,11.320754716981133,11.594202898550725,0.26099297299515456,,preprocessed,real,0.0,0,0,1378,345
Is-this-a-good-customer,363682,2,13,48,plain,0.38469945355191254,0.8866279069767442,0.0,0.0,0.0,1.0,0.09697260232891959,0.3552223216858786,0.10088276560287159,11.385061638868747,11.337209302325581,0.26308267191052437,,preprocessed,real,0.0,0,0,1379,344
Is-this-a-good-customer,363682,2,13,48,mixed,0.47011349306431277,0.8866279069767442,0.0,0.0,0.0,1.0,0.11217424773432963,0.35494695406266974,0.10083722902187021,11.385061638868747,11.337209302325581,0.2641940180910751,,preprocessed,real,0.0,0,0,1379,344
Is-this-a-good-customer,363682,2,13,48,curriculum,0.7327448507776377,0.8866279069767442,0.0,0.0,0.0,1.0,0.27083567531695846,0.3484427257857055,0.0994428029189819,11.385061638868747,11.337209302325581,0.2647001330042258,,preprocessed,real,0.0,0,0,1379,344
Is-this-a-good-customer,363682,2,13,49,plain,0.3313156788566624,0.8866279069767442,0.0,0.0,0.0,1.0,0.08056162606811007,0.3559917631561141,0.10104359310449723,11.385061638868747,11.337209302325581,0.2631417700322345,,preprocessed,real,0.0,0,0,1379,344
Is-this-a-good-customer,363682,2,13,49,mixed,0.28205128205128205,0.8866279069767442,0.0,0.0,0.0,1.0,0.07564035038011065,0.3581153407550894,0.10150201931427952,11.385061638868747,11.337209302325581,0.26467328099533916,,preprocessed,real,0.0,0,0,1379,344
Is-this-a-good-customer,363682,2,13,49,curriculum,0.6470786044556537,0.8866279069767442,0.0,0.0,0.0,1.0,0.16900902143575766,0.35104884779720946,0.1000160654871459,11.385061638868747,11.337209302325581,0.2641302529955283,,preprocessed,real,0.0,0,0,1379,344
online_shoppers_intention,363691,2,17,0,plain,0.8908558620374183,0.8780487804878049,0.782608695652174,0.2857142857142857,0.4186046511627907,0.9855907780979827,0.6392688269122914,0.2941223264372856,0.08703305584739601,15.506715506715507,15.365853658536585,0.5856500139925629,,preprocessed,real,0.0,0,0,1638,410
online_shoppers_intention,363691,2,17,0,mixed,0.8867846850555785,0.8829268292682927,0.8260869565217391,0.30158730158730157,0.4418604651162791,0.9884726224783862,0.6427648398580329,0.2971614587177583,0.08768840570579593,15.506715506715507,15.365853658536585,0.5929042539792135,,preprocessed,real,0.0,0,0,1638,410
online_shoppers_intention,363691,2,17,0,curriculum,0.8904441699830749,0.8829268292682927,0.8260869565217391,0.30158730158730157,0.4418604651162791,0.9884726224783862,0.633705964025403,0.2953451996411435,0.0878906001574513,15.506715506715507,15.365853658536585,0.5922627730760723,,preprocessed,real,0.0,0,0,1638,410
online_shoppers_intention,363691,2,17,1,plain,0.8515173410404625,0.8804878048780488,0.7586206896551724,0.34375,0.4731182795698925,0.9797687861271677,0.5962035820119727,0.3120526896891963,0.09293188698632016,15.445665445665446,15.609756097560975,0.5904674200573936,,preprocessed,real,0.0,0,0,1638,410
online_shoppers_intention,363691,2,17,1,mixed,0.8493045520231214,0.8682926829268293,0.6785714285714286,0.296875,0.41304347826086957,0.9739884393063584,0.5863271423677534,0.31626958602725647,0.0944350420094902,15.445665445665446,15.609756097560975,0.5937663950026035,,preprocessed,real,0.0,0,0,1638,410
online_shoppers_intention,363691,2,17,1,curriculum,0.8507044797687862,0.8682926829268293,0.6785714285714286,0.296875,0.41304347826086957,0.9739884393063584,0.5598690551006615,0.3182515868964549,0.09583769412379967,15.445665445665446,15.609756097560975,0.5928940980229527,,preprocessed,real,0.0,0,0,1638,410
online_shoppers_intention,363691,2,17,2,plain,0.9001535404624277,0.8853658536585366,0.7741935483870968,0.375,0.5052631578947369,0.9797687861271677,0.6176247789135119,0.2936594840749809,0.08766229518863208,15.445665445665446,15.609756097560975,0.5896179849514738,,preprocessed,real,0.0,0,0,1638,410
online_shoppers_intention,363691,2,17,2,mixed,0.8967214595375722,0.8804878048780488,0.7272727272727273,0.375,0.4948453608247423,0.9739884393063584,0.6030181368070162,0.3006479532552776,0.09033915933211027,15.445665445665446,15.609756097560975,0.5931014269590378,,preprocessed,real,0.0,0,0,1638,410
online_shoppers_intention,363691,2,17,2,curriculum,0.8997471098265896,0.8804878048780488,0.7586206896551724,0.34375,0.4731182795698925,0.9797687861271677,0.6021475786219253,0.299106877897105,0.0907510413503413,15.445665445665446,15.609756097560975,0.5921547129983082,,preprocessed,real,0.0,0,0,1638,410
online_shoppers_intention,363691,2,17,3,plain,0.9170566106982292,0.8777506112469438,0.7407407407407407,0.31746031746031744,0.4444444444444444,0.9797687861271677,0.6622631728136343,0.28383809812882627,0.08463851449657067,15.497254423428918,15.403422982885084,0.5973662988981232,,preprocessed,real,0.0,0,0,1639,409
online_shoppers_intention,363691,2,17,3,mixed,0.920038535645472,0.8777506112469438,0.76,0.30158730158730157,0.4318181818181818,0.9826589595375722,0.65267795145109,0.2894859806045678,0.08682669548953924,15.497254423428918,15.403422982885084,0.59861450700555,,preprocessed,real,0.0,0,0,1639,409
online_shoppers_intention,363691,2,17,3,curriculum,0.9206349206349206,0.8777506112469438,0.7407407407407407,0.31746031746031744,0.4444444444444444,0.9797687861271677,0.659670872398504,0.28458991437873205,0.08638171338719157,15.497254423428918,15.403422982885084,0.5990952419815585,,preprocessed,real,0.0,0,0,1639,409
online_shoppers_intention,363691,2,17,4,plain,0.9062758051197357,0.8753056234718827,0.7307692307692307,0.30158730158730157,0.42696629213483145,0.9797687861271677,0.6211772338624553,0.28803669308199625,0.08558613020741125,15.497254423428918,15.403422982885084,0.5970475790090859,,preprocessed,real,0.0,0,0,1639,409
online_shoppers_intention,363691,2,17,4,mixed,0.9024222405725296,0.8753056234718827,0.7307692307692307,0.30158730158730157,0.42696629213483145,0.9797687861271677,0.6295044045126608,0.29500198680618195,0.08832635086640674,15.497254423428918,15.403422982885084,0.5995084960013628,,preprocessed,real,0.0,0,0,1639,409
online_shoppers_intention,363691,2,17,4,curriculum,0.9072850720249563,0.8777506112469438,0.7407407407407407,0.31746031746031744,0.4444444444444444,0.9797687861271677,0.6287368278049232,0.29160115428746036,0.0882553584340737,15.497254423428918,15.403422982885084,0.5988336949376389,,preprocessed,real,0.0,0,0,1639,409
online_shoppers_intention,363691,2,17,5,plain,0.858881112483418,0.8731707317073171,0.7619047619047619,0.25396825396825395,0.38095238095238093,0.9855907780979827,0.5467070145787913,0.3183601185765465,0.09615454394362799,15.506715506715507,15.365853658536585,0.5903314140159637,,preprocessed,real,0.0,0,0,1638,410
online_shoppers_intention,363691,2,17,5,mixed,0.8539408078312978,0.875609756097561,0.75,0.2857142857142857,0.41379310344827586,0.9827089337175793,0.5512874995122673,0.3219330349069011,0.0973932761450787,15.506715506715507,15.365853658536585,0.5933112980565056,,preprocessed,real,0.0,0,0,1638,410
online_shoppers_intention,363691,2,17,5,curriculum,0.859338548099355,0.8707317073170732,0.7272727272727273,0.25396825396825395,0.3764705882352941,0.9827089337175793,0.5478723998634912,0.3249629289471117,0.0987185535324703,15.506715506715507,15.365853658536585,0.5918948670150712,,preprocessed,real,0.0,0,0,1638,410
online_shoppers_intention,363691,2,17,6,plain,0.8877348265895953,0.8731707317073171,0.7142857142857143,0.3125,0.43478260869565216,0.976878612716763,0.6328339076507739,0.2927061133504336,0.08704811291730583,15.445665445665446,15.609756097560975,0.6011623080121353,,preprocessed,real,0.0,0,0,1638,410
online_shoppers_intention,363691,2,17,6,mixed,0.8882315751445087,0.875609756097561,0.7241379310344828,0.328125,0.45161290322580644,0.976878612716763,0.6027313270629802,0.29736864652353756,0.08883909320533788,15.445665445665446,15.609756097560975,0.5932220359100029,,preprocessed,real,0.0,0,0,1638,410
online_shoppers_intention,363691,2,17,6,curriculum,0.8870122832369942,0.875609756097561,0.7096774193548387,0.34375,0.4631578947368421,0.9739884393063584,0.6012703212922019,0.29635862872111696,0.0894694581132586,15.445665445665446,15.609756097560975,0.5920496609760448,,preprocessed,real,0.0,0,0,1638,410
online_shoppers_intention,363691,2,17,7,plain,0.9103143063583815,0.8902439024390244,0.7878787878787878,0.40625,0.5360824742268041,0.9797687861271677,0.7077212447889745,0.2893745078260246,0.08554762774521234,15.445665445665446,15.609756097560975,0.5902594940271229,,preprocessed,real,0.0,0,0,1638,410
online_shoppers_intention,363691,2,17,7,mixed,0.9062048410404624,0.8926829268292683,0.9166666666666666,0.34375,0.5,0.9942196531791907,0.7113854024881343,0.29472698520497925,0.08721412096804484,15.445665445665446,15.609756097560975,0.5937595800496638,,preprocessed,real,0.0,0,0,1638,410
online_shoppers_intention,363691,2,17,7,curriculum,0.9070628612716763,0.8780487804878049,0.7692307692307693,0.3125,0.4444444444444444,0.9826589595375722,0.6849266831697166,0.2940447540036828,0.08815079912390648,15.445665445665446,15.609756097560975,0.5927954280050471,,preprocessed,real,0.0,0,0,1638,410
online_shoppers_intention,363691,2,17,8,plain,0.9099917423616846,0.8948655256723717,0.7941176470588235,0.42857142857142855,0.5567010309278351,0.9797687861271677,0.643894126501358,0.282981204764749,0.08293128401206708,15.497254423428918,15.403422982885084,0.5980493079405278,,preprocessed,real,0.0,0,0,1639,409
online_shoppers_intention,363691,2,17,8,mixed,0.9043031470777136,0.8924205378973105,0.8064516129032258,0.3968253968253968,0.5319148936170213,0.9826589595375722,0.6228756653136689,0.28994558762637196,0.08517024772053915,15.497254423428918,15.403422982885084,0.5998893989017233,,preprocessed,real,0.0,0,0,1639,409
online_shoppers_intention,363691,2,17,8,curriculum,0.9092118542985594,0.8948655256723717,0.8125,0.4126984126984127,0.5473684210526316,0.9826589595375722,0.6413785919002207,0.28177560562449294,0.08350255998056894,15.497254423428918,15.403422982885084,0.599226446938701,,preprocessed,real,0.0,0,0,1639,409
online_shoppers_intention,363691,2,17,9,plain,0.9103128727406183,0.8704156479217604,0.7777777777777778,0.2222222222222222,0.345679012345679,0.9884393063583815,0.6513411186344745,0.292685595291939,0.08800291870919084,15.497254423428918,15.403422982885084,0.5984972839942202,,preprocessed,real,0.0,0,0,1639,409
online_shoppers_intention,363691,2,17,9,mixed,0.9121020277089641,0.863080684596577,0.6666666666666666,0.2222222222222222,0.3333333333333333,0.9797687861271677,0.6638060043011565,0.30054628460757954,0.09124014510534631,15.497254423428918,15.403422982885084,0.5994807729730383,,preprocessed,real,0.0,0,0,1639,409
online_shoppers_intention,363691,2,17,9,curriculum,0.9140746857509863,0.8704156479217604,0.7777777777777778,0.2222222222222222,0.345679012345679,0.9884393063583815,0.6531467258693492,0.2981703862754596,0.0915535230576754,15.497254423428918,15.403422982885084,0.5987030860269442,,preprocessed,real,0.0,0,0,1639,409
online_shoppers_intention,363691,2,17,10,plain,0.9004620099720964,0.8707317073170732,0.6666666666666666,0.31746031746031744,0.43010752688172044,0.9711815561959655,0.5590813830752309,0.2995125159491496,0.09116531908034088,15.506715506715507,15.365853658536585,0.589758393005468,,preprocessed,real,0.0,0,0,1638,410
online_shoppers_intention,363691,2,17,10,mixed,0.9000045743561593,0.8634146341463415,0.6060606060606061,0.31746031746031744,0.4166666666666667,0.962536023054755,0.5891865058283321,0.3027330794351662,0.09225761182871599,15.506715506715507,15.365853658536585,0.592541079968214,,preprocessed,real,0.0,0,0,1638,410
online_shoppers_intention,363691,2,17,10,curriculum,0.9017428296967201,0.8682926829268293,0.6363636363636364,0.3333333333333333,0.4375,0.9654178674351584,0.5610579663693996,0.3026543963515031,0.09337013107529478,15.506715506715507,15.365853658536585,0.5915021320106462,,preprocessed,real,0.0,0,0,1638,410
online_shoppers_intention,363691,2,17,11,plain,0.9172687861271677,0.8780487804878049,0.8181818181818182,0.28125,0.4186046511627907,0.9884393063583815,0.6613104747054771,0.2854257050854419,0.08483100912167765,15.445665445665446,15.609756097560975,0.5896474960027263,,preprocessed,real,0.0,0,0,1638,410
online_shoppers_intention,363691,2,17,11,mixed,0.9137012283236994,0.875609756097561,0.8421052631578947,0.25,0.3855421686746988,0.9913294797687862,0.673828428160378,0.2910285321254729,0.08674497012844971,15.445665445665446,15.609756097560975,0.5922621330246329,,preprocessed,real,0.0,0,0,1638,410
online_shoppers_intention,363691,2,17,11,curriculum,0.9162301300578034,0.8731707317073171,0.7727272727272727,0.265625,0.3953488372093023,0.9855491329479769,0.6506867328559918,0.2884922549015072,0.08717686006175678,15.445665445665446,15.609756097560975,0.5916239880025387,,preprocessed,real,0.0,0,0,1638,410
online_shoppers_intention,363691,2,17,12,plain,0.8847543352601156,0.8780487804878049,0.7692307692307693,0.3125,0.4444444444444444,0.9826589595375722,0.6240395798937723,0.307009198657605,0.0924462158867998,15.445665445665446,15.609756097560975,0.5897067550104111,,preprocessed,real,0.0,0,0,1638,410
online_shoppers_intention,363691,2,17,12,mixed,0.8818190028901733,0.8780487804878049,0.7692307692307693,0.3125,0.4444444444444444,0.9826589595375722,0.6205087130993188,0.3128084759778586,0.09432112538170088,15.445665445665446,15.609756097560975,0.5922174060251564,,preprocessed,real,0.0,0,0,1638,410
online_shoppers_intention,363691,2,17,12,curriculum,0.8817286849710984,0.875609756097561,0.76,0.296875,0.42696629213483145,0.9826589595375722,0.6001397227906223,0.31441554008724487,0.09547204723125256,15.445665445665446,15.609756097560975,0.5918127029435709,,preprocessed,real,0.0,0,0,1638,410
online_shoppers_intention,363691,2,17,13,plain,0.8859987154784843,0.8801955990220048,0.7692307692307693,0.31746031746031744,0.449438202247191,0.9826589595375722,0.6415591831886566,0.2914739431347317,0.08540720315179486,15.497254423428918,15.403422982885084,0.597526049008593,,preprocessed,real,0.0,0,0,1639,409
online_shoppers_intention,363691,2,17,13,mixed,0.8830626662996606,0.8777506112469438,0.7407407407407407,0.31746031746031744,0.4444444444444444,0.9797687861271677,0.6070300291853991,0.2951702926035712,0.08690390046867244,15.497254423428918,15.403422982885084,0.599349164054729,,preprocessed,real,0.0,0,0,1639,409
online_shoppers_intention,363691,2,17,13,curriculum,0.8876961189099917,0.8801955990220048,0.7692307692307693,0.31746031746031744,0.449438202247191,0.9826589595375722,0.6410025038414128,0.29204845626362824,0.0864942550168679,15.497254423428918,15.403422982885084,0.5995386929716915,,preprocessed,real,0.0,0,0,1639,409
online_shoppers_intention,363691,2,17,14,plain,0.8837966785943664,0.8801955990220048,0.75,0.3333333333333333,0.46153846153846156,0.9797687861271677,0.6771410453292184,0.287750480158371,0.08427308416120372,15.497254423428918,15.403422982885084,0.5975161389214918,,preprocessed,real,0.0,0,0,1639,409
online_shoppers_intention,363691,2,17,14,mixed,0.8838884301312047,0.8801955990220048,0.7916666666666666,0.30158730158730157,0.4367816091954023,0.9855491329479769,0.6475817900530796,0.29573880930509544,0.08736849252241492,15.497254423428918,15.403422982885084,0.5996765579329804,,preprocessed,real,0.0,0,0,1639,409
online_shoppers_intention,363691,2,17,14,curriculum,0.886640976236352,0.8850855745721271,0.8333333333333334,0.31746031746031744,0.45977011494252873,0.9884393063583815,0.6735720282048279,0.28982515955792215,0.08640222930065827,15.497254423428918,15.403422982885084,0.5992188969394192,,preprocessed,real,0.0,0,0,1639,409
online_shoppers_intention,363691,2,17,15,plain,0.8780934083527743,0.8853658536585366,0.8333333333333334,0.31746031746031744,0.45977011494252873,0.9884726224783862,0.6511279917586704,0.2943616297101909,0.0862886032532046,15.506715506715507,15.365853658536585,0.5904539909679443,,preprocessed,real,0.0,0,0,1638,410
online_shoppers_intention,363691,2,17,15,mixed,0.8713691047984996,0.8878048780487805,0.84,0.3333333333333333,0.4772727272727273,0.9884726224783862,0.6431002151804635,0.29973896953608903,0.08802867650846784,15.506715506715507,15.365853658536585,0.5919531470863149,,preprocessed,real,0.0,0,0,1638,410
online_shoppers_intention,363691,2,17,15,curriculum,0.8787795617766799,0.8853658536585366,0.8333333333333334,0.31746031746031744,0.45977011494252873,0.9884726224783862,0.6494036548767164,0.2958071802210565,0.0876995494786685,15.506715506715507,15.365853658536585,0.5924855079501867,,preprocessed,real,0.0,0,0,1638,410
online_shoppers_intention,363691,2,17,16,plain,0.8783869219653179,0.8634146341463415,0.6052631578947368,0.359375,0.45098039215686275,0.9566473988439307,0.5305002981513013,0.31330078704983694,0.0954304486837164,15.445665445665446,15.609756097560975,0.5897276380565017,,preprocessed,real,0.0,0,0,1638,410
online_shoppers_intention,363691,2,17,16,mixed,0.878386921965318,0.8585365853658536,0.5833333333333334,0.328125,0.42,0.9566473988439307,0.5213904425042484,0.31726896540499294,0.09705085623935841,15.445665445665446,15.609756097560975,0.5928235510364175,,preprocessed,real,0.0,0,0,1638,410
online_shoppers_intention,363691,2,17,16,curriculum,0.8810513005780346,0.8585365853658536,0.5789473684210527,0.34375,0.43137254901960786,0.953757225433526,0.5204658239030334,0.3180769721064395,0.09797788940840697,15.445665445665446,15.609756097560975,0.5913920599268749,,preprocessed,real,0.0,0,0,1638,410
online_shoppers_intention,363691,2,17,17,plain,0.9179913294797687,0.8707317073170732,0.7391304347826086,0.265625,0.39080459770114945,0.9826589595375722,0.7161165859829142,0.2821238912510703,0.08362808177661524,15.445665445665446,15.609756097560975,0.5910857010167092,,preprocessed,real,0.0,0,0,1638,410
online_shoppers_intention,363691,2,17,17,mixed,0.9174042630057804,0.875609756097561,0.8421052631578947,0.25,0.3855421686746988,0.9913294797687862,0.7252813400451766,0.2887001501712504,0.08600672165977007,15.445665445665446,15.609756097560975,0.5922917000716552,,preprocessed,real,0.0,0,0,1638,410
online_shoppers_intention,363691,2,17,17,curriculum,0.9168623554913294,0.875609756097561,0.8095238095238095,0.265625,0.4,0.9884393063583815,0.7211549145438221,0.28423518456816027,0.08544080840627859,15.445665445665446,15.609756097560975,0.5928551239194348,,preprocessed,real,0.0,0,0,1638,410
online_shoppers_intention,363691,2,17,18,plain,0.917744747224516,0.882640586797066,0.7586206896551724,0.3492063492063492,0.4782608695652174,0.9797687861271677,0.6795370119808556,0.27830764834494937,0.0818128280048293,15.497254423428918,15.403422982885084,0.5979133449727669,,preprocessed,real,0.0,0,0,1639,409
online_shoppers_intention,363691,2,17,18,mixed,0.916643728782457,0.8801955990220048,0.75,0.3333333333333333,0.46153846153846156,0.9797687861271677,0.6742518534474511,0.28550627523001626,0.08456989168346005,15.497254423428918,15.403422982885084,0.5986038219416514,,preprocessed,real,0.0,0,0,1639,409
online_shoppers_intention,363691,2,17,18,curriculum,0.9192127718139279,0.8777506112469438,0.7407407407407407,0.31746031746031744,0.4444444444444444,0.9797687861271677,0.6753445421262741,0.28109553374564067,0.08427661961171524,15.497254423428918,15.403422982885084,0.5987709279870614,,preprocessed,real,0.0,0,0,1639,409
online_shoppers_intention,363691,2,17,19,plain,0.8734746307000641,0.8777506112469438,0.8095238095238095,0.2698412698412698,0.40476190476190477,0.9884393063583815,0.6058160956803629,0.30765384378094673,0.09227225703178042,15.497254423428918,15.403422982885084,0.5973389809951186,,preprocessed,real,0.0,0,0,1639,409
online_shoppers_intention,363691,2,17,19,mixed,0.8706303330580787,0.8704156479217604,0.7083333333333334,0.2698412698412698,0.39080459770114945,0.9797687861271677,0.5911989104867068,0.3128092024383833,0.09404490447639849,15.497254423428918,15.403422982885084,0.5991385460365564,,preprocessed,real,0.0,0,0,1639,409
online_shoppers_intention,363691,2,17,19,curriculum,0.8721901091843289,0.8679706601466992,0.68,0.2698412698412698,0.38636363636363635,0.976878612716763,0.5861274433835068,0.31359098416717157,0.09512113257524658,15.497254423428918,15.403422982885084,0.5999407320050523,,preprocessed,real,0.0,0,0,1639,409
online_shoppers_intention,363691,2,17,20,plain,0.9365536800695302,0.8829268292682927,0.8947368421052632,0.2698412698412698,0.4146341463414634,0.9942363112391931,0.7730733064738295,0.2721360926236568,0.07940998814449916,15.506715506715507,15.365853658536585,0.5903700250200927,,preprocessed,real,0.0,0,0,1638,410
online_shoppers_intention,363691,2,17,20,mixed,0.9351356296601253,0.8707317073170732,1.0,0.15873015873015872,0.273972602739726,1.0,0.7780895817946434,0.2783221630336418,0.081895765832742,15.506715506715507,15.365853658536585,0.5925060049630702,,preprocessed,real,0.0,0,0,1638,410
online_shoppers_intention,363691,2,17,20,curriculum,0.9368281414390924,0.875609756097561,0.9285714285714286,0.20634920634920634,0.33766233766233766,0.9971181556195965,0.7601063908985025,0.27210566260335717,0.0809858766364497,15.506715506715507,15.365853658536585,0.5924759219633415,,preprocessed,real,0.0,0,0,1638,410
online_shoppers_intention,363691,2,17,21,plain,0.871929190751445,0.8829268292682927,0.7352941176470589,0.390625,0.5102040816326531,0.9739884393063584,0.6490073743061313,0.3060679764316674,0.0913484801671789,15.445665445665446,15.609756097560975,0.5907383910380304,,preprocessed,real,0.0,0,0,1638,410
online_shoppers_intention,363691,2,17,21,mixed,0.8664197976878614,0.8853658536585366,0.717948717948718,0.4375,0.5436893203883495,0.9682080924855492,0.605413394227294,0.31204550261745556,0.09300715632254468,15.445665445665446,15.609756097560975,0.5929528509732336,,preprocessed,real,0.0,0,0,1638,410
online_shoppers_intention,363691,2,17,21,curriculum,0.8717937138728323,0.8902439024390244,0.7878787878787878,0.40625,0.5360824742268041,0.9797687861271677,0.6543528108309014,0.3086195783561054,0.0926477229512689,15.445665445665446,15.609756097560975,0.5916815149830654,,preprocessed,real,0.0,0,0,1638,410
online_shoppers_intention,363691,2,17,22,plain,0.8874638728323698,0.8585365853658536,0.625,0.234375,0.3409090909090909,0.9739884393063584,0.603789600832834,0.3007178221849807,0.090578295500721,15.445665445665446,15.609756097560975,0.5913261100649834,,preprocessed,real,0.0,0,0,1638,410
online_shoppers_intention,363691,2,17,22,mixed,0.8865606936416185,0.8658536585365854,0.7142857142857143,0.234375,0.35294117647058826,0.9826589595375722,0.6039938342215728,0.30698413765039695,0.09281419545571831,15.445665445665446,15.609756097560975,0.5995758849894628,,preprocessed,real,0.0,0,0,1638,410
online_shoppers_intention,363691,2,17,22,curriculum,0.8880057803468209,0.8585365853658536,0.6153846153846154,0.25,0.35555555555555557,0.9710982658959537,0.5947605331595364,0.30519008510034107,0.09308854099926975,15.445665445665446,15.609756097560975,0.5927936909720302,,preprocessed,real,0.0,0,0,1638,410
online_shoppers_intention,363691,2,17,23,plain,0.8883383796678593,0.8850855745721271,0.7352941176470589,0.3968253968253968,0.5154639175257731,0.9739884393063584,0.6065548477668123,0.29363309328994885,0.08705875526283087,15.497254423428918,15.403422982885084,0.5977848860202357,,preprocessed,real,0.0,0,0,1639,409
online_shoppers_intention,363691,2,17,23,mixed,0.8865951004679328,0.8850855745721271,0.75,0.38095238095238093,0.5052631578947369,0.976878612716763,0.5904923227858654,0.2990107977265628,0.08900730412654251,15.497254423428918,15.403422982885084,0.598864741041325,,preprocessed,real,0.0,0,0,1639,409
online_shoppers_intention,363691,2,17,23,curriculum,0.887833746215249,0.8850855745721271,0.7352941176470589,0.3968253968253968,0.5154639175257731,0.9739884393063584,0.5844495019626361,0.29734059280774994,0.08931804385157002,15.497254423428918,15.403422982885084,0.5983472189400345,,preprocessed,real,0.0,0,0,1639,409
online_shoppers_intention,363691,2,17,24,plain,0.8859528397100651,0.8801955990220048,0.71875,0.36507936507936506,0.4842105263157895,0.9739884393063584,0.5690343849403239,0.30318677724217846,0.09164938387645782,15.497254423428918,15.403422982885084,0.5969493869924918,,preprocessed,real,0.0,0,0,1639,409
online_shoppers_intention,363691,2,17,24,mixed,0.8881090008257637,0.8704156479217604,0.6666666666666666,0.31746031746031744,0.43010752688172044,0.9710982658959537,0.5864167659536874,0.3064680998254829,0.09303224449033995,15.497254423428918,15.403422982885084,0.5987627110444009,,preprocessed,real,0.0,0,0,1639,409
online_shoppers_intention,363691,2,17,24,curriculum,0.8893935223414992,0.8704156479217604,0.65625,0.3333333333333333,0.4421052631578947,0.9682080924855492,0.5599639664967084,0.3087523633960657,0.09464400603290662,15.497254423428918,15.403422982885084,0.5999352580402046,,preprocessed,real,0.0,0,0,1639,409
online_shoppers_intention,363691,2,17,25,plain,0.9368738850006861,0.8804878048780488,0.75,0.3333333333333333,0.46153846153846156,0.9798270893371758,0.7242553961969322,0.28192428884426224,0.08405094943180072,15.506715506715507,15.365853658536585,0.5911987270228565,,preprocessed,real,0.0,0,0,1638,410
online_shoppers_intention,363691,2,17,25,mixed,0.9344037326746261,0.8780487804878049,0.76,0.30158730158730157,0.4318181818181818,0.9827089337175793,0.7044944623273536,0.28852631708358245,0.08682341821368868,15.506715506715507,15.365853658536585,0.5921029009623453,,preprocessed,real,0.0,0,0,1638,410
online_shoppers_intention,363691,2,17,25,curriculum,0.9353186039065002,0.8804878048780488,0.7692307692307693,0.31746031746031744,0.449438202247191,0.9827089337175793,0.7090580785110516,0.2856841459381025,0.08690888222116598,15.506715506715507,15.365853658536585,0.5933127049356699,,preprocessed,real,0.0,0,0,1638,410
online_shoppers_intention,363691,2,17,26,plain,0.8701228323699423,0.8658536585365854,0.6666666666666666,0.28125,0.3956043956043956,0.9739884393063584,0.5934829234336023,0.29363992059631766,0.08632026476584033,15.445665445665446,15.609756097560975,0.5912668510572985,,preprocessed,real,0.0,0,0,1638,410
online_shoppers_intention,363691,2,17,26,mixed,0.8672778179190751,0.8707317073170732,0.7391304347826086,0.265625,0.39080459770114945,0.9826589595375722,0.6003608915931701,0.2990048686813467,0.08799468468472593,15.445665445665446,15.609756097560975,0.5921927449526265,,preprocessed,real,0.0,0,0,1638,410
online_shoppers_intention,363691,2,17,26,curriculum,0.8691293352601157,0.8707317073170732,0.72,0.28125,0.4044943820224719,0.9797687861271677,0.5869818992512542,0.2968476153962851,0.08817381365124984,15.445665445665446,15.609756097560975,0.5915906809968874,,preprocessed,real,0.0,0,0,1638,410
online_shoppers_intention,363691,2,17,27,plain,0.8808255057803468,0.8902439024390244,0.8275862068965517,0.375,0.5161290322580645,0.9855491329479769,0.6424473325961116,0.30574194374457253,0.09171367559227982,15.445665445665446,15.609756097560975,0.587608041940257,,preprocessed,real,0.0,0,0,1638,410
online_shoppers_intention,363691,2,17,27,mixed,0.8829028179190752,0.8829268292682927,0.7857142857142857,0.34375,0.4782608695652174,0.9826589595375722,0.6319630331543598,0.3097052802082959,0.09327241008518096,15.445665445665446,15.609756097560975,0.5982447870774195,,preprocessed,real,0.0,0,0,1638,410
online_shoppers_intention,363691,2,17,27,curriculum,0.8848898121387283,0.8731707317073171,0.7,0.328125,0.44680851063829785,0.9739884393063584,0.6332227992428117,0.309202480785536,0.09386025364362721,15.445665445665446,15.609756097560975,0.5911850309930742,,preprocessed,real,0.0,0,0,1638,410
online_shoppers_intention,363691,2,17,28,plain,0.9169189833929717,0.8801955990220048,0.7692307692307693,0.31746031746031744,0.449438202247191,0.9826589595375722,0.644276382703115,0.2835058851661503,0.08410983088174001,15.497254423428918,15.403422982885084,0.5964911049231887,,preprocessed,real,0.0,0,0,1639,409
online_shoppers_intention,363691,2,17,28,mixed,0.9173777410771631,0.8801955990220048,0.7916666666666666,0.30158730158730157,0.4367816091954023,0.9855491329479769,0.6634380843212095,0.287259135008102,0.08521037778464507,15.497254423428918,15.403422982885084,0.5998744160169736,,preprocessed,real,0.0,0,0,1639,409
online_shoppers_intention,363691,2,17,28,curriculum,0.9165519772456189,0.8801955990220048,0.7916666666666666,0.30158730158730157,0.4367816091954023,0.9855491329479769,0.6317661193660788,0.285345145941461,0.08585315723153553,15.497254423428918,15.403422982885084,0.5990048079984263,,preprocessed,real,0.0,0,0,1639,409
online_shoppers_intention,363691,2,17,29,plain,0.8624644462794752,0.882640586797066,0.7027027027027027,0.4126984126984127,0.52,0.9682080924855492,0.5810868850496308,0.3089437613337694,0.09231177187529965,15.497254423428918,15.403422982885084,0.5966627189191058,,preprocessed,real,0.0,0,0,1639,409
online_shoppers_intention,363691,2,17,29,mixed,0.8572804844481146,0.8679706601466992,0.6363636363636364,0.3333333333333333,0.4375,0.9653179190751445,0.564632466285015,0.3160123279232632,0.09487315276967395,15.497254423428918,15.403422982885084,0.6001142759341747,,preprocessed,real,0.0,0,0,1639,409
online_shoppers_intention,363691,2,17,29,curriculum,0.8654004954582989,0.8704156479217604,0.65625,0.3333333333333333,0.4421052631578947,0.9682080924855492,0.5631041932495421,0.3134700407588016,0.09472552566813157,15.497254423428918,15.403422982885084,0.5983372940681875,,preprocessed,real,0.0,0,0,1639,409
online_shoppers_intention,363691,2,17,30,plain,0.8885229403961392,0.8804878048780488,0.8181818181818182,0.2857142857142857,0.4235294117647059,0.9884726224783862,0.6663286310703792,0.2976088010830064,0.0880372266124099,15.506715506715507,15.365853658536585,0.5897115070838481,,preprocessed,real,0.0,0,0,1638,410
online_shoppers_intention,363691,2,17,30,mixed,0.8875623256026715,0.8878048780487805,0.8695652173913043,0.31746031746031744,0.46511627906976744,0.9913544668587896,0.653634523779945,0.30196026477551446,0.0895864675703681,15.506715506715507,15.365853658536585,0.5923290989594534,,preprocessed,real,0.0,0,0,1638,410
online_shoppers_intention,363691,2,17,30,curriculum,0.8900324779287315,0.8853658536585366,0.8636363636363636,0.30158730158730157,0.4470588235294118,0.9913544668587896,0.6585712131658299,0.30066501521922046,0.08969527439540274,15.506715506715507,15.365853658536585,0.59165519697126,,preprocessed,real,0.0,0,0,1638,410
online_shoppers_intention,363691,2,17,31,plain,0.8911669075144508,0.8780487804878049,0.75,0.328125,0.45652173913043476,0.9797687861271677,0.6304742207498337,0.2978550026253874,0.08871732552659009,15.445665445665446,15.609756097560975,0.5905742929317057,,preprocessed,real,0.0,0,0,1638,410
online_shoppers_intention,363691,2,17,31,mixed,0.886515534682081,0.8804878048780488,0.7586206896551724,0.34375,0.4731182795698925,0.9797687861271677,0.6168077545266466,0.30356858502795225,0.09074818823426385,15.445665445665446,15.609756097560975,0.5922451629303396,,preprocessed,real,0.0,0,0,1638,410
online_shoppers_intention,363691,2,17,31,curriculum,0.8914378612716762,0.8804878048780488,0.7586206896551724,0.34375,0.4731182795698925,0.9797687861271677,0.6183610098704597,0.3005902613645032,0.09075552847649862,15.445665445665446,15.609756097560975,0.5923326209886,,preprocessed,real,0.0,0,0,1638,410
online_shoppers_intention,363691,2,17,32,plain,0.9208363439306358,0.8634146341463415,0.7857142857142857,0.171875,0.28205128205128205,0.9913294797687862,0.7109377988530112,0.2805142403491234,0.08249026007584792,15.445665445665446,15.609756097560975,0.5894270669668913,,preprocessed,real,0.0,0,0,1638,410
online_shoppers_intention,363691,2,17,32,mixed,0.9178558526011561,0.8609756097560975,0.8181818181818182,0.140625,0.24,0.9942196531791907,0.7066152532456099,0.28579004019985826,0.08431679325396879,15.445665445665446,15.609756097560975,0.5930729219689965,,preprocessed,real,0.0,0,0,1638,410
online_shoppers_intention,363691,2,17,32,curriculum,0.9217846820809249,0.8682926829268293,0.8571428571428571,0.1875,0.3076923076923077,0.9942196531791907,0.722716426107682,0.27798585155240085,0.08276359142983722,15.445665445665446,15.609756097560975,0.5916049520019442,,preprocessed,real,0.0,0,0,1638,410
online_shoppers_intention,363691,2,17,33,plain,0.8673731535003212,0.863080684596577,0.6060606060606061,0.31746031746031744,0.4166666666666667,0.9624277456647399,0.525077045979294,0.31176392983668466,0.09438392842774684,15.497254423428918,15.403422982885084,0.5974374680081382,,preprocessed,real,0.0,0,0,1639,409
online_shoppers_intention,363691,2,17,33,mixed,0.8608587943848058,0.8557457212713936,0.5625,0.2857142857142857,0.37894736842105264,0.9595375722543352,0.5241535610447872,0.31745799786096834,0.09650803675750182,15.497254423428918,15.403422982885084,0.5986485499888659,,preprocessed,real,0.0,0,0,1639,409
online_shoppers_intention,363691,2,17,33,curriculum,0.8676025323424168,0.8557457212713936,0.5625,0.2857142857142857,0.37894736842105264,0.9595375722543352,0.5078854790935623,0.31840942446543297,0.09763212875317809,15.497254423428918,15.403422982885084,0.5992004770087078,,preprocessed,real,0.0,0,0,1639,409
online_shoppers_intention,363691,2,17,34,plain,0.9021011101935957,0.8753056234718827,0.6875,0.3492063492063492,0.4631578947368421,0.9710982658959537,0.6397427780429499,0.2900379037251432,0.08716835684323758,15.497254423428918,15.403422982885084,0.5980200960766524,,preprocessed,real,0.0,0,0,1639,409
online_shoppers_intention,363691,2,17,34,mixed,0.9034773832461693,0.8777506112469438,0.7241379310344828,0.3333333333333333,0.45652173913043476,0.976878612716763,0.6390631326561507,0.297157973963737,0.08986642903861314,15.497254423428918,15.403422982885084,0.5995262410724536,,preprocessed,real,0.0,0,0,1639,409
online_shoppers_intention,363691,2,17,34,curriculum,0.9017341040462428,0.8753056234718827,0.7,0.3333333333333333,0.45161290322580644,0.9739884393063584,0.6205007773192172,0.2960648086249645,0.09070016683193956,15.497254423428918,15.403422982885084,0.5986099989386275,,preprocessed,real,0.0,0,0,1639,409
online_shoppers_intention,363691,2,17,35,plain,0.9188051781711724,0.8902439024390244,0.8,0.38095238095238093,0.5161290322580645,0.9827089337175793,0.6406554314074085,0.27706808034429425,0.08113982667206869,15.506715506715507,15.365853658536585,0.5905382300261408,,preprocessed,real,0.0,0,0,1638,410
online_shoppers_intention,363691,2,17,35,mixed,0.9173413842001739,0.8804878048780488,0.7692307692307693,0.31746031746031744,0.449438202247191,0.9827089337175793,0.6493175111211512,0.28293895078096215,0.08322225650057019,15.506715506715507,15.365853658536585,0.5927982969442382,,preprocessed,real,0.0,0,0,1638,410
online_shoppers_intention,363691,2,17,35,curriculum,0.9182562554320479,0.8804878048780488,0.7692307692307693,0.31746031746031744,0.449438202247191,0.9827089337175793,0.6453343639259059,0.27793086659999394,0.08257903001509176,15.506715506715507,15.365853658536585,0.5918510369956493,,preprocessed,real,0.0,0,0,1638,410
online_shoppers_intention,363691,2,17,36,plain,0.8968569364161849,0.8804878048780488,0.7142857142857143,0.390625,0.5050505050505051,0.9710982658959537,0.6164579282471213,0.2913973212708117,0.08640716625103564,15.445665445665446,15.609756097560975,0.5909489569021389,,preprocessed,real,0.0,0,0,1638,410
online_shoppers_intention,363691,2,17,36,mixed,0.8926119942196532,0.8780487804878049,0.6842105263157895,0.40625,0.5098039215686274,0.9653179190751445,0.6265808964137046,0.2973482808881134,0.08841501989301152,15.445665445665446,15.609756097560975,0.5924147719051689,,preprocessed,real,0.0,0,0,1638,410
online_shoppers_intention,363691,2,17,36,curriculum,0.8969472543352601,0.8804878048780488,0.7142857142857143,0.390625,0.5050505050505051,0.9710982658959537,0.6077710104708262,0.29396677785218106,0.08856491271798093,15.445665445665446,15.609756097560975,0.5926425199722871,,preprocessed,real,0.0,0,0,1638,410
online_shoppers_intention,363691,2,17,37,plain,0.9140625,0.8560975609756097,0.6190476190476191,0.203125,0.3058823529411765,0.976878612716763,0.6362786988278651,0.3057788931934711,0.09387437714885312,15.445665445665446,15.609756097560975,0.5914332730462775,,preprocessed,real,0.0,0,0,1638,410
online_shoppers_intention,363691,2,17,37,mixed,0.905933887283237,0.8634146341463415,0.6818181818181818,0.234375,0.3488372093023256,0.9797687861271677,0.6217707867224272,0.3119093533915472,0.096117486467962,15.445665445665446,15.609756097560975,0.5926148040452972,,preprocessed,real,0.0,0,0,1638,410
online_shoppers_intention,363691,2,17,37,curriculum,0.911307803468208,0.8634146341463415,0.6666666666666666,0.25,0.36363636363636365,0.976878612716763,0.6194564973377029,0.31169275143201963,0.09667032243640689,15.445665445665446,15.609756097560975,0.5925450379727408,,preprocessed,real,0.0,0,0,1638,410
online_shoppers_intention,363691,2,17,38,plain,0.8494357280484448,0.8801955990220048,0.7916666666666666,0.30158730158730157,0.4367816091954023,0.9855491329479769,0.6432081404592849,0.3059953867747374,0.08966559240640049,15.497254423428918,15.403422982885084,0.5976522599812597,,preprocessed,real,0.0,0,0,1639,409
online_shoppers_intention,363691,2,17,38,mixed,0.8504908707220846,0.8875305623471883,0.84,0.3333333333333333,0.4772727272727273,0.9884393063583815,0.6394080278479328,0.3090287005163594,0.09069314928396417,15.497254423428918,15.403422982885084,0.5993751689093187,,preprocessed,real,0.0,0,0,1639,409
online_shoppers_intention,363691,2,17,38,curriculum,0.8520506468483348,0.8801955990220048,0.7692307692307693,0.31746031746031744,0.449438202247191,0.9826589595375722,0.6247742070191767,0.31136848866104394,0.09225511112244311,15.497254423428918,15.403422982885084,0.6056562439771369,,preprocessed,real,0.0,0,0,1639,409
online_shoppers_intention,363691,2,17,39,plain,0.8870997339205432,0.882640586797066,0.7586206896551724,0.3492063492063492,0.4782608695652174,0.9797687861271677,0.6224108702186725,0.29202264021658725,0.08670475900783244,15.497254423428918,15.403422982885084,0.5982576840324327,,preprocessed,real,0.0,0,0,1639,409
online_shoppers_intention,363691,2,17,39,mixed,0.8855858335627121,0.8728606356968215,0.6896551724137931,0.31746031746031744,0.43478260869565216,0.9739884393063584,0.5952254884681422,0.29774947451474604,0.08902815846825989,15.497254423428918,15.403422982885084,0.599368185037747,,preprocessed,real,0.0,0,0,1639,409
online_shoppers_intention,363691,2,17,39,curriculum,0.8882925038994404,0.882640586797066,0.7777777777777778,0.3333333333333333,0.4666666666666667,0.9826589595375722,0.6025814294103448,0.2936781366097885,0.08859071013307573,15.497254423428918,15.403422982885084,0.5987766429316252,,preprocessed,real,0.0,0,0,1639,409
online_shoppers_intention,363691,2,17,40,plain,0.9079639540734641,0.8682926829268293,0.7142857142857143,0.23809523809523808,0.35714285714285715,0.9827089337175793,0.6474640769483276,0.3008502258348367,0.09176076123393608,15.506715506715507,15.365853658536585,0.5910229339497164,,preprocessed,real,0.0,0,0,1638,410
online_shoppers_intention,363691,2,17,40,mixed,0.9029321622981565,0.8585365853658536,0.6190476190476191,0.20634920634920634,0.30952380952380953,0.9769452449567724,0.6355376088085639,0.3074748448818016,0.09421357818773149,15.506715506715507,15.365853658536585,0.592559786979109,,preprocessed,real,0.0,0,0,1638,410
online_shoppers_intention,363691,2,17,40,curriculum,0.9069575957184026,0.8585365853658536,0.6086956521739131,0.2222222222222222,0.32558139534883723,0.9740634005763689,0.6369341160861015,0.3069840088790412,0.09490279244660357,15.506715506715507,15.365853658536585,0.5920893190195784,,preprocessed,real,0.0,0,0,1638,410
online_shoppers_intention,363691,2,17,41,plain,0.8901734104046243,0.8682926829268293,0.7272727272727273,0.25,0.37209302325581395,0.9826589595375722,0.6679284032591862,0.2945063942326413,0.08705940673434226,15.445665445665446,15.609756097560975,0.5899185959715396,,preprocessed,real,0.0,0,0,1638,410
online_shoppers_intention,363691,2,17,41,mixed,0.8886380057803468,0.875609756097561,0.782608695652174,0.28125,0.41379310344827586,0.9855491329479769,0.6565391576824386,0.3008700692390863,0.08929544703825376,15.445665445665446,15.609756097560975,0.5925242149969563,,preprocessed,real,0.0,0,0,1638,410
online_shoppers_intention,363691,2,17,41,curriculum,0.8914378612716762,0.8731707317073171,0.7727272727272727,0.265625,0.3953488372093023,0.9855491329479769,0.6576534110321017,0.2984623807565816,0.08939191898931263,15.445665445665446,15.609756097560975,0.5928137840237468,,preprocessed,real,0.0,0,0,1638,410
online_shoppers_intention,363691,2,17,42,plain,0.8526463150289019,0.8707317073170732,0.6341463414634146,0.40625,0.49523809523809526,0.9566473988439307,0.5361258454265698,0.3187613213233691,0.09586057756404306,15.445665445665446,15.609756097560975,0.5900274550076574,,preprocessed,real,0.0,0,0,1638,410
online_shoppers_intention,363691,2,17,42,mixed,0.8472272398843931,0.8707317073170732,0.6410256410256411,0.390625,0.4854368932038835,0.9595375722543352,0.5333214870443352,0.32290970370009536,0.09712161370123006,15.445665445665446,15.609756097560975,0.5931271710433066,,preprocessed,real,0.0,0,0,1638,410
online_shoppers_intention,363691,2,17,42,curriculum,0.853775289017341,0.8658536585365854,0.6097560975609756,0.390625,0.47619047619047616,0.953757225433526,0.528725892577197,0.32290023558390984,0.09754170600659341,15.445665445665446,15.609756097560975,0.5924306220840663,,preprocessed,real,0.0,0,0,1638,410
online_shoppers_intention,363691,2,17,43,plain,0.8910450500045876,0.8875305623471883,0.8695652173913043,0.31746031746031744,0.46511627906976744,0.9913294797687862,0.6431977997164559,0.2878936966974959,0.08422394298012763,15.497254423428918,15.403422982885084,0.5976388439303264,,preprocessed,real,0.0,0,0,1639,409
online_shoppers_intention,363691,2,17,43,mixed,0.8930177080466097,0.8899755501222494,0.875,0.3333333333333333,0.4827586206896552,0.9913294797687862,0.6433012093858589,0.294073574658381,0.08685119966350034,15.497254423428918,15.403422982885084,0.5996755039086565,,preprocessed,real,0.0,0,0,1639,409
online_shoppers_intention,363691,2,17,43,curriculum,0.8933388384255435,0.8850855745721271,0.8636363636363636,0.30158730158730157,0.4470588235294118,0.9913294797687862,0.6335530156846425,0.29193740189844863,0.08711481282259156,15.497254423428918,15.403422982885084,0.5993914969731122,,preprocessed,real,0.0,0,0,1639,409
online_shoppers_intention,363691,2,17,44,plain,0.9258647582347004,0.8801955990220048,0.7692307692307693,0.31746031746031744,0.449438202247191,0.9826589595375722,0.681502403987325,0.27246913747538953,0.0798910408871087,15.497254423428918,15.403422982885084,0.5970633749384433,,preprocessed,real,0.0,0,0,1639,409
online_shoppers_intention,363691,2,17,44,mixed,0.926507018992568,0.8777506112469438,0.8095238095238095,0.2698412698412698,0.40476190476190477,0.9884393063583815,0.7016370224997046,0.27766917487160414,0.08172344823306468,15.497254423428918,15.403422982885084,0.5996795790269971,,preprocessed,real,0.0,0,0,1639,409
online_shoppers_intention,363691,2,17,44,curriculum,0.9265070189925682,0.8777506112469438,0.76,0.30158730158730157,0.4318181818181818,0.9826589595375722,0.6845733846084271,0.271722308873871,0.08109151733058408,15.497254423428918,15.403422982885084,0.5987405559280887,,preprocessed,real,0.0,0,0,1639,409
online_shoppers_intention,363691,2,17,45,plain,0.8714148483600932,0.8780487804878049,0.7096774193548387,0.3492063492063492,0.46808510638297873,0.9740634005763689,0.6043014480739839,0.3087838093806341,0.09275523790447565,15.506715506715507,15.365853658536585,0.5915977549739182,,preprocessed,real,0.0,0,0,1638,410
online_shoppers_intention,363691,2,17,45,mixed,0.8702712593202506,0.8804878048780488,0.71875,0.36507936507936506,0.4842105263157895,0.9740634005763689,0.603940237108493,0.31375551259260265,0.09449360500262124,15.506715506715507,15.365853658536585,0.5926960849901661,,preprocessed,real,0.0,0,0,1638,410
online_shoppers_intention,363691,2,17,45,curriculum,0.8702712593202506,0.8780487804878049,0.7096774193548387,0.3492063492063492,0.46808510638297873,0.9740634005763689,0.6035272874665508,0.3155638962452446,0.0957730630527698,15.506715506715507,15.365853658536585,0.5917055129539222,,preprocessed,real,0.0,0,0,1638,410
online_shoppers_intention,363691,2,17,46,plain,0.9190751445086706,0.8804878048780488,0.9411764705882353,0.25,0.3950617283950617,0.9971098265895953,0.7723851833707488,0.27357475820538696,0.07968688540724086,15.445665445665446,15.609756097560975,0.5903855219949037,,preprocessed,real,0.0,0,0,1638,410
online_shoppers_intention,363691,2,17,46,mixed,0.9140625,0.8658536585365854,1.0,0.140625,0.2465753424657534,1.0,0.7423540602141672,0.28439568650203156,0.08398874956024618,15.445665445665446,15.609756097560975,0.5931050340877846,,preprocessed,real,0.0,0,0,1638,410
online_shoppers_intention,363691,2,17,46,curriculum,0.9195267341040462,0.8682926829268293,1.0,0.15625,0.2702702702702703,1.0,0.7618173125792752,0.27647216033943767,0.08244559844272674,15.445665445665446,15.609756097560975,0.5936631639488041,,preprocessed,real,0.0,0,0,1638,410
online_shoppers_intention,363691,2,17,47,plain,0.9041726878612718,0.8780487804878049,0.7692307692307693,0.3125,0.4444444444444444,0.9826589595375722,0.6571200561840993,0.28449495911556094,0.08401837119603849,15.445665445665446,15.609756097560975,0.5908713151002303,,preprocessed,real,0.0,0,0,1638,410
online_shoppers_intention,363691,2,17,47,mixed,0.9055726156069364,0.8829268292682927,0.8076923076923077,0.328125,0.4666666666666667,0.9855491329479769,0.648937155558592,0.2899215258722854,0.08603434536120765,15.445665445665446,15.609756097560975,0.5927386559778824,,preprocessed,real,0.0,0,0,1638,410
online_shoppers_intention,363691,2,17,47,curriculum,0.9088692196531792,0.8780487804878049,0.75,0.328125,0.45652173913043476,0.9797687861271677,0.633999794350592,0.28603249144268467,0.08620314721092469,15.445665445665446,15.609756097560975,0.5930376789765432,,preprocessed,real,0.0,0,0,1638,410
online_shoppers_intention,363691,2,17,48,plain,0.8884301312046976,0.8704156479217604,0.6785714285714286,0.30158730158730157,0.4175824175824176,0.9739884393063584,0.5640151231544968,0.3117982858166519,0.09478716539506046,15.497254423428918,15.403422982885084,0.5983996560098603,,preprocessed,real,0.0,0,0,1639,409
online_shoppers_intention,363691,2,17,48,mixed,0.8854940820258739,0.8679706601466992,0.6666666666666666,0.2857142857142857,0.4,0.9739884393063584,0.5776178778613942,0.31429542341831146,0.09548931703854764,15.497254423428918,15.403422982885084,0.5994454979663715,,preprocessed,real,0.0,0,0,1639,409
online_shoppers_intention,363691,2,17,48,curriculum,0.8888888888888888,0.8655256723716381,0.6538461538461539,0.2698412698412698,0.38202247191011235,0.9739884393063584,0.5717231215377957,0.31576088881541087,0.09635703861711781,15.497254423428918,15.403422982885084,0.5993964010849595,,preprocessed,real,0.0,0,0,1639,409
online_shoppers_intention,363691,2,17,49,plain,0.8840719332048812,0.8679706601466992,0.6451612903225806,0.31746031746031744,0.425531914893617,0.9682080924855492,0.558615639770679,0.2985801302680518,0.08916032564747357,15.497254423428918,15.403422982885084,0.5982643481111154,,preprocessed,real,0.0,0,0,1639,409
online_shoppers_intention,363691,2,17,49,mixed,0.8813193870997339,0.8753056234718827,0.6764705882352942,0.36507936507936506,0.4742268041237113,0.9682080924855492,0.5654045451820597,0.3028729743781802,0.09055098266932422,15.497254423428918,15.403422982885084,0.6003220690181479,,preprocessed,real,0.0,0,0,1639,409
online_shoppers_intention,363691,2,17,49,curriculum,0.8815487659418295,0.8728606356968215,0.6571428571428571,0.36507936507936506,0.46938775510204084,0.9653179190751445,0.5443949314485589,0.3016886273703612,0.09094026876014269,15.497254423428918,15.403422982885084,0.59898599202279,,preprocessed,real,0.0,0,0,1639,409
seismic-bumps,363700,2,15,0,plain,0.7540856783676627,0.9341463414634147,0.0,0.0,0.0,1.0,0.16305381393674373,0.23325984023639337,0.059950557402655515,6.593406593406594,6.585365853658537,0.5062169069424272,,preprocessed,real,0.0,0,0,1638,410
seismic-bumps,363700,2,15,0,mixed,0.7444154337104728,0.9341463414634147,0.0,0.0,0.0,1.0,0.16353381281697713,0.2338934417498672,0.06001112378877583,6.593406593406594,6.585365853658537,0.5091876740334556,,preprocessed,real,0.0,0,0,1638,410
seismic-bumps,363700,2,15,0,curriculum,0.755632917512813,0.9341463414634147,0.0,0.0,0.0,1.0,0.181634007798868,0.22964073919153438,0.05929631552224955,6.593406593406594,6.585365853658537,0.510883025941439,,preprocessed,real,0.0,0,0,1638,410
seismic-bumps,363700,2,15,1,plain,0.7492505560390678,0.9341463414634147,0.0,0.0,0.0,1.0,0.18539832330467235,0.23273213530617015,0.05984651539565983,6.593406593406594,6.585365853658537,0.5083146080141887,,preprocessed,real,0.0,0,0,1638,410
seismic-bumps,363700,2,15,1,mixed,0.7574702639976791,0.9341463414634147,0.0,0.0,0.0,1.0,0.18536988585779626,0.2324186978366661,0.0597378591732711,6.593406593406594,6.585365853658537,0.5098780809203163,,preprocessed,real,0.0,0,0,1638,410
seismic-bumps,363700,2,15,1,curriculum,0.7716855236437482,0.9341463414634147,0.0,0.0,0.0,1.0,0.20623819955308556,0.22759564620437256,0.05895879130003311,6.593406593406594,6.585365853658537,0.5111966700060293,,preprocessed,real,0.0,0,0,1638,410
seismic-bumps,363700,2,15,2,plain,0.7709119040711729,0.9341463414634147,0.0,0.0,0.0,1.0,0.17870467237469606,0.23215258273834988,0.05973410647513267,6.593406593406594,6.585365853658537,0.5079905650345609,,preprocessed,real,0.0,0,0,1638,410
seismic-bumps,363700,2,15,2,mixed,0.7725558456628951,0.9341463414634147,0.0,0.0,0.0,1.0,0.18090715939037724,0.2319652572207799,0.05963471674498926,6.593406593406594,6.585365853658537,0.510539639974013,,preprocessed,real,0.0,0,0,1638,410
seismic-bumps,363700,2,15,2,curriculum,0.7795184218160719,0.9341463414634147,0.0,0.0,0.0,1.0,0.18881524265288308,0.227913168714376,0.05900937902784042,6.593406593406594,6.585365853658537,0.5098219329956919,,preprocessed,real,0.0,0,0,1638,410
seismic-bumps,363700,2,15,3,plain,0.7265852239674229,0.9339853300733496,0.0,0.0,0.0,1.0,0.1841441619504819,0.2325107185828693,0.059770109549012906,6.589383770591824,6.601466992665037,0.5167534779757261,,preprocessed,real,0.0,0,0,1639,409
seismic-bumps,363700,2,15,3,mixed,0.7297847585805701,0.9339853300733496,0.0,0.0,0.0,1.0,0.18560329955213026,0.23266678643799935,0.05974894522966823,6.589383770591824,6.601466992665037,0.517978225951083,,preprocessed,real,0.0,0,0,1639,409
seismic-bumps,363700,2,15,3,curriculum,0.72891215823153,0.9339853300733496,0.0,0.0,0.0,1.0,0.19243144178135274,0.22908819892955742,0.05914524729506219,6.589383770591824,6.601466992665037,0.5172852950636297,,preprocessed,real,0.0,0,0,1639,409
seismic-bumps,363700,2,15,4,plain,0.751405856117898,0.9339853300733496,0.0,0.0,0.0,1.0,0.20181135143873732,0.2312083153162339,0.05960320081338501,6.589383770591824,6.601466992665037,0.5150768120074645,,preprocessed,real,0.0,0,0,1639,409
seismic-bumps,363700,2,15,4,mixed,0.7591623036649214,0.9339853300733496,0.0,0.0,0.0,1.0,0.19590794584319568,0.2313328585268691,0.0595526645204416,6.589383770591824,6.601466992665037,0.5159874669043347,,preprocessed,real,0.0,0,0,1639,409
seismic-bumps,363700,2,15,4,curriculum,0.7575140585611789,0.9339853300733496,0.0,0.0,0.0,1.0,0.19597349722584123,0.22836995058577195,0.05918762800446584,6.589383770591824,6.601466992665037,0.5158338280161843,,preprocessed,real,0.0,0,0,1639,409
seismic-bumps,363700,2,15,5,plain,0.746156077748767,0.9341463414634147,0.0,0.0,0.0,1.0,0.17009190937238658,0.23253331323108048,0.05983611129397395,6.593406593406594,6.585365853658537,0.5078399779740721,,preprocessed,real,0.0,0,0,1638,410
seismic-bumps,363700,2,15,5,mixed,0.743448409244754,0.9341463414634147,0.0,0.0,0.0,1.0,0.1682915792532735,0.23302759962924263,0.05991540449419991,6.593406593406594,6.585365853658537,0.5115358019247651,,preprocessed,real,0.0,0,0,1638,410
seismic-bumps,363700,2,15,5,curriculum,0.7397737162750218,0.9341463414634147,0.0,0.0,0.0,1.0,0.1670643058066022,0.22922894606648822,0.05929408608210167,6.593406593406594,6.585365853658537,0.5097225019708276,,preprocessed,real,0.0,0,0,1638,410
seismic-bumps,363700,2,15,6,plain,0.7876414273281114,0.9341463414634147,0.0,0.0,0.0,1.0,0.17359061043507149,0.23150169518781819,0.059703263300410356,6.593406593406594,6.585365853658537,0.5085958059644327,,preprocessed,real,0.0,0,0,1638,410
seismic-bumps,363700,2,15,6,mixed,0.7839667343583792,0.9341463414634147,0.0,0.0,0.0,1.0,0.1687310569420422,0.23242791327236614,0.05987637793920873,6.593406593406594,6.585365853658537,0.511318797012791,,preprocessed,real,0.0,0,0,1638,410
seismic-bumps,363700,2,15,6,curriculum,0.7914128227444154,0.9341463414634147,0.0,0.0,0.0,1.0,0.18292445359617296,0.22745148709373333,0.05902216821872872,6.593406593406594,6.585365853658537,0.509696712018922,,preprocessed,real,0.0,0,0,1638,410
seismic-bumps,363700,2,15,7,plain,0.633981239725365,0.9341463414634147,0.0,0.0,0.0,1.0,0.09844343855605445,0.2400901221626587,0.06135598734636556,6.593406593406594,6.585365853658537,0.50781158299651,,preprocessed,real,0.0,0,0,1638,410
seismic-bumps,363700,2,15,7,mixed,0.6395899816265351,0.9341463414634147,0.0,0.0,0.0,1.0,0.09968201334887333,0.2409469798400875,0.06160831385685661,6.593406593406594,6.585365853658537,0.511179315042682,,preprocessed,real,0.0,0,0,1638,410
seismic-bumps,363700,2,15,7,curriculum,0.6459723431002804,0.9341463414634147,0.0,0.0,0.0,1.0,0.10487700600708187,0.238426248361211,0.061198402180909675,6.593406593406594,6.585365853658537,0.5100542979780585,,preprocessed,real,0.0,0,0,1638,410
seismic-bumps,363700,2,15,8,plain,0.7881520263719217,0.9339853300733496,0.0,0.0,0.0,1.0,0.31201093328266044,0.22856423146780613,0.0589258580622379,6.589383770591824,6.601466992665037,0.5130204330198467,,preprocessed,real,0.0,0,0,1639,409
seismic-bumps,363700,2,15,8,mixed,0.789800271475664,0.9339853300733496,0.0,0.0,0.0,1.0,0.30574053851935173,0.22714980716265878,0.05842214487204773,6.589383770591824,6.601466992665037,0.5156818679533899,,preprocessed,real,0.0,0,0,1639,409
seismic-bumps,363700,2,15,8,curriculum,0.7958115183246073,0.9339853300733496,0.0,0.0,0.0,1.0,0.3116646824795948,0.2237445977463006,0.05800296570324164,6.589383770591824,6.601466992665037,0.5148472830187529,,preprocessed,real,0.0,0,0,1639,409
seismic-bumps,363700,2,15,9,plain,0.7929028504944734,0.9339853300733496,0.0,0.0,0.0,1.0,0.1893629501731703,0.23187201104986582,0.0597217563443769,6.589383770591824,6.601466992665037,0.5141601850045845,,preprocessed,real,0.0,0,0,1639,409
seismic-bumps,363700,2,15,9,mixed,0.7980414969943765,0.9339853300733496,0.0,0.0,0.0,1.0,0.1922876281731915,0.2316539796856678,0.05959035265765395,6.589383770591824,6.601466992665037,0.516464333049953,,preprocessed,real,0.0,0,0,1639,409
seismic-bumps,363700,2,15,9,curriculum,0.8068644560791156,0.9339853300733496,0.0,0.0,0.0,1.0,0.19930187313473813,0.22712035890284205,0.0588852346724313,6.589383770591824,6.601466992665037,0.5155304829822853,,preprocessed,real,0.0,0,0,1639,409
seismic-bumps,363700,2,15,10,plain,0.7479934242336331,0.9341463414634147,0.0,0.0,0.0,1.0,0.21475412578244665,0.23139934705502077,0.05948501111301843,6.593406593406594,6.585365853658537,0.508705357904546,,preprocessed,real,0.0,0,0,1638,410
seismic-bumps,363700,2,15,10,mixed,0.7501208780582149,0.9341463414634147,0.0,0.0,0.0,1.0,0.21472095482559725,0.2310407200346803,0.059275453699025954,6.593406593406594,6.585365853658537,0.5116850669728592,,preprocessed,real,0.0,0,0,1638,410
seismic-bumps,363700,2,15,10,curriculum,0.7510879025239339,0.9341463414634147,0.0,0.0,0.0,1.0,0.21798926423217085,0.22818053848207312,0.058948606656540836,6.593406593406594,6.585365853658537,0.5095225919503719,,preprocessed,real,0.0,0,0,1638,410
seismic-bumps,363700,2,15,11,plain,0.7684943429068755,0.9341463414634147,0.0,0.0,0.0,1.0,0.22410892300004098,0.23224544296360491,0.059685952172847306,6.593406593406594,6.585365853658537,0.5092118900502101,,preprocessed,real,0.0,0,0,1638,410
seismic-bumps,363700,2,15,11,mixed,0.7702349869451697,0.9341463414634147,0.0,0.0,0.0,1.0,0.21594679855140556,0.2322493209048834,0.059595144914583925,6.593406593406594,6.585365853658537,0.5120311370119452,,preprocessed,real,0.0,0,0,1638,410
seismic-bumps,363700,2,15,11,curriculum,0.7778744802243496,0.9341463414634147,0.0,0.0,0.0,1.0,0.2363904500734079,0.22767338389225117,0.05884135787755629,6.593406593406594,6.585365853658537,0.5098919889423996,,preprocessed,real,0.0,0,0,1638,410
seismic-bumps,363700,2,15,12,plain,0.7270089933275312,0.9341463414634147,0.0,0.0,0.0,1.0,0.17197382207343087,0.2325873468169704,0.05976359705031094,6.593406593406594,6.585365853658537,0.5073292750166729,,preprocessed,real,0.0,0,0,1638,410
seismic-bumps,363700,2,15,12,mixed,0.7335847596944203,0.9341463414634147,0.0,0.0,0.0,1.0,0.17244465469340392,0.23278217723837238,0.059745783365219435,6.593406593406594,6.585365853658537,0.5123746829340234,,preprocessed,real,0.0,0,0,1638,410
seismic-bumps,363700,2,15,12,curriculum,0.738613286916159,0.9341463414634147,0.0,0.0,0.0,1.0,0.18074734448988602,0.22862797722385308,0.05905530836551598,6.593406593406594,6.585365853658537,0.5095115710282698,,preprocessed,real,0.0,0,0,1638,410
seismic-bumps,363700,2,15,13,plain,0.7234826449486135,0.9339853300733496,0.0,0.0,0.0,1.0,0.1577093422325353,0.23398071302021017,0.06021105259815837,6.589383770591824,6.601466992665037,0.5136041709920391,,preprocessed,real,0.0,0,0,1639,409
seismic-bumps,363700,2,15,13,mixed,0.723676556137289,0.9339853300733496,0.0,0.0,0.0,1.0,0.1564690077555552,0.23447640283627116,0.06031717242850938,6.589383770591824,6.601466992665037,0.5165883239824325,,preprocessed,real,0.0,0,0,1639,409
seismic-bumps,363700,2,15,13,curriculum,0.7303664921465969,0.9339853300733496,0.0,0.0,0.0,1.0,0.16127656974960197,0.23106492299319298,0.059774292276532824,6.589383770591824,6.601466992665037,0.5155558510450646,,preprocessed,real,0.0,0,0,1639,409
seismic-bumps,363700,2,15,14,plain,0.7788442893154935,0.9339853300733496,0.0,0.0,0.0,1.0,0.17520155117665867,0.23201783980638288,0.05984407412059835,6.589383770591824,6.601466992665037,0.5147799811093137,,preprocessed,real,0.0,0,0,1639,409
seismic-bumps,363700,2,15,14,mixed,0.783304246655032,0.9339853300733496,0.0,0.0,0.0,1.0,0.1718874341379425,0.2320812083563762,0.059835999980984086,6.589383770591824,6.601466992665037,0.5165195979643613,,preprocessed,real,0.0,0,0,1639,409
seismic-bumps,363700,2,15,14,curriculum,0.7890246267209617,0.9339853300733496,0.0,0.0,0.0,1.0,0.1852293592139596,0.22721353829413674,0.059005561577596025,6.589383770591824,6.601466992665037,0.5155043940758333,,preprocessed,real,0.0,0,0,1639,409
seismic-bumps,363700,2,15,15,plain,0.7476066144473454,0.9341463414634147,0.0,0.0,0.0,1.0,0.16554164482120348,0.23321385924029014,0.059945092263262584,6.593406593406594,6.585365853658537,0.5075868270359933,,preprocessed,real,0.0,0,0,1638,410
seismic-bumps,363700,2,15,15,mixed,0.7549560003868097,0.9341463414634147,0.0,0.0,0.0,1.0,0.16822668740779892,0.23297303939299646,0.059882624702592056,6.593406593406594,6.585365853658537,0.5119075890397653,,preprocessed,real,0.0,0,0,1638,410
seismic-bumps,363700,2,15,15,curriculum,0.7562131321922445,0.9341463414634147,0.0,0.0,0.0,1.0,0.16919419305356503,0.22952533763113633,0.05934907556798734,6.593406593406594,6.585365853658537,0.5097003710689023,,preprocessed,real,0.0,0,0,1638,410
seismic-bumps,363700,2,15,16,plain,0.719562904941495,0.9341463414634147,0.0,0.0,0.0,1.0,0.14723317616439094,0.23372651374043904,0.06011455036092412,6.593406593406594,6.585365853658537,0.5095517688896507,,preprocessed,real,0.0,0,0,1638,410
seismic-bumps,363700,2,15,16,mixed,0.7140508654868968,0.9341463414634147,0.0,0.0,0.0,1.0,0.14582931275171254,0.234764706969823,0.06030417750994182,6.593406593406594,6.585365853658537,0.510557099012658,,preprocessed,real,0.0,0,0,1638,410
seismic-bumps,363700,2,15,16,curriculum,0.7253650517358089,0.9341463414634147,0.0,0.0,0.0,1.0,0.15943614701153191,0.23040890654756332,0.05954685884824836,6.593406593406594,6.585365853658537,0.5102835729485378,,preprocessed,real,0.0,0,0,1638,410
seismic-bumps,363700,2,15,17,plain,0.7390000967024466,0.9341463414634147,0.0,0.0,0.0,1.0,0.18922421243919751,0.2331557587731202,0.059897265944434536,6.593406593406594,6.585365853658537,0.5096775979036465,,preprocessed,real,0.0,0,0,1638,410
seismic-bumps,363700,2,15,17,mixed,0.7377429648970119,0.9341463414634147,0.0,0.0,0.0,1.0,0.17187177282880411,0.23324651585599845,0.05988649978380485,6.593406593406594,6.585365853658537,0.511889333021827,,preprocessed,real,0.0,0,0,1638,410
seismic-bumps,363700,2,15,17,curriculum,0.7408374431873126,0.9341463414634147,0.0,0.0,0.0,1.0,0.19366671236981378,0.22963456048080105,0.05931773018769853,6.593406593406594,6.585365853658537,0.5103850910672918,,preprocessed,real,0.0,0,0,1638,410
seismic-bumps,363700,2,15,18,plain,0.7328873375993794,0.9339853300733496,0.0,0.0,0.0,1.0,0.13800770200669193,0.23415280121627152,0.06031752675448957,6.589383770591824,6.601466992665037,0.513604159001261,,preprocessed,real,0.0,0,0,1639,409
seismic-bumps,363700,2,15,18,mixed,0.74297071941051,0.9339853300733496,0.0,0.0,0.0,1.0,0.14131236758394788,0.23462533650937006,0.06042170445921389,6.589383770591824,6.601466992665037,0.5162815710064024,,preprocessed,real,0.0,0,0,1639,409
seismic-bumps,363700,2,15,18,curriculum,0.7500484777971689,0.9339853300733496,0.0,0.0,0.0,1.0,0.14440065606928076,0.23096555750547243,0.059881477954585136,6.589383770591824,6.601466992665037,0.5157990209991112,,preprocessed,real,0.0,0,0,1639,409
seismic-bumps,363700,2,15,19,plain,0.8089974791545472,0.9339853300733496,0.0,0.0,0.0,1.0,0.3563152144168916,0.22894824663911092,0.05902121657003838,6.589383770591824,6.601466992665037,0.5140694340225309,,preprocessed,real,0.0,0,0,1639,409
seismic-bumps,363700,2,15,19,mixed,0.8058949001357378,0.9339853300733496,0.0,0.0,0.0,1.0,0.3344692225765597,0.2280757592661262,0.058601040822481396,6.589383770591824,6.601466992665037,0.5164703759364784,,preprocessed,real,0.0,0,0,1639,409
seismic-bumps,363700,2,15,19,curriculum,0.8135543920884234,0.9339853300733496,0.0,0.0,0.0,1.0,0.37300129046973785,0.22378910769989932,0.057982678492312124,6.589383770591824,6.601466992665037,0.5156920910812914,,preprocessed,real,0.0,0,0,1639,409
seismic-bumps,363700,2,15,20,plain,0.7601779325016923,0.9341463414634147,0.0,0.0,0.0,1.0,0.17315685175949286,0.2311074296716684,0.05950694413149076,6.593406593406594,6.585365853658537,0.5093622390413657,,preprocessed,real,0.0,0,0,1638,410
seismic-bumps,363700,2,15,20,mixed,0.7576636688908229,0.9341463414634147,0.0,0.0,0.0,1.0,0.17263620585684147,0.23185826746702334,0.05958040275402873,6.593406593406594,6.585365853658537,0.5123833669349551,,preprocessed,real,0.0,0,0,1638,410
seismic-bumps,363700,2,15,20,curriculum,0.761435064307127,0.9341463414634147,0.0,0.0,0.0,1.0,0.17918067451532477,0.22754466236171125,0.05886374182540885,6.593406593406594,6.585365853658537,0.5120005040662363,,preprocessed,real,0.0,0,0,1638,410
seismic-bumps,363700,2,15,21,plain,0.7353254037327144,0.9341463414634147,0.0,0.0,0.0,1.0,0.1866104097327365,0.23273250596545877,0.059731134403397904,6.593406593406594,6.585365853658537,0.508128633024171,,preprocessed,real,0.0,0,0,1638,410
seismic-bumps,363700,2,15,21,mixed,0.7385165844695871,0.9341463414634147,0.0,0.0,0.0,1.0,0.17817806985151788,0.23313064205954054,0.0597691251116245,6.593406593406594,6.585365853658537,0.512959498912096,,preprocessed,real,0.0,0,0,1638,410
seismic-bumps,363700,2,15,21,curriculum,0.7463494826419107,0.9341463414634147,0.0,0.0,0.0,1.0,0.2186696667434114,0.22877338301247727,0.05899831204016111,6.593406593406594,6.585365853658537,0.5109596409602091,,preprocessed,real,0.0,0,0,1638,410
seismic-bumps,363700,2,15,22,plain,0.7002224156271154,0.9341463414634147,0.0,0.0,0.0,1.0,0.13539509209754075,0.2354920727103456,0.06040712998724436,6.593406593406594,6.585365853658537,0.5086777160177007,,preprocessed,real,0.0,0,0,1638,410
seismic-bumps,363700,2,15,22,mixed,0.7145343777197564,0.9341463414634147,0.0,0.0,0.0,1.0,0.14323941909593255,0.2353484548347968,0.060372037169354104,6.593406593406594,6.585365853658537,0.5101519259624183,,preprocessed,real,0.0,0,0,1638,410
seismic-bumps,363700,2,15,22,curriculum,0.7165651290977662,0.9341463414634147,0.0,0.0,0.0,1.0,0.1489750151654389,0.23187474103621494,0.05982940721615134,6.593406593406594,6.585365853658537,0.5119553279364482,,preprocessed,real,0.0,0,0,1638,410
seismic-bumps,363700,2,15,23,plain,0.7994958309094434,0.9339853300733496,0.0,0.0,0.0,1.0,0.20723533214418163,0.23059985709920405,0.05952244287026536,6.589383770591824,6.601466992665037,0.5165251470170915,,preprocessed,real,0.0,0,0,1639,409
seismic-bumps,363700,2,15,23,mixed,0.7965871630793097,0.9339853300733496,0.0,0.0,0.0,1.0,0.2008274888670107,0.23059964372661088,0.05944103556264054,6.589383770591824,6.601466992665037,0.5185352230910212,,preprocessed,real,0.0,0,0,1639,409
seismic-bumps,363700,2,15,23,curriculum,0.8061857669187511,0.9339853300733496,0.0,0.0,0.0,1.0,0.21449392871244627,0.22584195402552676,0.058690338597537736,6.589383770591824,6.601466992665037,0.5168934920802712,,preprocessed,real,0.0,0,0,1639,409
seismic-bumps,363700,2,15,24,plain,0.7676943959666472,0.9339853300733496,0.0,0.0,0.0,1.0,0.22557386172959118,0.23123986334566918,0.059602867499447224,6.589383770591824,6.601466992665037,0.5148886820534244,,preprocessed,real,0.0,0,0,1639,409
seismic-bumps,363700,2,15,24,mixed,0.7740934651929416,0.9339853300733496,0.0,0.0,0.0,1.0,0.2311395950664185,0.23039793433184594,0.05932434422652133,6.589383770591824,6.601466992665037,0.5191067339619622,,preprocessed,real,0.0,0,0,1639,409
seismic-bumps,363700,2,15,24,curriculum,0.7735117316269149,0.9339853300733496,0.0,0.0,0.0,1.0,0.2210053667848436,0.2273655309689433,0.05897218540378073,6.589383770591824,6.601466992665037,0.5149800319923088,,preprocessed,real,0.0,0,0,1639,409
seismic-bumps,363700,2,15,25,plain,0.7442220288173291,0.9341463414634147,0.0,0.0,0.0,1.0,0.17381666846494076,0.23140571822671416,0.059563583945014174,6.593406593406594,6.585365853658537,0.5089372239308432,,preprocessed,real,0.0,0,0,1638,410
seismic-bumps,363700,2,15,25,mixed,0.7452857557296199,0.9341463414634147,0.0,0.0,0.0,1.0,0.16857254167030825,0.23174878811169128,0.059564000243570364,6.593406593406594,6.585365853658537,0.5119397030211985,,preprocessed,real,0.0,0,0,1638,410
seismic-bumps,363700,2,15,25,curriculum,0.7516681172033651,0.9341463414634147,0.0,0.0,0.0,1.0,0.18309867986267545,0.22752623241577077,0.05885425900665886,6.593406593406594,6.585365853658537,0.5098194930469617,,preprocessed,real,0.0,0,0,1638,410
seismic-bumps,363700,2,15,26,plain,0.772749250556039,0.9341463414634147,0.0,0.0,0.0,1.0,0.19974870880364579,0.23093377698958345,0.05941325515076948,6.593406593406594,6.585365853658537,0.5090841670753434,,preprocessed,real,0.0,0,0,1638,410
seismic-bumps,363700,2,15,26,mixed,0.7775843728846339,0.9341463414634147,0.0,0.0,0.0,1.0,0.20023098947466916,0.23091463022542955,0.05929602834272209,6.593406593406594,6.585365853658537,0.5117000020109117,,preprocessed,real,0.0,0,0,1638,410
seismic-bumps,363700,2,15,26,curriculum,0.7793250169229283,0.9341463414634147,0.0,0.0,0.0,1.0,0.20747015575692296,0.22715810812955392,0.05873180491878628,6.593406593406594,6.585365853658537,0.5100750779965892,,preprocessed,real,0.0,0,0,1638,410
seismic-bumps,363700,2,15,27,plain,0.7174354511169132,0.9341463414634147,0.0,0.0,0.0,1.0,0.1907076147316472,0.2336902906559523,0.059947245311474814,6.593406593406594,6.585365853658537,0.5087864689994603,,preprocessed,real,0.0,0,0,1638,410
seismic-bumps,363700,2,15,27,mixed,0.725268349289237,0.9341463414634147,0.0,0.0,0.0,1.0,0.1876240291839921,0.2335243720823513,0.05986884368465961,6.593406593406594,6.585365853658537,0.511905616032891,,preprocessed,real,0.0,0,0,1638,410
seismic-bumps,363700,2,15,27,curriculum,0.7350352963929987,0.9341463414634147,0.0,0.0,0.0,1.0,0.21283849939239768,0.22949275606361233,0.05921029211074045,6.593406593406594,6.585365853658537,0.5094876439543441,,preprocessed,real,0.0,0,0,1638,410
seismic-bumps,363700,2,15,28,plain,0.7834981578437076,0.9339853300733496,0.0,0.0,0.0,1.0,0.1987654316589065,0.23090455322791262,0.05956308133155437,6.589383770591824,6.601466992665037,0.5142066370462999,,preprocessed,real,0.0,0,0,1639,409
seismic-bumps,363700,2,15,28,mixed,0.7738025984099283,0.9339853300733496,0.0,0.0,0.0,1.0,0.19764865722212785,0.2307928062919815,0.059454139105367024,6.589383770591824,6.601466992665037,0.516619602101855,,preprocessed,real,0.0,0,0,1639,409
seismic-bumps,363700,2,15,28,curriculum,0.7802986232305604,0.9339853300733496,0.0,0.0,0.0,1.0,0.20551193942537405,0.22646896715898354,0.058780716705772174,6.589383770591824,6.601466992665037,0.5155122650321573,,preprocessed,real,0.0,0,0,1639,409
seismic-bumps,363700,2,15,29,plain,0.7379290285049447,0.9339853300733496,0.0,0.0,0.0,1.0,0.14801830850914457,0.23411397725452399,0.06024145009916854,6.589383770591824,6.601466992665037,0.5143251430708915,,preprocessed,real,0.0,0,0,1639,409
seismic-bumps,363700,2,15,29,mixed,0.7388985844483226,0.9339853300733496,0.0,0.0,0.0,1.0,0.1438142279052016,0.2347446776673156,0.06038367251551635,6.589383770591824,6.601466992665037,0.517805895069614,,preprocessed,real,0.0,0,0,1639,409
seismic-bumps,363700,2,15,29,curriculum,0.7440372309482256,0.9339853300733496,0.0,0.0,0.0,1.0,0.15025577562135986,0.23105907845844104,0.059806309135029156,6.589383770591824,6.601466992665037,0.5165902909357101,,preprocessed,real,0.0,0,0,1639,409
seismic-bumps,363700,2,15,30,plain,0.7082487186925829,0.9341463414634147,0.0,0.0,0.0,1.0,0.14322972451259153,0.2346221344737129,0.06021931590081172,6.593406593406594,6.585365853658537,0.5087365410290658,,preprocessed,real,0.0,0,0,1638,410
seismic-bumps,363700,2,15,30,mixed,0.7104728749637366,0.9341463414634147,0.0,0.0,0.0,1.0,0.14720590073940454,0.23485482948899417,0.0602697278227945,6.593406593406594,6.585365853658537,0.5124037860659882,,preprocessed,real,0.0,0,0,1638,410
seismic-bumps,363700,2,15,30,curriculum,0.7097959578377333,0.9341463414634147,0.0,0.0,0.0,1.0,0.1528683721779105,0.23156970074257713,0.05973029913922635,6.593406593406594,6.585365853658537,0.5099715889664367,,preprocessed,real,0.0,0,0,1638,410
seismic-bumps,363700,2,15,31,plain,0.7700415820520259,0.9341463414634147,0.0,0.0,0.0,1.0,0.18749337343604522,0.2318977058724543,0.05969194920949955,6.593406593406594,6.585365853658537,0.5079752099700272,,preprocessed,real,0.0,0,0,1638,410
seismic-bumps,363700,2,15,31,mixed,0.7653998646165748,0.9341463414634147,0.0,0.0,0.0,1.0,0.17912113561272808,0.23240366997288833,0.059751583614339014,6.593406593406594,6.585365853658537,0.5128950009820983,,preprocessed,real,0.0,0,0,1638,410
seismic-bumps,363700,2,15,31,curriculum,0.7704283918383135,0.9341463414634147,0.0,0.0,0.0,1.0,0.19405557850869484,0.22786277319694595,0.05896840110562804,6.593406593406594,6.585365853658537,0.5106681910110638,,preprocessed,real,0.0,0,0,1638,410
seismic-bumps,363700,2,15,32,plain,0.7871579150952518,0.9341463414634147,0.0,0.0,0.0,1.0,0.20162364376090505,0.23218928345379758,0.05972000849243714,6.593406593406594,6.585365853658537,0.5076149279484525,,preprocessed,real,0.0,0,0,1638,410
seismic-bumps,363700,2,15,32,mixed,0.7920897398704188,0.9341463414634147,0.0,0.0,0.0,1.0,0.2031602115469562,0.23198025836774103,0.05959201206474056,6.593406593406594,6.585365853658537,0.5133044639369473,,preprocessed,real,0.0,0,0,1638,410
seismic-bumps,363700,2,15,32,curriculum,0.802243496760468,0.9341463414634147,0.0,0.0,0.0,1.0,0.21804676234306444,0.22722511072953433,0.058852802715010456,6.593406593406594,6.585365853658537,0.5096578500233591,,preprocessed,real,0.0,0,0,1638,410
seismic-bumps,363700,2,15,33,plain,0.7597440372309483,0.9339853300733496,0.0,0.0,0.0,1.0,0.20761040363330072,0.23009939070137955,0.0593345332665996,6.589383770591824,6.601466992665037,0.5137238779570907,,preprocessed,real,0.0,0,0,1639,409
seismic-bumps,363700,2,15,33,mixed,0.760325770796975,0.9339853300733496,0.0,0.0,0.0,1.0,0.21065226889718822,0.2301946642028132,0.059213827758750066,6.589383770591824,6.601466992665037,0.5168537860736251,,preprocessed,real,0.0,0,0,1639,409
seismic-bumps,363700,2,15,33,curriculum,0.768276129532674,0.9339853300733496,0.0,0.0,0.0,1.0,0.2113508540647091,0.22708118171241176,0.05883969537105136,6.589383770591824,6.601466992665037,0.5156452039955184,,preprocessed,real,0.0,0,0,1639,409
seismic-bumps,363700,2,15,34,plain,0.7298817141749079,0.9339853300733496,0.0,0.0,0.0,1.0,0.16745986562842624,0.23334843624611915,0.060021086145685715,6.589383770591824,6.601466992665037,0.5142291039228439,,preprocessed,real,0.0,0,0,1639,409
seismic-bumps,363700,2,15,34,mixed,0.7324995152220283,0.9339853300733496,0.0,0.0,0.0,1.0,0.16820634852877828,0.23354567363505618,0.060011919414077276,6.589383770591824,6.601466992665037,0.5179078381042928,,preprocessed,real,0.0,0,0,1639,409
seismic-bumps,363700,2,15,34,curriculum,0.7343416715144464,0.9339853300733496,0.0,0.0,0.0,1.0,0.1705675235086038,0.2296228432902729,0.0593678578176862,6.589383770591824,6.601466992665037,0.5169885979266837,,preprocessed,real,0.0,0,0,1639,409
seismic-bumps,363700,2,15,35,plain,0.7279760177932502,0.9341463414634147,0.0,0.0,0.0,1.0,0.15983057022628597,0.23368953207390555,0.06005219845090431,6.593406593406594,6.585365853658537,0.5086848579812795,,preprocessed,real,0.0,0,0,1638,410
seismic-bumps,363700,2,15,35,mixed,0.747123102214486,0.9341463414634147,0.0,0.0,0.0,1.0,0.1632476687788993,0.23343285583157322,0.059992612683611515,6.593406593406594,6.585365853658537,0.5117103209486231,,preprocessed,real,0.0,0,0,1638,410
seismic-bumps,363700,2,15,35,curriculum,0.748090126680205,0.9341463414634147,0.0,0.0,0.0,1.0,0.1769323064199964,0.2295012564305306,0.05930502174397066,6.593406593406594,6.585365853658537,0.5097912969067693,,preprocessed,real,0.0,0,0,1638,410
seismic-bumps,363700,2,15,36,plain,0.714824485059472,0.9341463414634147,0.0,0.0,0.0,1.0,0.14395739587218548,0.23494087708425243,0.0603140046611623,6.593406593406594,6.585365853658537,0.5088486770400777,,preprocessed,real,0.0,0,0,1638,410
seismic-bumps,363700,2,15,36,mixed,0.7235277052509428,0.9341463414634147,0.0,0.0,0.0,1.0,0.14248348297983515,0.23575342843630392,0.06054366644535589,6.593406593406594,6.585365853658537,0.5105604029959068,,preprocessed,real,0.0,0,0,1638,410
seismic-bumps,363700,2,15,36,curriculum,0.7287496373658253,0.9341463414634147,0.0,0.0,0.0,1.0,0.14999830368585465,0.23127490765907022,0.059755253253162194,6.593406593406594,6.585365853658537,0.5116825340082869,,preprocessed,real,0.0,0,0,1638,410
seismic-bumps,363700,2,15,37,plain,0.8049511652644813,0.9341463414634147,0.0,0.0,0.0,1.0,0.26968810422914413,0.22860879072982176,0.05892045937087185,6.593406593406594,6.585365853658537,0.5080217990325764,,preprocessed,real,0.0,0,0,1638,410
seismic-bumps,363700,2,15,37,mixed,0.7973116719853012,0.9341463414634147,0.0,0.0,0.0,1.0,0.27551537813003585,0.2280615283278671,0.058623758463348254,6.593406593406594,6.585365853658537,0.5107159429462627,,preprocessed,real,0.0,0,0,1638,410
seismic-bumps,363700,2,15,37,curriculum,0.8002127453824581,0.9341463414634147,0.0,0.0,0.0,1.0,0.27361174398726795,0.22418200095957294,0.058047259477115976,6.593406593406594,6.585365853658537,0.5116549630183727,,preprocessed,real,0.0,0,0,1638,410
seismic-bumps,363700,2,15,38,plain,0.7901880938530154,0.9339853300733496,0.0,0.0,0.0,1.0,0.18025768747254078,0.23102336197451567,0.05967530390648147,6.589383770591824,6.601466992665037,0.5143065809970722,,preprocessed,real,0.0,0,0,1639,409
seismic-bumps,363700,2,15,38,mixed,0.7892185379096374,0.9339853300733496,0.0,0.0,0.0,1.0,0.18097045920722893,0.23128482922657198,0.059642105296096225,6.589383770591824,6.601466992665037,0.5162635969463736,,preprocessed,real,0.0,0,0,1639,409
seismic-bumps,363700,2,15,38,curriculum,0.7993988753151057,0.9339853300733496,0.0,0.0,0.0,1.0,0.18416701999845128,0.22730276136955493,0.059082303243150114,6.589383770591824,6.601466992665037,0.5160669559845701,,preprocessed,real,0.0,0,0,1639,409
seismic-bumps,363700,2,15,39,plain,0.706321504750824,0.9339853300733496,0.0,0.0,0.0,1.0,0.16967608880696927,0.2344964916861702,0.060139289676621445,6.589383770591824,6.601466992665037,0.514501767931506,,preprocessed,real,0.0,0,0,1639,409
seismic-bumps,363700,2,15,39,mixed,0.6983711460151251,0.9339853300733496,0.0,0.0,0.0,1.0,0.1666055685425207,0.23479894552805067,0.06011514389789764,6.589383770591824,6.601466992665037,0.519718918018043,,preprocessed,real,0.0,0,0,1639,409
seismic-bumps,363700,2,15,39,curriculum,0.7041884816753927,0.9339853300733496,0.0,0.0,0.0,1.0,0.1753173010837689,0.23153369981980493,0.0596173202602876,6.589383770591824,6.601466992665037,0.5174122030148283,,preprocessed,real,0.0,0,0,1639,409
seismic-bumps,363700,2,15,40,plain,0.7624020887728459,0.9341463414634147,0.0,0.0,0.0,1.0,0.22212953950742098,0.231497524290584,0.05943492102806004,6.593406593406594,6.585365853658537,0.5087062600068748,,preprocessed,real,0.0,0,0,1638,410
seismic-bumps,363700,2,15,40,mixed,0.7624020887728459,0.9341463414634147,0.0,0.0,0.0,1.0,0.2138533663348774,0.23104614415250746,0.0592078466211219,6.593406593406594,6.585365853658537,0.510353491990827,,preprocessed,real,0.0,0,0,1638,410
seismic-bumps,363700,2,15,40,curriculum,0.7706217967314573,0.9341463414634147,0.0,0.0,0.0,1.0,0.23551683089028178,0.22675867618910692,0.05851897291091439,6.593406593406594,6.585365853658537,0.512091155978851,,preprocessed,real,0.0,0,0,1638,410
seismic-bumps,363700,2,15,41,plain,0.6905521709699255,0.9341463414634147,0.0,0.0,0.0,1.0,0.14515294109860163,0.23595766878729238,0.06043806498226327,6.593406593406594,6.585365853658537,0.509794253972359,,preprocessed,real,0.0,0,0,1638,410
seismic-bumps,363700,2,15,41,mixed,0.7001257131805434,0.9341463414634147,0.0,0.0,0.0,1.0,0.1457663671062491,0.2359835593974249,0.06046181969318504,6.593406593406594,6.585365853658537,0.5098253369797021,,preprocessed,real,0.0,0,0,1638,410
seismic-bumps,363700,2,15,41,curriculum,0.7027366792379847,0.9341463414634147,0.0,0.0,0.0,1.0,0.16443310646044268,0.2319655812895951,0.05973274920017692,6.593406593406594,6.585365853658537,0.5123851849930361,,preprocessed,real,0.0,0,0,1638,410
seismic-bumps,363700,2,15,42,plain,0.7849337588240982,0.9341463414634147,0.0,0.0,0.0,1.0,0.21306974139946633,0.2299728531590157,0.059304732787145785,6.593406593406594,6.585365853658537,0.5082690429408103,,preprocessed,real,0.0,0,0,1638,410
seismic-bumps,363700,2,15,42,mixed,0.7832898172323759,0.9341463414634147,0.0,0.0,0.0,1.0,0.21962870623080913,0.22979230926503452,0.05915222758258989,6.593406593406594,6.585365853658537,0.5109821039950475,,preprocessed,real,0.0,0,0,1638,410
seismic-bumps,363700,2,15,42,curriculum,0.7829997098926602,0.9341463414634147,0.0,0.0,0.0,1.0,0.20014747194156515,0.2265005541019188,0.058704613938264164,6.593406593406594,6.585365853658537,0.5113599339965731,,preprocessed,real,0.0,0,0,1638,410
seismic-bumps,363700,2,15,43,plain,0.7707969749854566,0.9339853300733496,0.0,0.0,0.0,1.0,0.1875485740762373,0.23200932865675283,0.05978921738104604,6.589383770591824,6.601466992665037,0.514398125000298,,preprocessed,real,0.0,0,0,1639,409
seismic-bumps,363700,2,15,43,mixed,0.774869109947644,0.9339853300733496,0.0,0.0,0.0,1.0,0.18346014911746397,0.23252170397309946,0.0598625557415769,6.589383770591824,6.601466992665037,0.5171348541043699,,preprocessed,real,0.0,0,0,1639,409
seismic-bumps,363700,2,15,43,curriculum,0.7813651347682761,0.9339853300733496,0.0,0.0,0.0,1.0,0.21620910389998088,0.2278942340963376,0.059127846493746944,6.589383770591824,6.601466992665037,0.5147263309918344,,preprocessed,real,0.0,0,0,1639,409
seismic-bumps,363700,2,15,44,plain,0.7593562148535971,0.9339853300733496,0.0,0.0,0.0,1.0,0.17113993041300618,0.23199174460592148,0.05984470600470127,6.589383770591824,6.601466992665037,0.5145696949912235,,preprocessed,real,0.0,0,0,1639,409
seismic-bumps,363700,2,15,44,mixed,0.7510180337405468,0.9339853300733496,0.0,0.0,0.0,1.0,0.1663642527604362,0.23271106763904004,0.05994449631401726,6.589383770591824,6.601466992665037,0.5162344271084294,,preprocessed,real,0.0,0,0,1639,409
seismic-bumps,363700,2,15,44,curriculum,0.7592592592592592,0.9339853300733496,0.0,0.0,0.0,1.0,0.17629594000463283,0.2288508695766755,0.059345137053923705,6.589383770591824,6.601466992665037,0.5152741740457714,,preprocessed,real,0.0,0,0,1639,409
seismic-bumps,363700,2,15,45,plain,0.8082390484479257,0.9341463414634147,0.0,0.0,0.0,1.0,0.273269846245896,0.22975479533673268,0.0591823383478371,6.593406593406594,6.585365853658537,0.5086213659960777,,preprocessed,real,0.0,0,0,1638,410
seismic-bumps,363700,2,15,45,mixed,0.8144280050285272,0.9341463414634147,0.0,0.0,0.0,1.0,0.27436106575351726,0.22862027284506173,0.05881118150164653,6.593406593406594,6.585365853658537,0.5116161078913137,,preprocessed,real,0.0,0,0,1638,410
seismic-bumps,363700,2,15,45,curriculum,0.8234213325597138,0.9341463414634147,0.0,0.0,0.0,1.0,0.2945894681341326,0.22393849337741845,0.05809317206122937,6.593406593406594,6.585365853658537,0.5092174269957468,,preprocessed,real,0.0,0,0,1638,410
seismic-bumps,363700,2,15,46,plain,0.7178222609032009,0.9341463414634147,0.0,0.0,0.0,1.0,0.15963580874669542,0.23386614018289792,0.06003540085641036,6.593406593406594,6.585365853658537,0.508008042932488,,preprocessed,real,0.0,0,0,1638,410
seismic-bumps,363700,2,15,46,mixed,0.7183057731360604,0.9341463414634147,0.0,0.0,0.0,1.0,0.16053102822677895,0.23424653010360236,0.06006195217034022,6.593406593406594,6.585365853658537,0.5119987200014293,,preprocessed,real,0.0,0,0,1638,410
seismic-bumps,363700,2,15,46,curriculum,0.7213035489797892,0.9341463414634147,0.0,0.0,0.0,1.0,0.16606319315724782,0.23091911504447785,0.05954765362265575,6.593406593406594,6.585365853658537,0.5092970180558041,,preprocessed,real,0.0,0,0,1638,410
seismic-bumps,363700,2,15,47,plain,0.7175321535634852,0.9341463414634147,0.0,0.0,0.0,1.0,0.15034037726386174,0.2342031821742447,0.06012297221946139,6.593406593406594,6.585365853658537,0.5080269710160792,,preprocessed,real,0.0,0,0,1638,410
seismic-bumps,363700,2,15,47,mixed,0.7190793927086354,0.9341463414634147,0.0,0.0,0.0,1.0,0.162850933466986,0.2346446383405786,0.06016569754189747,6.593406593406594,6.585365853658537,0.5121292490512133,,preprocessed,real,0.0,0,0,1638,410
seismic-bumps,363700,2,15,47,curriculum,0.721496953872933,0.9341463414634147,0.0,0.0,0.0,1.0,0.15246508798418518,0.23128408735015765,0.05966552220562971,6.593406593406594,6.585365853658537,0.510180989978835,,preprocessed,real,0.0,0,0,1638,410
seismic-bumps,363700,2,15,48,plain,0.8078340120224937,0.9339853300733496,0.0,0.0,0.0,1.0,0.2116270966937702,0.2299639419610685,0.05941327742697211,6.589383770591824,6.601466992665037,0.5136853610165417,,preprocessed,real,0.0,0,0,1639,409
seismic-bumps,363700,2,15,48,mixed,0.8043436106263331,0.9339853300733496,0.0,0.0,0.0,1.0,0.20638207493939992,0.22997585577216942,0.05931671131442452,6.589383770591824,6.601466992665037,0.5174631349509582,,preprocessed,real,0.0,0,0,1639,409
seismic-bumps,363700,2,15,48,curriculum,0.8089974791545472,0.9339853300733496,0.0,0.0,0.0,1.0,0.2174785644418952,0.22530028809059252,0.05856726485463579,6.589383770591824,6.601466992665037,0.5149560290155932,,preprocessed,real,0.0,0,0,1639,409
seismic-bumps,363700,2,15,49,plain,0.7048671708357572,0.9339853300733496,0.0,0.0,0.0,1.0,0.14171407755798995,0.23525384529152263,0.06042713837500136,6.589383770591824,6.601466992665037,0.5147385009331629,,preprocessed,real,0.0,0,0,1639,409
seismic-bumps,363700,2,15,49,mixed,0.7103936397130115,0.9339853300733496,0.0,0.0,0.0,1.0,0.14247759735735954,0.2359547022591222,0.06060590089800293,6.589383770591824,6.601466992665037,0.5179539939854294,,preprocessed,real,0.0,0,0,1639,409
seismic-bumps,363700,2,15,49,curriculum,0.7133992631374831,0.9339853300733496,0.0,0.0,0.0,1.0,0.14975066036693266,0.23235866078272008,0.05998696803223317,6.589383770591824,6.601466992665037,0.5160355429397896,,preprocessed,real,0.0,0,0,1639,409
